{
    "haa_ma40": {
        "haa_ma40/Purity/*a_forty/event_proportion": 0.15903639352804305,
        "haa_ma40/Purity/*a_forty/event_proportion-unc": 0.00034663133355516235,
        "haa_ma40/Purity/*a_forty/event_purity": 0.3368224827001836,
        "haa_ma40/Purity/*a_forty/event_purity-unc": 0.0011233061383257585,
        "haa_ma40/Purity/*a_forty/a_forty_purity": 0.3899810572897598,
        "haa_ma40/Purity/*a_forty/a_forty_purity-unc": 0.0009729958736178516,
        "haa_ma40/Purity/0a_forty/event_proportion": 0.840963606471957,
        "haa_ma40/Purity/0a_forty/event_proportion-unc": 0.0003466313335551623,
        "haa_ma40/Purity/0a_forty/event_purity": 1.0,
        "haa_ma40/Purity/0a_forty/event_purity-unc": 0.0,
        "haa_ma40/Purity/0a_forty/a_forty_purity": 0,
        "haa_ma40/Purity/0a_forty/a_forty_purity-unc": 0,
        "haa_ma40/Purity/1a_forty/event_proportion": 0.092323310364654,
        "haa_ma40/Purity/1a_forty/event_proportion-unc": 0.00027437986184125564,
        "haa_ma40/Purity/1a_forty/event_purity": 0.416032539945118,
        "haa_ma40/Purity/1a_forty/event_purity-unc": 0.0015375641619990055,
        "haa_ma40/Purity/1a_forty/a_forty_purity": 0.416032539945118,
        "haa_ma40/Purity/1a_forty/a_forty_purity-unc": 0.0015375641619990055,
        "haa_ma40/Purity/2a_forty/event_proportion": 0.06671308316338906,
        "haa_ma40/Purity/2a_forty/event_proportion-unc": 0.00023650702913292774,
        "haa_ma40/Purity/2a_forty/event_purity": 0.22720478325859492,
        "haa_ma40/Purity/2a_forty/event_purity-unc": 0.0015376815358266959,
        "haa_ma40/Purity/2a_forty/a_forty_purity": 0.3719549145558114,
        "haa_ma40/Purity/2a_forty/a_forty_purity-unc": 0.0012541544264880922
    },
    "haa_ma30": {
        "haa_ma30/Purity/*a_thirty/event_proportion": 0.1429258035998184,
        "haa_ma30/Purity/*a_thirty/event_proportion-unc": 0.0003355188737915341,
        "haa_ma30/Purity/*a_thirty/event_purity": 0.7233406418178194,
        "haa_ma30/Purity/*a_thirty/event_purity-unc": 0.001134334702817556,
        "haa_ma30/Purity/*a_thirty/a_thirty_purity": 0.7779837522490595,
        "haa_ma30/Purity/*a_thirty/a_thirty_purity-unc": 0.0008858812592549954,
        "haa_ma30/Purity/0a_thirty/event_proportion": 0.8570741964001816,
        "haa_ma30/Purity/0a_thirty/event_proportion-unc": 0.0003355188737915341,
        "haa_ma30/Purity/0a_thirty/event_purity": 1.0,
        "haa_ma30/Purity/0a_thirty/event_purity-unc": 0.0,
        "haa_ma30/Purity/0a_thirty/a_thirty_purity": 0,
        "haa_ma30/Purity/0a_thirty/a_thirty_purity-unc": 0,
        "haa_ma30/Purity/1a_thirty/event_proportion": 0.08359202548140633,
        "haa_ma30/Purity/1a_thirty/event_proportion-unc": 0.0002653256751852556,
        "haa_ma30/Purity/1a_thirty/event_purity": 0.8061718080077395,
        "haa_ma30/Purity/1a_thirty/event_purity-unc": 0.0013106667298283588,
        "haa_ma30/Purity/1a_thirty/a_thirty_purity": 0.8061718080077395,
        "haa_ma30/Purity/1a_thirty/a_thirty_purity-unc": 0.0013106667298283588,
        "haa_ma30/Purity/2a_thirty/event_proportion": 0.05933377811841208,
        "haa_ma30/Purity/2a_thirty/event_proportion-unc": 0.00022647548595270417,
        "haa_ma30/Purity/2a_thirty/event_purity": 0.6066444668163866,
        "haa_ma30/Purity/2a_thirty/event_purity-unc": 0.001922477096426468,
        "haa_ma30/Purity/2a_thirty/a_thirty_purity": 0.7581274684426547,
        "haa_ma30/Purity/2a_thirty/a_thirty_purity-unc": 0.001191655757702181
    },
    "haa_ma60": {
        "haa_ma60/Purity/*a_sixty/event_proportion": 0.15773325447286707,
        "haa_ma60/Purity/*a_sixty/event_proportion-unc": 0.0003460946145084003,
        "haa_ma60/Purity/*a_sixty/event_purity": 0.30891069866873966,
        "haa_ma60/Purity/*a_sixty/event_purity-unc": 0.0011046642771823502,
        "haa_ma60/Purity/*a_sixty/a_sixty_purity": 0.38292510722038203,
        "haa_ma60/Purity/*a_sixty/a_sixty_purity-unc": 0.0009420229390415277,
        "haa_ma60/Purity/0a_sixty/event_proportion": 0.8422667455271329,
        "haa_ma60/Purity/0a_sixty/event_proportion-unc": 0.0003460946145084004,
        "haa_ma60/Purity/0a_sixty/event_purity": 1.0,
        "haa_ma60/Purity/0a_sixty/event_purity-unc": 0.0,
        "haa_ma60/Purity/0a_sixty/a_sixty_purity": 0,
        "haa_ma60/Purity/0a_sixty/a_sixty_purity-unc": 0,
        "haa_ma60/Purity/1a_sixty/event_proportion": 0.07539228874471209,
        "haa_ma60/Purity/1a_sixty/event_proportion-unc": 0.0002506978455371137,
        "haa_ma60/Purity/1a_sixty/event_purity": 0.40699593398708445,
        "haa_ma60/Purity/1a_sixty/event_purity-unc": 0.0016989038058154787,
        "haa_ma60/Purity/1a_sixty/a_sixty_purity": 0.40699593398708445,
        "haa_ma60/Purity/1a_sixty/a_sixty_purity-unc": 0.0016989038058154787,
        "haa_ma60/Purity/2a_sixty/event_proportion": 0.08234096572815498,
        "haa_ma60/Purity/2a_sixty/event_proportion-unc": 0.0002610099314998339,
        "haa_ma60/Purity/2a_sixty/event_purity": 0.2191027844996551,
        "haa_ma60/Purity/2a_sixty/event_purity-unc": 0.0013687410414481226,
        "haa_ma60/Purity/2a_sixty/a_sixty_purity": 0.37190535110098877,
        "haa_ma60/Purity/2a_sixty/a_sixty_purity-unc": 0.0011308738627786136
    }
}