{
    "30": {
        "classification": 0.5841807126998901,
        "segmentation": 1.3973827362060547,
        "total_loss": 1.9815634489059448
    }
}