{
    "30": {
        "classification": 0.5844666361808777,
        "segmentation": 1.397767186164856,
        "total_loss": 1.9822338223457336
    },
    "60": {
        "classification": 0.5607900023460388,
        "segmentation": 1.838259220123291,
        "total_loss": 2.39904922246933
    },
    "40": {
        "classification": 0.5740707516670227,
        "segmentation": 1.5805989503860474,
        "total_loss": 2.15466970205307
    }
}