{
    "haa_ma40": {
        "haa_ma40/Purity/*a_forty/event_proportion": 0.15903639352804305,
        "haa_ma40/Purity/*a_forty/event_proportion-unc": 0.00034663133355516235,
        "haa_ma40/Purity/*a_forty/event_purity": 0.43047027256037285,
        "haa_ma40/Purity/*a_forty/event_purity-unc": 0.0011768266099752714,
        "haa_ma40/Purity/*a_forty/a_forty_purity": 0.46361487400709955,
        "haa_ma40/Purity/*a_forty/a_forty_purity-unc": 0.0009947973627315268,
        "haa_ma40/Purity/0a_forty/event_proportion": 0.840963606471957,
        "haa_ma40/Purity/0a_forty/event_proportion-unc": 0.0003466313335551623,
        "haa_ma40/Purity/0a_forty/event_purity": 1.0,
        "haa_ma40/Purity/0a_forty/event_purity-unc": 0.0,
        "haa_ma40/Purity/0a_forty/a_forty_purity": 0,
        "haa_ma40/Purity/0a_forty/a_forty_purity-unc": 0,
        "haa_ma40/Purity/1a_forty/event_proportion": 0.092323310364654,
        "haa_ma40/Purity/1a_forty/event_proportion-unc": 0.00027437986184125564,
        "haa_ma40/Purity/1a_forty/event_purity": 0.5565167467839558,
        "haa_ma40/Purity/1a_forty/event_purity-unc": 0.0015497191685344119,
        "haa_ma40/Purity/1a_forty/a_forty_purity": 0.5565167467839558,
        "haa_ma40/Purity/1a_forty/a_forty_purity-unc": 0.0015497191685344119,
        "haa_ma40/Purity/2a_forty/event_proportion": 0.06671308316338906,
        "haa_ma40/Purity/2a_forty/event_proportion-unc": 0.00023650702913292774,
        "haa_ma40/Purity/2a_forty/event_purity": 0.2560363053636596,
        "haa_ma40/Purity/2a_forty/event_purity-unc": 0.0016015927670014337,
        "haa_ma40/Purity/2a_forty/a_forty_purity": 0.3993320674935025,
        "haa_ma40/Purity/2a_forty/a_forty_purity-unc": 0.0012708513973902268
    },
    "haa_ma60": {
        "haa_ma60/Purity/*a_sixty/event_proportion": 0.15773325447286707,
        "haa_ma60/Purity/*a_sixty/event_proportion-unc": 0.0003460946145084003,
        "haa_ma60/Purity/*a_sixty/event_purity": 0.27054479356605143,
        "haa_ma60/Purity/*a_sixty/event_purity-unc": 0.0010621006013631319,
        "haa_ma60/Purity/*a_sixty/a_sixty_purity": 0.29835432674613366,
        "haa_ma60/Purity/*a_sixty/a_sixty_purity-unc": 0.0008866673461730782,
        "haa_ma60/Purity/0a_sixty/event_proportion": 0.8422667455271329,
        "haa_ma60/Purity/0a_sixty/event_proportion-unc": 0.0003460946145084004,
        "haa_ma60/Purity/0a_sixty/event_purity": 1.0,
        "haa_ma60/Purity/0a_sixty/event_purity-unc": 0.0,
        "haa_ma60/Purity/0a_sixty/a_sixty_purity": 0,
        "haa_ma60/Purity/0a_sixty/a_sixty_purity-unc": 0,
        "haa_ma60/Purity/1a_sixty/event_proportion": 0.07539228874471209,
        "haa_ma60/Purity/1a_sixty/event_proportion-unc": 0.0002506978455371137,
        "haa_ma60/Purity/1a_sixty/event_purity": 0.3730447261420713,
        "haa_ma60/Purity/1a_sixty/event_purity-unc": 0.001672413446401659,
        "haa_ma60/Purity/1a_sixty/a_sixty_purity": 0.3730447261420713,
        "haa_ma60/Purity/1a_sixty/a_sixty_purity-unc": 0.001672413446401659,
        "haa_ma60/Purity/2a_sixty/event_proportion": 0.08234096572815498,
        "haa_ma60/Purity/2a_sixty/event_proportion-unc": 0.0002610099314998339,
        "haa_ma60/Purity/2a_sixty/event_purity": 0.1766947343063935,
        "haa_ma60/Purity/2a_sixty/event_purity-unc": 0.0012620967671454757,
        "haa_ma60/Purity/2a_sixty/a_sixty_purity": 0.26416065347597095,
        "haa_ma60/Purity/2a_sixty/a_sixty_purity-unc": 0.0010315991478153722
    },
    "haa_ma30": {
        "haa_ma30/Purity/*a_thirty/event_proportion": 0.1429258035998184,
        "haa_ma30/Purity/*a_thirty/event_proportion-unc": 0.0003355188737915341,
        "haa_ma30/Purity/*a_thirty/event_purity": 0.6634539340436065,
        "haa_ma30/Purity/*a_thirty/event_purity-unc": 0.0011981874006312624,
        "haa_ma30/Purity/*a_thirty/a_thirty_purity": 0.7201124984097559,
        "haa_ma30/Purity/*a_thirty/a_thirty_purity-unc": 0.0009569512159264542,
        "haa_ma30/Purity/0a_thirty/event_proportion": 0.8570741964001816,
        "haa_ma30/Purity/0a_thirty/event_proportion-unc": 0.0003355188737915341,
        "haa_ma30/Purity/0a_thirty/event_purity": 1.0,
        "haa_ma30/Purity/0a_thirty/event_purity-unc": 0.0,
        "haa_ma30/Purity/0a_thirty/a_thirty_purity": 0,
        "haa_ma30/Purity/0a_thirty/a_thirty_purity-unc": 0,
        "haa_ma30/Purity/1a_thirty/event_proportion": 0.08359202548140633,
        "haa_ma30/Purity/1a_thirty/event_proportion-unc": 0.0002653256751852556,
        "haa_ma30/Purity/1a_thirty/event_purity": 0.7574371715661485,
        "haa_ma30/Purity/1a_thirty/event_purity-unc": 0.0014212007596766333,
        "haa_ma30/Purity/1a_thirty/a_thirty_purity": 0.7574371715661485,
        "haa_ma30/Purity/1a_thirty/a_thirty_purity-unc": 0.0014212007596766333,
        "haa_ma30/Purity/2a_thirty/event_proportion": 0.05933377811841208,
        "haa_ma30/Purity/2a_thirty/event_proportion-unc": 0.00022647548595270417,
        "haa_ma30/Purity/2a_thirty/event_purity": 0.5310462324788973,
        "haa_ma30/Purity/2a_thirty/event_purity-unc": 0.0019639598405336834,
        "haa_ma30/Purity/2a_thirty/a_thirty_purity": 0.6938201812127314,
        "haa_ma30/Purity/2a_thirty/a_thirty_purity-unc": 0.001282620477642051
    }
}