{
    "haa_ma30": [
        0.03370046918145794,
        0.046127184284429704,
        0.060232976499363135,
        0.0841433079352625,
        0.11446595299872622
    ],
    "haa_ma40": [
        0.035850822240723314,
        0.04987827594491134,
        0.06604642170286708,
        0.0958448107432777,
        0.1271208777983233
    ],
    "haa_ma60": [
        0.03588007897088583,
        0.04746524213055908,
        0.06523663734977152,
        0.08718632242749903,
        0.11947327469954298
    ]
}