{
  "syst_jes": 0.0,
  "syst_tag": 10,
  "syst_met_px": 0.8200054168701172,
  "syst_met_py": 0.6182335019111633
}