{
    "haa_ma30": [
        0.04972317666987067,
        0.06632612671309082,
        0.08897086756995617,
        0.12729982262644376,
        0.16494146440745355
    ],
    "haa_ma40": [
        0.037028451386057544,
        0.055246467990697774,
        0.0705653160903008,
        0.10016561823787341,
        0.13564417206261234
    ],
    "haa_ma60": [
        0.03634156406804956,
        0.05024359694050303,
        0.0683964798310631,
        0.09786952456051086,
        0.12730002219288408
    ]
}