{
  "All Four True":{
    "Count":14473,
    "Total":17591,
    "Percentage":82.2750270024
  },
  "All Events":{
    "Count":14473,
    "Total":20250,
    "Percentage":71.4716049383
  }
}