{
    "30": {
        "classification": 0.4579192101955414,
        "total_loss": 0.4579192101955414
    },
    "40": {
        "classification": 0.4513024091720581,
        "total_loss": 0.4513024091720581
    }
}