{
    "30": {
        "classification": 0.4579632878303528,
        "assignment": 2.098590850830078,
        "total_loss": 2.556554138660431
    }
}