{
    "haa_ma30": {
        "haa_ma30/Purity/*a_thirty/event_proportion": 0.1429258035998184,
        "haa_ma30/Purity/*a_thirty/event_proportion-unc": 0.0003355188737915341,
        "haa_ma30/Purity/*a_thirty/event_purity": 0.7520430536176999,
        "haa_ma30/Purity/*a_thirty/event_purity-unc": 0.0010949810275115645,
        "haa_ma30/Purity/*a_thirty/a_thirty_purity": 0.8064854697126657,
        "haa_ma30/Purity/*a_thirty/a_thirty_purity-unc": 0.0008420791905580414,
        "haa_ma30/Purity/0a_thirty/event_proportion": 0.8570741964001816,
        "haa_ma30/Purity/0a_thirty/event_proportion-unc": 0.0003355188737915341,
        "haa_ma30/Purity/0a_thirty/event_purity": 1.0,
        "haa_ma30/Purity/0a_thirty/event_purity-unc": 0.0,
        "haa_ma30/Purity/0a_thirty/a_thirty_purity": 0,
        "haa_ma30/Purity/0a_thirty/a_thirty_purity-unc": 0,
        "haa_ma30/Purity/1a_thirty/event_proportion": 0.08359202548140633,
        "haa_ma30/Purity/1a_thirty/event_proportion-unc": 0.0002653256751852556,
        "haa_ma30/Purity/1a_thirty/event_purity": 0.8383610738550163,
        "haa_ma30/Purity/1a_thirty/event_purity-unc": 0.0012205583062171084,
        "haa_ma30/Purity/1a_thirty/a_thirty_purity": 0.8383610738550163,
        "haa_ma30/Purity/1a_thirty/a_thirty_purity-unc": 0.0012205583062171084,
        "haa_ma30/Purity/2a_thirty/event_proportion": 0.05933377811841208,
        "haa_ma30/Purity/2a_thirty/event_proportion-unc": 0.00022647548595270417,
        "haa_ma30/Purity/2a_thirty/event_purity": 0.6304344459072253,
        "haa_ma30/Purity/2a_thirty/event_purity-unc": 0.0018996217442360465,
        "haa_ma30/Purity/2a_thirty/a_thirty_purity": 0.78403159606598,
        "haa_ma30/Purity/2a_thirty/a_thirty_purity-unc": 0.0011451129241462563
    },
    "haa_ma40": {
        "haa_ma40/Purity/*a_forty/event_proportion": 0.15903639352804305,
        "haa_ma40/Purity/*a_forty/event_proportion-unc": 0.00034663133355516235,
        "haa_ma40/Purity/*a_forty/event_purity": 0.6621550628442311,
        "haa_ma40/Purity/*a_forty/event_purity-unc": 0.0011241422171143357,
        "haa_ma40/Purity/*a_forty/a_forty_purity": 0.72291112844431,
        "haa_ma40/Purity/*a_forty/a_forty_purity-unc": 0.0008928316533810879,
        "haa_ma40/Purity/0a_forty/event_proportion": 0.840963606471957,
        "haa_ma40/Purity/0a_forty/event_proportion-unc": 0.0003466313335551623,
        "haa_ma40/Purity/0a_forty/event_purity": 1.0,
        "haa_ma40/Purity/0a_forty/event_purity-unc": 0.0,
        "haa_ma40/Purity/0a_forty/a_forty_purity": 0,
        "haa_ma40/Purity/0a_forty/a_forty_purity-unc": 0,
        "haa_ma40/Purity/1a_forty/event_proportion": 0.092323310364654,
        "haa_ma40/Purity/1a_forty/event_proportion-unc": 0.00027437986184125564,
        "haa_ma40/Purity/1a_forty/event_purity": 0.7436214312126579,
        "haa_ma40/Purity/1a_forty/event_purity-unc": 0.0013620469621261652,
        "haa_ma40/Purity/1a_forty/a_forty_purity": 0.7436214312126579,
        "haa_ma40/Purity/1a_forty/a_forty_purity-unc": 0.0013620469621261652,
        "haa_ma40/Purity/2a_forty/event_proportion": 0.06671308316338906,
        "haa_ma40/Purity/2a_forty/event_proportion-unc": 0.00023650702913292774,
        "haa_ma40/Purity/2a_forty/event_purity": 0.5494148857377557,
        "haa_ma40/Purity/2a_forty/event_purity-unc": 0.001825845740673096,
        "haa_ma40/Purity/2a_forty/a_forty_purity": 0.7085807780875045,
        "haa_ma40/Purity/2a_forty/a_forty_purity-unc": 0.0011791369110369853
    },
    "haa_ma60": {
        "haa_ma60/Purity/*a_sixty/event_proportion": 0.15773325447286707,
        "haa_ma60/Purity/*a_sixty/event_proportion-unc": 0.0003460946145084003,
        "haa_ma60/Purity/*a_sixty/event_purity": 0.5701383847679583,
        "haa_ma60/Purity/*a_sixty/event_purity-unc": 0.0011835898273128858,
        "haa_ma60/Purity/*a_sixty/a_sixty_purity": 0.6560159835357564,
        "haa_ma60/Purity/*a_sixty/a_sixty_purity-unc": 0.0009205809017665294,
        "haa_ma60/Purity/0a_sixty/event_proportion": 0.8422667455271329,
        "haa_ma60/Purity/0a_sixty/event_proportion-unc": 0.0003460946145084004,
        "haa_ma60/Purity/0a_sixty/event_purity": 1.0,
        "haa_ma60/Purity/0a_sixty/event_purity-unc": 0.0,
        "haa_ma60/Purity/0a_sixty/a_sixty_purity": 0,
        "haa_ma60/Purity/0a_sixty/a_sixty_purity-unc": 0,
        "haa_ma60/Purity/1a_sixty/event_proportion": 0.07539228874471209,
        "haa_ma60/Purity/1a_sixty/event_proportion-unc": 0.0002506978455371137,
        "haa_ma60/Purity/1a_sixty/event_purity": 0.67337957426453,
        "haa_ma60/Purity/1a_sixty/event_purity-unc": 0.0016217972438814,
        "haa_ma60/Purity/1a_sixty/a_sixty_purity": 0.67337957426453,
        "haa_ma60/Purity/1a_sixty/a_sixty_purity-unc": 0.0016217972438814,
        "haa_ma60/Purity/2a_sixty/event_proportion": 0.08234096572815498,
        "haa_ma60/Purity/2a_sixty/event_proportion-unc": 0.0002610099314998339,
        "haa_ma60/Purity/2a_sixty/event_purity": 0.4756096225650684,
        "haa_ma60/Purity/2a_sixty/event_purity-unc": 0.0016525441739167234,
        "haa_ma60/Purity/2a_sixty/a_sixty_purity": 0.6480668367514536,
        "haa_ma60/Purity/2a_sixty/a_sixty_purity-unc": 0.0011174430580087567
    }
}