{
    "haa_ma60": {
        "haa_ma60/Purity/*a_sixty/event_proportion": 0.15773325447286707,
        "haa_ma60/Purity/*a_sixty/event_proportion-unc": 0.0003460946145084003,
        "haa_ma60/Purity/*a_sixty/event_purity": 0.6001131771336462,
        "haa_ma60/Purity/*a_sixty/event_purity-unc": 0.0011712021971029636,
        "haa_ma60/Purity/*a_sixty/a_sixty_purity": 0.6885689177313594,
        "haa_ma60/Purity/*a_sixty/a_sixty_purity-unc": 0.0008974087580620579,
        "haa_ma60/Purity/0a_sixty/event_proportion": 0.8422667455271329,
        "haa_ma60/Purity/0a_sixty/event_proportion-unc": 0.0003460946145084004,
        "haa_ma60/Purity/0a_sixty/event_purity": 1.0,
        "haa_ma60/Purity/0a_sixty/event_purity-unc": 0.0,
        "haa_ma60/Purity/0a_sixty/a_sixty_purity": 0,
        "haa_ma60/Purity/0a_sixty/a_sixty_purity-unc": 0,
        "haa_ma60/Purity/1a_sixty/event_proportion": 0.07539228874471209,
        "haa_ma60/Purity/1a_sixty/event_proportion-unc": 0.0002506978455371137,
        "haa_ma60/Purity/1a_sixty/event_purity": 0.7032767280554891,
        "haa_ma60/Purity/1a_sixty/event_purity-unc": 0.0015797335667650729,
        "haa_ma60/Purity/1a_sixty/a_sixty_purity": 0.7032767280554891,
        "haa_ma60/Purity/1a_sixty/a_sixty_purity-unc": 0.0015797335667650729,
        "haa_ma60/Purity/2a_sixty/event_proportion": 0.08234096572815498,
        "haa_ma60/Purity/2a_sixty/event_proportion-unc": 0.0002610099314998339,
        "haa_ma60/Purity/2a_sixty/event_purity": 0.5056555016588742,
        "haa_ma60/Purity/2a_sixty/event_purity-unc": 0.0016544080139060883,
        "haa_ma60/Purity/2a_sixty/a_sixty_purity": 0.6818356017388068,
        "haa_ma60/Purity/2a_sixty/a_sixty_purity-unc": 0.0010898106159838224
    },
    "haa_ma30": {
        "haa_ma30/Purity/*a_thirty/event_proportion": 0.1429258035998184,
        "haa_ma30/Purity/*a_thirty/event_proportion-unc": 0.0003355188737915341,
        "haa_ma30/Purity/*a_thirty/event_purity": 0.7707857799610357,
        "haa_ma30/Purity/*a_thirty/event_purity-unc": 0.0010658221167489414,
        "haa_ma30/Purity/*a_thirty/a_thirty_purity": 0.8230467259146175,
        "haa_ma30/Purity/*a_thirty/a_thirty_purity-unc": 0.0008134660243068698,
        "haa_ma30/Purity/0a_thirty/event_proportion": 0.8570741964001816,
        "haa_ma30/Purity/0a_thirty/event_proportion-unc": 0.0003355188737915341,
        "haa_ma30/Purity/0a_thirty/event_purity": 1.0,
        "haa_ma30/Purity/0a_thirty/event_purity-unc": 0.0,
        "haa_ma30/Purity/0a_thirty/a_thirty_purity": 0,
        "haa_ma30/Purity/0a_thirty/a_thirty_purity-unc": 0,
        "haa_ma30/Purity/1a_thirty/event_proportion": 0.08359202548140633,
        "haa_ma30/Purity/1a_thirty/event_proportion-unc": 0.0002653256751852556,
        "haa_ma30/Purity/1a_thirty/event_purity": 0.8532683977924848,
        "haa_ma30/Purity/1a_thirty/event_purity-unc": 0.00117320703924921,
        "haa_ma30/Purity/1a_thirty/a_thirty_purity": 0.8532683977924848,
        "haa_ma30/Purity/1a_thirty/a_thirty_purity-unc": 0.00117320703924921,
        "haa_ma30/Purity/2a_thirty/event_proportion": 0.05933377811841208,
        "haa_ma30/Purity/2a_thirty/event_proportion-unc": 0.00022647548595270417,
        "haa_ma30/Purity/2a_thirty/event_purity": 0.6545806551537211,
        "haa_ma30/Purity/2a_thirty/event_purity-unc": 0.0018713556536727725,
        "haa_ma30/Purity/2a_thirty/a_thirty_purity": 0.8017579183768295,
        "haa_ma30/Purity/2a_thirty/a_thirty_purity-unc": 0.0011094455130248465
    },
    "haa_ma40": {
        "haa_ma40/Purity/*a_forty/event_proportion": 0.15903639352804305,
        "haa_ma40/Purity/*a_forty/event_proportion-unc": 0.00034663133355516235,
        "haa_ma40/Purity/*a_forty/event_purity": 0.6982516593701454,
        "haa_ma40/Purity/*a_forty/event_purity-unc": 0.0010909657888916759,
        "haa_ma40/Purity/*a_forty/a_forty_purity": 0.7562240333646392,
        "haa_ma40/Purity/*a_forty/a_forty_purity-unc": 0.0008565214883778416,
        "haa_ma40/Purity/0a_forty/event_proportion": 0.840963606471957,
        "haa_ma40/Purity/0a_forty/event_proportion-unc": 0.0003466313335551623,
        "haa_ma40/Purity/0a_forty/event_purity": 1.0,
        "haa_ma40/Purity/0a_forty/event_purity-unc": 0.0,
        "haa_ma40/Purity/0a_forty/a_forty_purity": 0,
        "haa_ma40/Purity/0a_forty/a_forty_purity-unc": 0,
        "haa_ma40/Purity/1a_forty/event_proportion": 0.092323310364654,
        "haa_ma40/Purity/1a_forty/event_proportion-unc": 0.00027437986184125564,
        "haa_ma40/Purity/1a_forty/event_purity": 0.7811338380398186,
        "haa_ma40/Purity/1a_forty/event_purity-unc": 0.0012898146650435276,
        "haa_ma40/Purity/1a_forty/a_forty_purity": 0.7811338380398186,
        "haa_ma40/Purity/1a_forty/a_forty_purity-unc": 0.0012898146650435276,
        "haa_ma40/Purity/2a_forty/event_proportion": 0.06671308316338906,
        "haa_ma40/Purity/2a_forty/event_proportion-unc": 0.00023650702913292774,
        "haa_ma40/Purity/2a_forty/event_purity": 0.5835521620274984,
        "haa_ma40/Purity/2a_forty/event_purity-unc": 0.0018090292909714307,
        "haa_ma40/Purity/2a_forty/a_forty_purity": 0.7389878667905574,
        "haa_ma40/Purity/2a_forty/a_forty_purity-unc": 0.0011396184085338845
    }
}