{
  "All Four True":{
    "Count":14492,
    "Total":17613,
    "Percentage":82.2801339919
  },
  "All Events":{
    "Count":14492,
    "Total":20274,
    "Percentage":71.4807142153
  }
}