{
  "All Four True":{
    "Count":14465,
    "Total":17591,
    "Percentage":82.2295492013
  },
  "All Events":{
    "Count":14465,
    "Total":20249,
    "Percentage":71.4356264507
  }
}