{
  "All Four True":{
    "Count":14519,
    "Total":17640,
    "Percentage":82.3072562358
  },
  "All Events":{
    "Count":14519,
    "Total":20303,
    "Percentage":71.511599271
  }
}