{
    "haa_ma30": [
        0.0369858097820535,
        0.05524629385858365,
        0.07043255055340296,
        0.09999264008482796,
        0.13544609540346364
    ],
    "haa_ma40": [
        0.02974961687811892,
        0.04434421436427659,
        0.060229093406734525,
        0.08173693569314448,
        0.1099518670204284
    ],
    "haa_ma60": [
        0.025605733878873885,
        0.03725969735577725,
        0.04527351242719548,
        0.06788554272314687,
        0.08645730303709173
    ]
}