{
    "haa_ma30": [
        0.03740925444105465,
        0.055249653803806704,
        0.07765435119399043,
        0.10354628637485479,
        0.14351497475356476
    ],
    "haa_ma40": [
        0.029396065731642683,
        0.039455602413908594,
        0.05522784034849208,
        0.08132367668777343,
        0.10846499646866682
    ],
    "haa_ma60": [
        0.03060976754079093,
        0.036367091058088996,
        0.050219535081581806,
        0.06960403829919933,
        0.09586029021960317
    ]
}