{
  "All Four True":{
    "Count":14540,
    "Total":17670,
    "Percentage":82.286361064
  },
  "All Events":{
    "Count":14540,
    "Total":20344,
    "Percentage":71.470703893
  }
}