{
    "30": {
        "classification": 0.4070126414299011,
        "total_loss": 0.4070126414299011
    }
}