{
    "60": {
        "classification": 0.46164965629577637,
        "total_loss": 0.46164965629577637
    },
    "30": {
        "classification": 0.4071483612060547,
        "total_loss": 0.4071483612060547
    },
    "40": {
        "classification": 0.4249059557914734,
        "total_loss": 0.4249059557914734
    }
}