{
    "haa_ma30": [
        0.05796067263915338,
        0.08295610146513407,
        0.11454275165315916,
        0.15265050506071504,
        0.2073433237714873
    ],
    "haa_ma40": [
        0.048494635030468455,
        0.065347112855779,
        0.09026688608948263,
        0.12451818560221209,
        0.16484703757197877
    ],
    "haa_ma60": [
        0.04787186956240769,
        0.06025682372741634,
        0.08652342364954962,
        0.11951364745483269,
        0.15949534148545091
    ]
}