{
    "30": {
        "classification": 0.5979194641113281,
        "assignment": 2.8461546897888184,
        "segmentation": 1.4867393970489502,
        "total_loss": 4.930813550949097
    }
}