{
  "All Four True":{
    "Count":13946,
    "Total":16926,
    "Percentage":82.3939501359
  },
  "All Events":{
    "Count":13946,
    "Total":19452,
    "Percentage":71.6944273082
  }
}