{
  "syst_jes": 0.0,
  "syst_tag": 12,
  "syst_met_px": 0.23128308355808258,
  "syst_met_py": 0.25678637623786926
}