{
    "30": {
        "classification": 0.5734103918075562,
        "assignment": 2.2189621925354004,
        "segmentation": 1.317757248878479,
        "total_loss": 4.1101298332214355
    }
}