{
    "haa_ma30": {
        "haa_ma30/Purity/*a_thirty/event_proportion": 0.1429258035998184,
        "haa_ma30/Purity/*a_thirty/event_proportion-unc": 0.0003355188737915341,
        "haa_ma30/Purity/*a_thirty/event_purity": 0.6761977020067255,
        "haa_ma30/Purity/*a_thirty/event_purity-unc": 0.001186516852744108,
        "haa_ma30/Purity/*a_thirty/a_thirty_purity": 0.7187085400650637,
        "haa_ma30/Purity/*a_thirty/a_thirty_purity-unc": 0.0009584126731600102,
        "haa_ma30/Purity/0a_thirty/event_proportion": 0.8570741964001816,
        "haa_ma30/Purity/0a_thirty/event_proportion-unc": 0.0003355188737915341,
        "haa_ma30/Purity/0a_thirty/event_purity": 1.0,
        "haa_ma30/Purity/0a_thirty/event_purity-unc": 0.0,
        "haa_ma30/Purity/0a_thirty/a_thirty_purity": 0,
        "haa_ma30/Purity/0a_thirty/a_thirty_purity-unc": 0,
        "haa_ma30/Purity/1a_thirty/event_proportion": 0.08359202548140633,
        "haa_ma30/Purity/1a_thirty/event_proportion-unc": 0.0002653256751852556,
        "haa_ma30/Purity/1a_thirty/event_purity": 0.7912644840702711,
        "haa_ma30/Purity/1a_thirty/event_purity-unc": 0.0013475007355177636,
        "haa_ma30/Purity/1a_thirty/a_thirty_purity": 0.7912644840702711,
        "haa_ma30/Purity/1a_thirty/a_thirty_purity-unc": 0.0013475007355177636,
        "haa_ma30/Purity/2a_thirty/event_proportion": 0.05933377811841208,
        "haa_ma30/Purity/2a_thirty/event_proportion-unc": 0.00022647548595270417,
        "haa_ma30/Purity/2a_thirty/event_purity": 0.5140865794160923,
        "haa_ma30/Purity/2a_thirty/event_purity-unc": 0.001966975735929296,
        "haa_ma30/Purity/2a_thirty/a_thirty_purity": 0.6675985441028421,
        "haa_ma30/Purity/2a_thirty/a_thirty_purity-unc": 0.001310918141431896
    },
    "haa_ma40": {
        "haa_ma40/Purity/*a_forty/event_proportion": 0.15903639352804305,
        "haa_ma40/Purity/*a_forty/event_proportion-unc": 0.00034663133355516235,
        "haa_ma40/Purity/*a_forty/event_purity": 0.5480016946758932,
        "haa_ma40/Purity/*a_forty/event_purity-unc": 0.0011828837141227373,
        "haa_ma40/Purity/*a_forty/a_forty_purity": 0.5837100651056175,
        "haa_ma40/Purity/*a_forty/a_forty_purity-unc": 0.0009833635988902298,
        "haa_ma40/Purity/0a_forty/event_proportion": 0.840963606471957,
        "haa_ma40/Purity/0a_forty/event_proportion-unc": 0.0003466313335551623,
        "haa_ma40/Purity/0a_forty/event_purity": 1.0,
        "haa_ma40/Purity/0a_forty/event_purity-unc": 0.0,
        "haa_ma40/Purity/0a_forty/a_forty_purity": 0,
        "haa_ma40/Purity/0a_forty/a_forty_purity-unc": 0,
        "haa_ma40/Purity/1a_forty/event_proportion": 0.092323310364654,
        "haa_ma40/Purity/1a_forty/event_proportion-unc": 0.00027437986184125564,
        "haa_ma40/Purity/1a_forty/event_purity": 0.6788140046318821,
        "haa_ma40/Purity/1a_forty/event_purity-unc": 0.0014565619840758335,
        "haa_ma40/Purity/1a_forty/a_forty_purity": 0.6788140046318821,
        "haa_ma40/Purity/1a_forty/a_forty_purity-unc": 0.0014565619840758335,
        "haa_ma40/Purity/2a_forty/event_proportion": 0.06671308316338906,
        "haa_ma40/Purity/2a_forty/event_proportion-unc": 0.00023650702913292774,
        "haa_ma40/Purity/2a_forty/event_purity": 0.36697235351943874,
        "haa_ma40/Purity/2a_forty/event_purity-unc": 0.0017686971014256305,
        "haa_ma40/Purity/2a_forty/a_forty_purity": 0.5179035537779932,
        "haa_ma40/Purity/2a_forty/a_forty_purity-unc": 0.0012965876017876532
    },
    "haa_ma60": {
        "haa_ma60/Purity/*a_sixty/event_proportion": 0.15773325447286707,
        "haa_ma60/Purity/*a_sixty/event_proportion-unc": 0.0003460946145084003,
        "haa_ma60/Purity/*a_sixty/event_purity": 0.4266263496944789,
        "haa_ma60/Purity/*a_sixty/event_purity-unc": 0.0011824681540391084,
        "haa_ma60/Purity/*a_sixty/a_sixty_purity": 0.48346815686097777,
        "haa_ma60/Purity/*a_sixty/a_sixty_purity-unc": 0.0009684297141418632,
        "haa_ma60/Purity/0a_sixty/event_proportion": 0.8422667455271329,
        "haa_ma60/Purity/0a_sixty/event_proportion-unc": 0.0003460946145084004,
        "haa_ma60/Purity/0a_sixty/event_purity": 1.0,
        "haa_ma60/Purity/0a_sixty/event_purity-unc": 0.0,
        "haa_ma60/Purity/0a_sixty/a_sixty_purity": 0,
        "haa_ma60/Purity/0a_sixty/a_sixty_purity-unc": 0,
        "haa_ma60/Purity/1a_sixty/event_proportion": 0.07539228874471209,
        "haa_ma60/Purity/1a_sixty/event_proportion-unc": 0.0002506978455371137,
        "haa_ma60/Purity/1a_sixty/event_purity": 0.5981942119110261,
        "haa_ma60/Purity/1a_sixty/event_purity-unc": 0.0016954075620831334,
        "haa_ma60/Purity/1a_sixty/a_sixty_purity": 0.5981942119110261,
        "haa_ma60/Purity/1a_sixty/a_sixty_purity-unc": 0.0016954075620831334,
        "haa_ma60/Purity/2a_sixty/event_proportion": 0.08234096572815498,
        "haa_ma60/Purity/2a_sixty/event_proportion-unc": 0.0002610099314998339,
        "haa_ma60/Purity/2a_sixty/event_purity": 0.2695369386928291,
        "haa_ma60/Purity/2a_sixty/event_purity-unc": 0.0014682793111703224,
        "haa_ma60/Purity/2a_sixty/a_sixty_purity": 0.4309459415068928,
        "haa_ma60/Purity/2a_sixty/a_sixty_purity-unc": 0.0011587068284813944
    }
}