{
    "haa_ma30": {
        "haa_ma30/Purity/*a_thirty/event_proportion": 0.1429258035998184,
        "haa_ma30/Purity/*a_thirty/event_proportion-unc": 0.0003355188737915341,
        "haa_ma30/Purity/*a_thirty/event_purity": 0.766304242993178,
        "haa_ma30/Purity/*a_thirty/event_purity-unc": 0.0010730578385847965,
        "haa_ma30/Purity/*a_thirty/a_thirty_purity": 0.8180760772767751,
        "haa_ma30/Purity/*a_thirty/a_thirty_purity-unc": 0.0008223176727440103,
        "haa_ma30/Purity/0a_thirty/event_proportion": 0.8570741964001816,
        "haa_ma30/Purity/0a_thirty/event_proportion-unc": 0.0003355188737915341,
        "haa_ma30/Purity/0a_thirty/event_purity": 1.0,
        "haa_ma30/Purity/0a_thirty/event_purity-unc": 0.0,
        "haa_ma30/Purity/0a_thirty/a_thirty_purity": 0,
        "haa_ma30/Purity/0a_thirty/a_thirty_purity-unc": 0,
        "haa_ma30/Purity/1a_thirty/event_proportion": 0.08359202548140633,
        "haa_ma30/Purity/1a_thirty/event_proportion-unc": 0.0002653256751852556,
        "haa_ma30/Purity/1a_thirty/event_purity": 0.8521470504166575,
        "haa_ma30/Purity/1a_thirty/event_purity-unc": 0.0011769073324546257,
        "haa_ma30/Purity/1a_thirty/a_thirty_purity": 0.8521470504166575,
        "haa_ma30/Purity/1a_thirty/a_thirty_purity-unc": 0.0011769073324546257,
        "haa_ma30/Purity/2a_thirty/event_proportion": 0.05933377811841208,
        "haa_ma30/Purity/2a_thirty/event_proportion-unc": 0.00022647548595270417,
        "haa_ma30/Purity/2a_thirty/event_purity": 0.6453651359095485,
        "haa_ma30/Purity/2a_thirty/event_purity-unc": 0.001882759669660708,
        "haa_ma30/Purity/2a_thirty/a_thirty_purity": 0.7940757376287462,
        "haa_ma30/Purity/2a_thirty/a_thirty_purity-unc": 0.00112530732884741
    },
    "haa_ma40": {
        "haa_ma40/Purity/*a_forty/event_proportion": 0.15903639352804305,
        "haa_ma40/Purity/*a_forty/event_proportion-unc": 0.00034663133355516235,
        "haa_ma40/Purity/*a_forty/event_purity": 0.6907611919220449,
        "haa_ma40/Purity/*a_forty/event_purity-unc": 0.0010984838060973166,
        "haa_ma40/Purity/*a_forty/a_forty_purity": 0.750214896292641,
        "haa_ma40/Purity/*a_forty/a_forty_purity-unc": 0.0008635623327551617,
        "haa_ma40/Purity/0a_forty/event_proportion": 0.840963606471957,
        "haa_ma40/Purity/0a_forty/event_proportion-unc": 0.0003466313335551623,
        "haa_ma40/Purity/0a_forty/event_purity": 1.0,
        "haa_ma40/Purity/0a_forty/event_purity-unc": 0.0,
        "haa_ma40/Purity/0a_forty/a_forty_purity": 0,
        "haa_ma40/Purity/0a_forty/a_forty_purity-unc": 0,
        "haa_ma40/Purity/1a_forty/event_proportion": 0.092323310364654,
        "haa_ma40/Purity/1a_forty/event_proportion-unc": 0.00027437986184125564,
        "haa_ma40/Purity/1a_forty/event_purity": 0.7734756631570753,
        "haa_ma40/Purity/1a_forty/event_purity-unc": 0.0013057379728958454,
        "haa_ma40/Purity/1a_forty/a_forty_purity": 0.7734756631570753,
        "haa_ma40/Purity/1a_forty/a_forty_purity-unc": 0.0013057379728958454,
        "haa_ma40/Purity/2a_forty/event_proportion": 0.06671308316338906,
        "haa_ma40/Purity/2a_forty/event_proportion-unc": 0.00023650702913292774,
        "haa_ma40/Purity/2a_forty/event_purity": 0.5762937825718095,
        "haa_ma40/Purity/2a_forty/event_purity-unc": 0.0018133424867643184,
        "haa_ma40/Purity/2a_forty/a_forty_purity": 0.7341197699942095,
        "haa_ma40/Purity/2a_forty/a_forty_purity-unc": 0.001146402004404534
    },
    "haa_ma60": {
        "haa_ma60/Purity/*a_sixty/event_proportion": 0.15773325447286707,
        "haa_ma60/Purity/*a_sixty/event_proportion-unc": 0.0003460946145084003,
        "haa_ma60/Purity/*a_sixty/event_purity": 0.5821991803231836,
        "haa_ma60/Purity/*a_sixty/event_purity-unc": 0.0011791449324249329,
        "haa_ma60/Purity/*a_sixty/a_sixty_purity": 0.6681125457235779,
        "haa_ma60/Purity/*a_sixty/a_sixty_purity-unc": 0.0009125482787010675,
        "haa_ma60/Purity/0a_sixty/event_proportion": 0.8422667455271329,
        "haa_ma60/Purity/0a_sixty/event_proportion-unc": 0.0003460946145084004,
        "haa_ma60/Purity/0a_sixty/event_purity": 1.0,
        "haa_ma60/Purity/0a_sixty/event_purity-unc": 0.0,
        "haa_ma60/Purity/0a_sixty/a_sixty_purity": 0,
        "haa_ma60/Purity/0a_sixty/a_sixty_purity-unc": 0,
        "haa_ma60/Purity/1a_sixty/event_proportion": 0.07539228874471209,
        "haa_ma60/Purity/1a_sixty/event_proportion-unc": 0.0002506978455371137,
        "haa_ma60/Purity/1a_sixty/event_purity": 0.6892489834967711,
        "haa_ma60/Purity/1a_sixty/event_purity-unc": 0.00160043951092956,
        "haa_ma60/Purity/1a_sixty/a_sixty_purity": 0.6892489834967711,
        "haa_ma60/Purity/1a_sixty/a_sixty_purity-unc": 0.00160043951092956,
        "haa_ma60/Purity/2a_sixty/event_proportion": 0.08234096572815498,
        "haa_ma60/Purity/2a_sixty/event_proportion-unc": 0.0002610099314998339,
        "haa_ma60/Purity/2a_sixty/event_purity": 0.4841832097846201,
        "haa_ma60/Purity/2a_sixty/event_purity-unc": 0.0016536858260620358,
        "haa_ma60/Purity/2a_sixty/a_sixty_purity": 0.6584361689314222,
        "haa_ma60/Purity/2a_sixty/a_sixty_purity-unc": 0.0011096299851108948
    }
}