{
  "All Four True":{
    "Count":13965,
    "Total":16944,
    "Percentage":82.4185552408
  },
  "All Events":{
    "Count":13965,
    "Total":19476,
    "Percentage":71.7036352434
  }
}