{
  "All Four True":{
    "Count":14569,
    "Total":17712,
    "Percentage":82.254968383
  },
  "All Events":{
    "Count":14569,
    "Total":20395,
    "Percentage":71.4341750429
  }
}