{
  "All Four True":{
    "Count":13994,
    "Total":16998,
    "Percentage":82.3273326274
  },
  "All Events":{
    "Count":13994,
    "Total":19537,
    "Percentage":71.6281926601
  }
}