{
  "All Four True":{
    "Count":13989,
    "Total":16989,
    "Percentage":82.341515098
  },
  "All Events":{
    "Count":13989,
    "Total":19529,
    "Percentage":71.6319319986
  }
}