{
    "30": {
        "classification": 0.405422180891037,
        "assignment": 1.8328831195831299,
        "segmentation": 0.8125997185707092,
        "total_loss": 3.050905019044876
    }
}