{
    "30": {
        "classification": 0.4052883982658386,
        "segmentation": 0.8122544288635254,
        "total_loss": 1.217542827129364
    }
}