{
    "60": {
        "classification": 0.46303293108940125,
        "segmentation": 1.2493553161621094,
        "total_loss": 1.7123882472515106
    },
    "30": {
        "classification": 0.4052204191684723,
        "segmentation": 0.8119929432868958,
        "total_loss": 1.217213362455368
    },
    "40": {
        "classification": 0.417980432510376,
        "segmentation": 1.0407177209854126,
        "total_loss": 1.4586981534957886
    }
}