{
    "haa_ma40": {
        "haa_ma40/Purity/*a_forty/event_proportion": 0.15903639352804305,
        "haa_ma40/Purity/*a_forty/event_proportion-unc": 0.00034663133355516235,
        "haa_ma40/Purity/*a_forty/event_purity": 0.6279452054794521,
        "haa_ma40/Purity/*a_forty/event_purity-unc": 0.001148806874221984,
        "haa_ma40/Purity/*a_forty/a_forty_purity": 0.6838557170372964,
        "haa_ma40/Purity/*a_forty/a_forty_purity-unc": 0.0009275610189025376,
        "haa_ma40/Purity/0a_forty/event_proportion": 0.840963606471957,
        "haa_ma40/Purity/0a_forty/event_proportion-unc": 0.0003466313335551623,
        "haa_ma40/Purity/0a_forty/event_purity": 1.0,
        "haa_ma40/Purity/0a_forty/event_purity-unc": 0.0,
        "haa_ma40/Purity/0a_forty/a_forty_purity": 0,
        "haa_ma40/Purity/0a_forty/a_forty_purity-unc": 0,
        "haa_ma40/Purity/1a_forty/event_proportion": 0.092323310364654,
        "haa_ma40/Purity/1a_forty/event_proportion-unc": 0.00027437986184125564,
        "haa_ma40/Purity/1a_forty/event_purity": 0.7189732012533329,
        "haa_ma40/Purity/1a_forty/event_purity-unc": 0.0014021855694667197,
        "haa_ma40/Purity/1a_forty/a_forty_purity": 0.7189732012533329,
        "haa_ma40/Purity/1a_forty/a_forty_purity-unc": 0.0014021855694667197,
        "haa_ma40/Purity/2a_forty/event_proportion": 0.06671308316338906,
        "haa_ma40/Purity/2a_forty/event_proportion-unc": 0.00023650702913292774,
        "haa_ma40/Purity/2a_forty/event_purity": 0.50197282484278,
        "haa_ma40/Purity/2a_forty/event_purity-unc": 0.001834814127692782,
        "haa_ma40/Purity/2a_forty/a_forty_purity": 0.659556417403951,
        "haa_ma40/Purity/2a_forty/a_forty_purity-unc": 0.0012295862701896915
    },
    "haa_ma60": {
        "haa_ma60/Purity/*a_sixty/event_proportion": 0.15773325447286707,
        "haa_ma60/Purity/*a_sixty/event_proportion-unc": 0.0003460946145084003,
        "haa_ma60/Purity/*a_sixty/event_purity": 0.4044024761784998,
        "haa_ma60/Purity/*a_sixty/event_purity-unc": 0.0011733568012864467,
        "haa_ma60/Purity/*a_sixty/a_sixty_purity": 0.45746486701668204,
        "haa_ma60/Purity/*a_sixty/a_sixty_purity-unc": 0.0009654469734815259,
        "haa_ma60/Purity/0a_sixty/event_proportion": 0.8422667455271329,
        "haa_ma60/Purity/0a_sixty/event_proportion-unc": 0.0003460946145084004,
        "haa_ma60/Purity/0a_sixty/event_purity": 1.0,
        "haa_ma60/Purity/0a_sixty/event_purity-unc": 0.0,
        "haa_ma60/Purity/0a_sixty/a_sixty_purity": 0,
        "haa_ma60/Purity/0a_sixty/a_sixty_purity-unc": 0,
        "haa_ma60/Purity/1a_sixty/event_proportion": 0.07539228874471209,
        "haa_ma60/Purity/1a_sixty/event_proportion-unc": 0.0002506978455371137,
        "haa_ma60/Purity/1a_sixty/event_purity": 0.5836641951686199,
        "haa_ma60/Purity/1a_sixty/event_purity-unc": 0.0017047014299872184,
        "haa_ma60/Purity/1a_sixty/a_sixty_purity": 0.5836641951686199,
        "haa_ma60/Purity/1a_sixty/a_sixty_purity-unc": 0.0017047014299872184,
        "haa_ma60/Purity/2a_sixty/event_proportion": 0.08234096572815498,
        "haa_ma60/Purity/2a_sixty/event_proportion-unc": 0.0002610099314998339,
        "haa_ma60/Purity/2a_sixty/event_purity": 0.24026848577091112,
        "haa_ma60/Purity/2a_sixty/event_purity-unc": 0.001413770386967603,
        "haa_ma60/Purity/2a_sixty/a_sixty_purity": 0.39969012449768415,
        "haa_ma60/Purity/2a_sixty/a_sixty_purity-unc": 0.0011461325831465174
    },
    "haa_ma30": {
        "haa_ma30/Purity/*a_thirty/event_proportion": 0.1429258035998184,
        "haa_ma30/Purity/*a_thirty/event_proportion-unc": 0.0003355188737915341,
        "haa_ma30/Purity/*a_thirty/event_purity": 0.6977309406083831,
        "haa_ma30/Purity/*a_thirty/event_purity-unc": 0.0011644958385279595,
        "haa_ma30/Purity/*a_thirty/a_thirty_purity": 0.7472011704196427,
        "haa_ma30/Purity/*a_thirty/a_thirty_purity-unc": 0.000926412001750046,
        "haa_ma30/Purity/0a_thirty/event_proportion": 0.8570741964001816,
        "haa_ma30/Purity/0a_thirty/event_proportion-unc": 0.0003355188737915341,
        "haa_ma30/Purity/0a_thirty/event_purity": 1.0,
        "haa_ma30/Purity/0a_thirty/event_purity-unc": 0.0,
        "haa_ma30/Purity/0a_thirty/a_thirty_purity": 0,
        "haa_ma30/Purity/0a_thirty/a_thirty_purity-unc": 0,
        "haa_ma30/Purity/1a_thirty/event_proportion": 0.08359202548140633,
        "haa_ma30/Purity/1a_thirty/event_proportion-unc": 0.0002653256751852556,
        "haa_ma30/Purity/1a_thirty/event_purity": 0.7987731140476243,
        "haa_ma30/Purity/1a_thirty/event_purity-unc": 0.0013293052565195483,
        "haa_ma30/Purity/1a_thirty/a_thirty_purity": 0.7987731140476243,
        "haa_ma30/Purity/1a_thirty/a_thirty_purity-unc": 0.0013293052565195483,
        "haa_ma30/Purity/2a_thirty/event_proportion": 0.05933377811841208,
        "haa_ma30/Purity/2a_thirty/event_proportion-unc": 0.00022647548595270417,
        "haa_ma30/Purity/2a_thirty/event_purity": 0.5553783009370402,
        "haa_ma30/Purity/2a_thirty/event_purity-unc": 0.0019556503185091875,
        "haa_ma30/Purity/2a_thirty/a_thirty_purity": 0.7108727638813599,
        "haa_ma30/Purity/2a_thirty/a_thirty_purity-unc": 0.00126161505947659
    }
}