{
  "All Four True":{
    "Count":14419,
    "Total":17514,
    "Percentage":82.3284229759
  },
  "All Events":{
    "Count":14419,
    "Total":20159,
    "Percentage":71.5263653951
  }
}