{
  "All Four True":{
    "Count":14468,
    "Total":17591,
    "Percentage":82.2466033767
  },
  "All Events":{
    "Count":14468,
    "Total":20249,
    "Percentage":71.4504419971
  }
}