{
  "syst_jes": 0.0,
  "syst_tag": 17,
  "syst_met_px": 1.2535330057144165,
  "syst_met_py": 0.6067337989807129
}