{"evenet-ma30-pretrain-ablation1-0.01-False-False": {"effective_steps": 36.62109375, "val": 0.6261698007583618}, "evenet-ma30-pretrain-ablation1-0.03-False-False": {"effective_steps": 51.26953125, "val": 0.5769683122634888}, "evenet-ma30-pretrain-ablation1-0.1-False-False": {"effective_steps": 134.27734375, "val": 0.5196282863616943}, "evenet-ma30-pretrain-ablation1-0.3-False-False": {"effective_steps": 1098.6328125, "val": 0.4326418340206146}, "evenet-ma30-pretrain-ablation1-1.0-False-False": {"effective_steps": 1464.84375, "val": 0.4228522479534149}, "evenet-ma30-pretrain-ablation4-0.01-False-False": {"effective_steps": 24.4140625, "val": 0.5340399742126465}, "evenet-ma30-pretrain-ablation4-0.03-False-False": {"effective_steps": 43.9453125, "val": 0.47804102301597595}, "evenet-ma30-pretrain-ablation4-0.1-False-False": {"effective_steps": 109.86328125, "val": 0.4501463770866394}, "evenet-ma30-pretrain-ablation4-0.3-False-False": {"effective_steps": 695.80078125, "val": 0.4070126414299011}, "evenet-ma30-pretrain-ablation4-1.0-False-False": {"effective_steps": 854.4921875, "val": 0.40868884325027466}, "evenet-ma30-pretrainv1-0.01-False-False": {"effective_steps": 26.85546875, "val": 0.5375027656555176}, "evenet-ma30-pretrainv1-0.03-False-False": {"effective_steps": 47.607421875, "val": 0.4984877407550812}, "evenet-ma30-pretrainv1-0.1-False-False": {"effective_steps": 122.0703125, "val": 0.45891422033309937}, "evenet-ma30-pretrainv1-0.3-False-False": {"effective_steps": 1135.25390625, "val": 0.407875120639801}, "evenet-ma30-pretrainv1-1.0-False-False": {"effective_steps": 1098.6328125, "val": 0.4016949236392975}, "evenet-ma30-scratch-0.01-False-False": {"effective_steps": 29.296875, "val": 0.6221749186515808}, "evenet-ma30-scratch-0.03-False-False": {"effective_steps": 54.931640625, "val": 0.58765709400177}, "evenet-ma30-scratch-0.1-False-False": {"effective_steps": 183.10546875, "val": 0.5759989023208618}, "evenet-ma30-scratch-0.3-False-False": {"effective_steps": 878.90625, "val": 0.5331943035125732}, "evenet-ma30-scratch-1.0-False-False": {"effective_steps": 3295.8984375, "val": 0.48309987783432007}, "evenet-ma30-pretrain-ablation1-0.01-False-True": {"effective_steps": 74.462890625, "val": 2.1749096512794495}, "evenet-ma30-pretrain-ablation1-0.03-False-True": {"effective_steps": 95.21484375, "val": 1.8586989641189575}, "evenet-ma30-pretrain-ablation1-0.1-False-True": {"effective_steps": 244.140625, "val": 1.6529977917671204}, "evenet-ma30-pretrain-ablation1-0.3-False-True": {"effective_steps": 1794.43359375, "val": 1.2633672952651978}, "evenet-ma30-pretrain-ablation1-1.0-False-True": {"effective_steps": 2807.6171875, "val": 1.2594516277313232}, "evenet-ma30-pretrain-ablation4-0.01-False-True": {"effective_steps": 68.359375, "val": 2.062252938747406}, "evenet-ma30-pretrain-ablation4-0.03-False-True": {"effective_steps": 106.201171875, "val": 1.7464980483055115}, "evenet-ma30-pretrain-ablation4-0.1-False-True": {"effective_steps": 207.51953125, "val": 1.4826329946517944}, "evenet-ma30-pretrain-ablation4-0.3-False-True": {"effective_steps": 1794.43359375, "val": 1.2178466320037842}, "evenet-ma30-pretrain-ablation4-1.0-False-True": {"effective_steps": 2563.4765625, "val": 1.2169341444969177}, "evenet-ma30-pretrainv1-0.01-False-True": {"effective_steps": 63.4765625, "val": 1.8786206245422363}, "evenet-ma30-pretrainv1-0.03-False-True": {"effective_steps": 120.849609375, "val": 1.5044078528881073}, "evenet-ma30-pretrainv1-0.1-False-True": {"effective_steps": 244.140625, "val": 1.3871862888336182}, "evenet-ma30-pretrainv1-0.3-False-True": {"effective_steps": 1794.43359375, "val": 1.2001488208770752}, "evenet-ma30-pretrainv1-1.0-False-True": {"effective_steps": 2929.6875, "val": 1.2165087759494781}, "evenet-ma30-scratch-0.01-False-True": {"effective_steps": 1.220703125, "val": 4.445142388343811}, "evenet-ma30-scratch-0.03-False-True": {"effective_steps": 201.416015625, "val": 1.9815634489059448}, "evenet-ma30-scratch-0.1-False-True": {"effective_steps": 378.41796875, "val": 1.6822150945663452}, "evenet-ma30-scratch-0.3-False-True": {"effective_steps": 1721.19140625, "val": 1.4127694070339203}, "evenet-ma30-scratch-1.0-False-True": {"effective_steps": 3295.8984375, "val": 1.345762461423874}, "evenet-ma30-pretrain-ablation1-0.01-True-False": {"effective_steps": 39.0625, "val": 3.3794466853141785}, "evenet-ma30-pretrain-ablation1-0.03-True-False": {"effective_steps": 120.849609375, "val": 3.2352535724639893}, "evenet-ma30-pretrain-ablation1-0.1-True-False": {"effective_steps": 244.140625, "val": 2.7444551587104797}, "evenet-ma30-pretrain-ablation1-0.3-True-False": {"effective_steps": 1757.8125, "val": 2.3130458891391754}, "evenet-ma30-pretrain-ablation1-1.0-True-False": {"effective_steps": 3173.828125, "val": 2.3040164709091187}, "evenet-ma30-pretrain-ablation4-0.01-True-False": {"effective_steps": 30.517578125, "val": 3.14820659160614}, "evenet-ma30-pretrain-ablation4-0.03-True-False": {"effective_steps": 58.59375, "val": 2.8400763273239136}, "evenet-ma30-pretrain-ablation4-0.1-True-False": {"effective_steps": 219.7265625, "val": 2.573574960231781}, "evenet-ma30-pretrain-ablation4-0.3-True-False": {"effective_steps": 1684.5703125, "val": 2.2892308235168457}, "evenet-ma30-pretrain-ablation4-1.0-True-False": {"effective_steps": 1220.703125, "val": 2.2941963374614716}, "evenet-ma30-pretrainv1-0.01-True-False": {"effective_steps": 42.724609375, "val": 3.157107174396515}, "evenet-ma30-pretrainv1-0.03-True-False": {"effective_steps": 69.580078125, "val": 2.7922279238700867}, "evenet-ma30-pretrainv1-0.1-True-False": {"effective_steps": 268.5546875, "val": 2.556554138660431}, "evenet-ma30-pretrainv1-0.3-True-False": {"effective_steps": 1611.328125, "val": 2.1718950867652893}, "evenet-ma30-pretrainv1-1.0-True-False": {"effective_steps": 2075.1953125, "val": 2.3366498053073883}, "evenet-ma30-scratch-0.01-True-False": {"effective_steps": 18.310546875, "val": 4.008868992328644}, "evenet-ma30-scratch-0.03-True-False": {"effective_steps": 205.078125, "val": 3.3963236808776855}, "evenet-ma30-scratch-0.1-True-False": {"effective_steps": 610.3515625, "val": 2.72385174036026}, "evenet-ma30-scratch-0.3-True-False": {"effective_steps": 1831.0546875, "val": 2.279211640357971}, "evenet-ma30-scratch-1.0-True-False": {"effective_steps": 3173.828125, "val": 2.332609713077545}, "evenet-ma30-pretrain-ablation1-0.01-True-True": {"effective_steps": 72.021484375, "val": 4.930813550949097}, "evenet-ma30-pretrain-ablation1-0.03-True-True": {"effective_steps": 135.498046875, "val": 4.3519598841667175}, "evenet-ma30-pretrain-ablation1-0.1-True-True": {"effective_steps": 244.140625, "val": 3.9268887042999268}, "evenet-ma30-pretrain-ablation1-0.3-True-True": {"effective_steps": 1794.43359375, "val": 3.150016039609909}, "evenet-ma30-pretrain-ablation1-1.0-True-True": {"effective_steps": 3173.828125, "val": 3.164450079202652}, "evenet-ma30-pretrain-ablation4-0.01-True-True": {"effective_steps": 119.62890625, "val": 3.685533195734024}, "evenet-ma30-pretrain-ablation4-0.03-True-True": {"effective_steps": 98.876953125, "val": 4.105773389339447}, "evenet-ma30-pretrain-ablation4-0.1-True-True": {"effective_steps": 219.7265625, "val": 3.4709793627262115}, "evenet-ma30-pretrain-ablation4-0.3-True-True": {"effective_steps": 1721.19140625, "val": 3.0993428826332092}, "evenet-ma30-pretrain-ablation4-1.0-True-True": {"effective_steps": 2563.4765625, "val": 3.018397033214569}, "evenet-ma30-pretrainv1-0.01-True-True": {"effective_steps": 52.490234375, "val": 4.548990786075592}, "evenet-ma30-pretrainv1-0.03-True-True": {"effective_steps": 102.5390625, "val": 3.9130662083625793}, "evenet-ma30-pretrainv1-0.1-True-True": {"effective_steps": 463.8671875, "val": 3.312214881181717}, "evenet-ma30-pretrainv1-0.3-True-True": {"effective_steps": 1647.94921875, "val": 3.0565095245838165}, "evenet-ma30-pretrainv1-1.0-True-True": {"effective_steps": 2441.40625, "val": 3.050905019044876},