{
    "30": {
        "classification": 0.44835206866264343,
        "assignment": 1.9584002494812012,
        "segmentation": 0.9054625630378723,
        "total_loss": 3.312214881181717
    }
}