{
    "30": {
        "classification": 0.44856300950050354,
        "segmentation": 0.9058386087417603,
        "total_loss": 1.3544016182422638
    },
    "40": {
        "classification": 0.4518420398235321,
        "segmentation": 1.1444581747055054,
        "total_loss": 1.5963002145290375
    },
    "60": {
        "classification": 0.49677950143814087,
        "segmentation": 1.4004257917404175,
        "total_loss": 1.8972052931785583
    }
}