{
  "All Four True":{
    "Count":14458,
    "Total":17577,
    "Percentage":82.2552198896
  },
  "All Events":{
    "Count":14458,
    "Total":20234,
    "Percentage":71.4539883365
  }
}