{
    "30": {
        "classification": 0.4088699221611023,
        "assignment": 1.784165620803833,
        "segmentation": 0.8253614902496338,
        "total_loss": 3.018397033214569
    }
}