{
    "30": {
        "classification": 0.4091973304748535,
        "segmentation": 0.8253979086875916,
        "total_loss": 1.234595239162445
    }
}