{
    "haa_ma30": [
        0.020580312807812935,
        0.025580312807812946,
        0.03058031280781296,
        0.045227822671749414,
        0.06016062561562592
    ],
    "haa_ma40": [
        0.020584131166626895,
        0.025584131166626906,
        0.036626070511353276,
        0.05183532251194682,
        0.06989380274710856
    ],
    "haa_ma60": [
        0.020589369402023744,
        0.025589369402023755,
        0.03859647862968652,
        0.05384528152001928,
        0.06901274247202671
    ]
}