{
    "haa_ma30": [
        0.025595482739597948,
        0.030595482739597963,
        0.04040755917513815,
        0.060190965479195925,
        0.07699031199600197
    ],
    "haa_ma40": [
        0.025595156086954868,
        0.030595156086954883,
        0.04032108282005215,
        0.05519031217390974,
        0.07678119882729671
    ],
    "haa_ma60": [
        0.025592574689222585,
        0.0305925746892226,
        0.039600469012550724,
        0.055185149378445174,
        0.07524290145520947
    ]
}