{
    "haa_ma60": {
        "haa_ma60/Purity/*a_sixty/event_proportion": 0.15773325447286707,
        "haa_ma60/Purity/*a_sixty/event_proportion-unc": 0.0003460946145084003,
        "haa_ma60/Purity/*a_sixty/event_purity": 0.6067494726974455,
        "haa_ma60/Purity/*a_sixty/event_purity-unc": 0.0011678474339280325,
        "haa_ma60/Purity/*a_sixty/a_sixty_purity": 0.6956105365150184,
        "haa_ma60/Purity/*a_sixty/a_sixty_purity-unc": 0.0008917302558855384,
        "haa_ma60/Purity/0a_sixty/event_proportion": 0.8422667455271329,
        "haa_ma60/Purity/0a_sixty/event_proportion-unc": 0.0003460946145084004,
        "haa_ma60/Purity/0a_sixty/event_purity": 1.0,
        "haa_ma60/Purity/0a_sixty/event_purity-unc": 0.0,
        "haa_ma60/Purity/0a_sixty/a_sixty_purity": 0,
        "haa_ma60/Purity/0a_sixty/a_sixty_purity-unc": 0,
        "haa_ma60/Purity/1a_sixty/event_proportion": 0.07539228874471209,
        "haa_ma60/Purity/1a_sixty/event_proportion-unc": 0.0002506978455371137,
        "haa_ma60/Purity/1a_sixty/event_purity": 0.7151877541258073,
        "haa_ma60/Purity/1a_sixty/event_purity-unc": 0.001560753373832131,
        "haa_ma60/Purity/1a_sixty/a_sixty_purity": 0.7151877541258073,
        "haa_ma60/Purity/1a_sixty/a_sixty_purity-unc": 0.001560753373832131,
        "haa_ma60/Purity/2a_sixty/event_proportion": 0.08234096572815498,
        "haa_ma60/Purity/2a_sixty/event_proportion-unc": 0.0002610099314998339,
        "haa_ma60/Purity/2a_sixty/event_purity": 0.5074621962836839,
        "haa_ma60/Purity/2a_sixty/event_purity-unc": 0.0016543295841506909,
        "haa_ma60/Purity/2a_sixty/a_sixty_purity": 0.6866479792394363,
        "haa_ma60/Purity/2a_sixty/a_sixty_purity-unc": 0.001085347297784009
    },
    "haa_ma30": {
        "haa_ma30/Purity/*a_thirty/event_proportion": 0.1429258035998184,
        "haa_ma30/Purity/*a_thirty/event_proportion-unc": 0.0003355188737915341,
        "haa_ma30/Purity/*a_thirty/event_purity": 0.7742385566493277,
        "haa_ma30/Purity/*a_thirty/event_purity-unc": 0.0010601306397947288,
        "haa_ma30/Purity/*a_thirty/a_thirty_purity": 0.8261181687657888,
        "haa_ma30/Purity/*a_thirty/a_thirty_purity-unc": 0.0008078785197051292,
        "haa_ma30/Purity/0a_thirty/event_proportion": 0.8570741964001816,
        "haa_ma30/Purity/0a_thirty/event_proportion-unc": 0.0003355188737915341,
        "haa_ma30/Purity/0a_thirty/event_purity": 1.0,
        "haa_ma30/Purity/0a_thirty/event_purity-unc": 0.0,
        "haa_ma30/Purity/0a_thirty/a_thirty_purity": 0,
        "haa_ma30/Purity/0a_thirty/a_thirty_purity-unc": 0,
        "haa_ma30/Purity/1a_thirty/event_proportion": 0.08359202548140633,
        "haa_ma30/Purity/1a_thirty/event_proportion-unc": 0.0002653256751852556,
        "haa_ma30/Purity/1a_thirty/event_purity": 0.8576108704733845,
        "haa_ma30/Purity/1a_thirty/event_purity-unc": 0.001158653441040256,
        "haa_ma30/Purity/1a_thirty/a_thirty_purity": 0.8576108704733845,
        "haa_ma30/Purity/1a_thirty/a_thirty_purity-unc": 0.001158653441040256,
        "haa_ma30/Purity/2a_thirty/event_proportion": 0.05933377811841208,
        "haa_ma30/Purity/2a_thirty/event_proportion-unc": 0.00022647548595270417,
        "haa_ma30/Purity/2a_thirty/event_purity": 0.6567799891582127,
        "haa_ma30/Purity/2a_thirty/event_purity-unc": 0.0018685196902560684,
        "haa_ma30/Purity/2a_thirty/a_thirty_purity": 0.8039340199798652,
        "haa_ma30/Purity/2a_thirty/a_thirty_purity-unc": 0.0011048358305605181
    },
    "haa_ma40": {
        "haa_ma40/Purity/*a_forty/event_proportion": 0.15903639352804305,
        "haa_ma40/Purity/*a_forty/event_proportion-unc": 0.00034663133355516235,
        "haa_ma40/Purity/*a_forty/event_purity": 0.7044089817822341,
        "haa_ma40/Purity/*a_forty/event_purity-unc": 0.0010845279718457524,
        "haa_ma40/Purity/*a_forty/a_forty_purity": 0.7634071409242132,
        "haa_ma40/Purity/*a_forty/a_forty_purity-unc": 0.0008478060412683434,
        "haa_ma40/Purity/0a_forty/event_proportion": 0.840963606471957,
        "haa_ma40/Purity/0a_forty/event_proportion-unc": 0.0003466313335551623,
        "haa_ma40/Purity/0a_forty/event_purity": 1.0,
        "haa_ma40/Purity/0a_forty/event_purity-unc": 0.0,
        "haa_ma40/Purity/0a_forty/a_forty_purity": 0,
        "haa_ma40/Purity/0a_forty/a_forty_purity-unc": 0,
        "haa_ma40/Purity/1a_forty/event_proportion": 0.092323310364654,
        "haa_ma40/Purity/1a_forty/event_proportion-unc": 0.00027437986184125564,
        "haa_ma40/Purity/1a_forty/event_purity": 0.785405678921044,
        "haa_ma40/Purity/1a_forty/event_purity-unc": 0.0012806528037817774,
        "haa_ma40/Purity/1a_forty/a_forty_purity": 0.785405678921044,
        "haa_ma40/Purity/1a_forty/a_forty_purity-unc": 0.0012806528037817774,
        "haa_ma40/Purity/2a_forty/event_proportion": 0.06671308316338906,
        "haa_ma40/Purity/2a_forty/event_proportion-unc": 0.00023650702913292774,
        "haa_ma40/Purity/2a_forty/event_purity": 0.5923187761752784,
        "haa_ma40/Purity/2a_forty/event_purity-unc": 0.0018032816219327368,
        "haa_ma40/Purity/2a_forty/a_forty_purity": 0.7481854051360778,
        "haa_ma40/Purity/2a_forty/a_forty_purity-unc": 0.0011263037207408086
    }
}