{
    "haa_ma30": {
        "haa_ma30/Purity/*a_thirty/event_proportion": 0.1429258035998184,
        "haa_ma30/Purity/*a_thirty/event_proportion-unc": 0.0003355188737915341,
        "haa_ma30/Purity/*a_thirty/event_purity": 0.7742385566493277,
        "haa_ma30/Purity/*a_thirty/event_purity-unc": 0.0010601306397947288,
        "haa_ma30/Purity/*a_thirty/a_thirty_purity": 0.8261181687657888,
        "haa_ma30/Purity/*a_thirty/a_thirty_purity-unc": 0.0008078785197051292,
        "haa_ma30/Purity/0a_thirty/event_proportion": 0.8570741964001816,
        "haa_ma30/Purity/0a_thirty/event_proportion-unc": 0.0003355188737915341,
        "haa_ma30/Purity/0a_thirty/event_purity": 1.0,
        "haa_ma30/Purity/0a_thirty/event_purity-unc": 0.0,
        "haa_ma30/Purity/0a_thirty/a_thirty_purity": 0,
        "haa_ma30/Purity/0a_thirty/a_thirty_purity-unc": 0,
        "haa_ma30/Purity/1a_thirty/event_proportion": 0.08359202548140633,
        "haa_ma30/Purity/1a_thirty/event_proportion-unc": 0.0002653256751852556,
        "haa_ma30/Purity/1a_thirty/event_purity": 0.8576108704733845,
        "haa_ma30/Purity/1a_thirty/event_purity-unc": 0.001158653441040256,
        "haa_ma30/Purity/1a_thirty/a_thirty_purity": 0.8576108704733845,
        "haa_ma30/Purity/1a_thirty/a_thirty_purity-unc": 0.001158653441040256,
        "haa_ma30/Purity/2a_thirty/event_proportion": 0.05933377811841208,
        "haa_ma30/Purity/2a_thirty/event_proportion-unc": 0.00022647548595270417,
        "haa_ma30/Purity/2a_thirty/event_purity": 0.6567799891582127,
        "haa_ma30/Purity/2a_thirty/event_purity-unc": 0.0018685196902560684,
        "haa_ma30/Purity/2a_thirty/a_thirty_purity": 0.8039340199798652,
        "haa_ma30/Purity/2a_thirty/a_thirty_purity-unc": 0.0011048358305605181
    }
}