{
    "30": {
        "classification": 0.5254254937171936,
        "segmentation": 1.2210725545883179,
        "total_loss": 1.7464980483055115
    }
}