{
    "haa_ma60": {
        "haa_ma60/Purity/*a_sixty/event_proportion": 0.15773325447286707,
        "haa_ma60/Purity/*a_sixty/event_proportion-unc": 0.0003460946145084003,
        "haa_ma60/Purity/*a_sixty/event_purity": 0.3754679988796607,
        "haa_ma60/Purity/*a_sixty/event_purity-unc": 0.001157738731252474,
        "haa_ma60/Purity/*a_sixty/a_sixty_purity": 0.42232061710869256,
        "haa_ma60/Purity/*a_sixty/a_sixty_purity-unc": 0.0009571945003013458,
        "haa_ma60/Purity/0a_sixty/event_proportion": 0.8422667455271329,
        "haa_ma60/Purity/0a_sixty/event_proportion-unc": 0.0003460946145084004,
        "haa_ma60/Purity/0a_sixty/event_purity": 1.0,
        "haa_ma60/Purity/0a_sixty/event_purity-unc": 0.0,
        "haa_ma60/Purity/0a_sixty/a_sixty_purity": 0,
        "haa_ma60/Purity/0a_sixty/a_sixty_purity-unc": 0,
        "haa_ma60/Purity/1a_sixty/event_proportion": 0.07539228874471209,
        "haa_ma60/Purity/1a_sixty/event_proportion-unc": 0.0002506978455371137,
        "haa_ma60/Purity/1a_sixty/event_purity": 0.5339392489834968,
        "haa_ma60/Purity/1a_sixty/event_purity-unc": 0.0017250913871242053,
        "haa_ma60/Purity/1a_sixty/a_sixty_purity": 0.5339392489834968,
        "haa_ma60/Purity/1a_sixty/a_sixty_purity-unc": 0.0017250913871242053,
        "haa_ma60/Purity/2a_sixty/event_proportion": 0.08234096572815498,
        "haa_ma60/Purity/2a_sixty/event_proportion-unc": 0.0002610099314998339,
        "haa_ma60/Purity/2a_sixty/event_purity": 0.23036998915983226,
        "haa_ma60/Purity/2a_sixty/event_purity-unc": 0.0013933311680612668,
        "haa_ma60/Purity/2a_sixty/a_sixty_purity": 0.37122099707643963,
        "haa_ma60/Purity/2a_sixty/a_sixty_purity-unc": 0.0011304482557735833
    },
    "haa_ma40": {
        "haa_ma40/Purity/*a_forty/event_proportion": 0.15903639352804305,
        "haa_ma40/Purity/*a_forty/event_proportion-unc": 0.00034663133355516235,
        "haa_ma40/Purity/*a_forty/event_purity": 0.48930941957350654,
        "haa_ma40/Purity/*a_forty/event_purity-unc": 0.001188101133919624,
        "haa_ma40/Purity/*a_forty/a_forty_purity": 0.5176413938014358,
        "haa_ma40/Purity/*a_forty/a_forty_purity-unc": 0.0009968208111870783,
        "haa_ma40/Purity/0a_forty/event_proportion": 0.840963606471957,
        "haa_ma40/Purity/0a_forty/event_proportion-unc": 0.0003466313335551623,
        "haa_ma40/Purity/0a_forty/event_purity": 1.0,
        "haa_ma40/Purity/0a_forty/event_purity-unc": 0.0,
        "haa_ma40/Purity/0a_forty/a_forty_purity": 0,
        "haa_ma40/Purity/0a_forty/a_forty_purity-unc": 0,
        "haa_ma40/Purity/1a_forty/event_proportion": 0.092323310364654,
        "haa_ma40/Purity/1a_forty/event_proportion-unc": 0.00027437986184125564,
        "haa_ma40/Purity/1a_forty/event_purity": 0.6312982893174786,
        "haa_ma40/Purity/1a_forty/event_purity-unc": 0.0015049780167692545,
        "haa_ma40/Purity/1a_forty/a_forty_purity": 0.6312982893174786,
        "haa_ma40/Purity/1a_forty/a_forty_purity-unc": 0.0015049780167692545,
        "haa_ma40/Purity/2a_forty/event_proportion": 0.06671308316338906,
        "haa_ma40/Purity/2a_forty/event_proportion-unc": 0.00023650702913292774,
        "haa_ma40/Purity/2a_forty/event_purity": 0.2928129923645619,
        "haa_ma40/Purity/2a_forty/event_purity-unc": 0.0016698895993089609,
        "haa_ma40/Purity/2a_forty/a_forty_purity": 0.43899729325738296,
        "haa_ma40/Purity/2a_forty/a_forty_purity-unc": 0.0012877271534521327
    }
}