{
    "haa_ma30": [
        0.04815428423047451,
        0.06025813223908367,
        0.08852609800188392,
        0.11951626447816734,
        0.16241993322475154
    ],
    "haa_ma40": [
        0.03514013135193418,
        0.046951158116890324,
        0.060235385104911124,
        0.08589419240087534,
        0.11447077020982219
    ],
    "haa_ma60": [
        0.03542282921377083,
        0.047139756460625154,
        0.06023584284134873,
        0.08638224280913873,
        0.11947168568269746
    ]
}