{
    "haa_ma30": [
        0.02559873062286389,
        0.030598730622863904,
        0.041220715917522785,
        0.06019746124572781,
        0.08343862234239208
    ],
    "haa_ma40": [
        0.025594497692437934,
        0.03059449769243795,
        0.04014162100843708,
        0.05518899538487587,
        0.075967173545917
    ],
    "haa_ma60": [
        0.0255968470307325,
        0.030596847030732514,
        0.04074897530650867,
        0.060193694061465026,
        0.07762753709335622
    ]
}