{
    "haa_ma40": {
        "haa_ma40/Purity/*a_forty/event_proportion": 0.15903639352804305,
        "haa_ma40/Purity/*a_forty/event_proportion-unc": 0.00034663133355516235,
        "haa_ma40/Purity/*a_forty/event_purity": 0.651150967377489,
        "haa_ma40/Purity/*a_forty/event_purity-unc": 0.00113277147699708,
        "haa_ma40/Purity/*a_forty/a_forty_purity": 0.7064596233743493,
        "haa_ma40/Purity/*a_forty/a_forty_purity-unc": 0.000908437760441037,
        "haa_ma40/Purity/0a_forty/event_proportion": 0.840963606471957,
        "haa_ma40/Purity/0a_forty/event_proportion-unc": 0.0003466313335551623,
        "haa_ma40/Purity/0a_forty/event_purity": 1.0,
        "haa_ma40/Purity/0a_forty/event_purity-unc": 0.0,
        "haa_ma40/Purity/0a_forty/a_forty_purity": 0,
        "haa_ma40/Purity/0a_forty/a_forty_purity-unc": 0,
        "haa_ma40/Purity/1a_forty/event_proportion": 0.092323310364654,
        "haa_ma40/Purity/1a_forty/event_proportion-unc": 0.00027437986184125564,
        "haa_ma40/Purity/1a_forty/event_purity": 0.7435435844540023,
        "haa_ma40/Purity/1a_forty/event_purity-unc": 0.0013621824260032166,
        "haa_ma40/Purity/1a_forty/a_forty_purity": 0.7435435844540023,
        "haa_ma40/Purity/1a_forty/a_forty_purity-unc": 0.0013621824260032166,
        "haa_ma40/Purity/2a_forty/event_proportion": 0.06671308316338906,
        "haa_ma40/Purity/2a_forty/event_proportion-unc": 0.00023650702913292774,
        "haa_ma40/Purity/2a_forty/event_purity": 0.5232901062497475,
        "haa_ma40/Purity/2a_forty/event_purity-unc": 0.0018328368008385617,
        "haa_ma40/Purity/2a_forty/a_forty_purity": 0.680799633714432,
        "haa_ma40/Purity/2a_forty/a_forty_purity-unc": 0.0012096279163395143
    },
    "haa_ma60": {
        "haa_ma60/Purity/*a_sixty/event_proportion": 0.15773325447286707,
        "haa_ma60/Purity/*a_sixty/event_proportion-unc": 0.0003460946145084003,
        "haa_ma60/Purity/*a_sixty/event_purity": 0.5736937472491669,
        "haa_ma60/Purity/*a_sixty/event_purity-unc": 0.001182354366977488,
        "haa_ma60/Purity/*a_sixty/a_sixty_purity": 0.6593771829018229,
        "haa_ma60/Purity/*a_sixty/a_sixty_purity-unc": 0.0009184160069992584,
        "haa_ma60/Purity/0a_sixty/event_proportion": 0.8422667455271329,
        "haa_ma60/Purity/0a_sixty/event_proportion-unc": 0.0003460946145084004,
        "haa_ma60/Purity/0a_sixty/event_purity": 1.0,
        "haa_ma60/Purity/0a_sixty/event_purity-unc": 0.0,
        "haa_ma60/Purity/0a_sixty/a_sixty_purity": 0,
        "haa_ma60/Purity/0a_sixty/a_sixty_purity-unc": 0,
        "haa_ma60/Purity/1a_sixty/event_proportion": 0.07539228874471209,
        "haa_ma60/Purity/1a_sixty/event_proportion-unc": 0.0002506978455371137,
        "haa_ma60/Purity/1a_sixty/event_purity": 0.6891174360200909,
        "haa_ma60/Purity/1a_sixty/event_purity-unc": 0.0016006254584772796,
        "haa_ma60/Purity/1a_sixty/a_sixty_purity": 0.6891174360200909,
        "haa_ma60/Purity/1a_sixty/a_sixty_purity-unc": 0.0016006254584772796,
        "haa_ma60/Purity/2a_sixty/event_proportion": 0.08234096572815498,
        "haa_ma60/Purity/2a_sixty/event_proportion-unc": 0.0002610099314998339,
        "haa_ma60/Purity/2a_sixty/event_purity": 0.46801055547647463,
        "haa_ma60/Purity/2a_sixty/event_purity-unc": 0.0016511241739159354,
        "haa_ma60/Purity/2a_sixty/a_sixty_purity": 0.645761932396772,
        "haa_ma60/Purity/2a_sixty/a_sixty_purity-unc": 0.0011191008903220798
    },
    "haa_ma30": {
        "haa_ma30/Purity/*a_thirty/event_proportion": 0.1429258035998184,
        "haa_ma30/Purity/*a_thirty/event_proportion-unc": 0.0003355188737915341,
        "haa_ma30/Purity/*a_thirty/event_purity": 0.742957814398786,
        "haa_ma30/Purity/*a_thirty/event_purity-unc": 0.0011081061946057484,
        "haa_ma30/Purity/*a_thirty/a_thirty_purity": 0.795062973665558,
        "haa_ma30/Purity/*a_thirty/a_thirty_purity-unc": 0.0008604167394371697,
        "haa_ma30/Purity/0a_thirty/event_proportion": 0.8570741964001816,
        "haa_ma30/Purity/0a_thirty/event_proportion-unc": 0.0003355188737915341,
        "haa_ma30/Purity/0a_thirty/event_purity": 1.0,
        "haa_ma30/Purity/0a_thirty/event_purity-unc": 0.0,
        "haa_ma30/Purity/0a_thirty/a_thirty_purity": 0,
        "haa_ma30/Purity/0a_thirty/a_thirty_purity-unc": 0,
        "haa_ma30/Purity/1a_thirty/event_proportion": 0.08359202548140633,
        "haa_ma30/Purity/1a_thirty/event_proportion-unc": 0.0002653256751852556,
        "haa_ma30/Purity/1a_thirty/event_purity": 0.8320067720586619,
        "haa_ma30/Purity/1a_thirty/event_purity-unc": 0.0012395935784343037,
        "haa_ma30/Purity/1a_thirty/a_thirty_purity": 0.8320067720586619,
        "haa_ma30/Purity/1a_thirty/a_thirty_purity-unc": 0.0012395935784343037,
        "haa_ma30/Purity/2a_thirty/event_proportion": 0.05933377811841208,
        "haa_ma30/Purity/2a_thirty/event_proportion-unc": 0.00022647548595270417,
        "haa_ma30/Purity/2a_thirty/event_purity": 0.6175017424301092,
        "haa_ma30/Purity/2a_thirty/event_purity-unc": 0.0019126488627567197,
        "haa_ma30/Purity/2a_thirty/a_thirty_purity": 0.7690389529931078,
        "haa_ma30/Purity/2a_thirty/a_thirty_purity-unc": 0.001172816219229888
    }
}