{
    "haa_ma30": [
        0.05526724168800258,
        0.07586217889047892,
        0.10456326030474752,
        0.143763809537543,
        0.19456483256777293
    ],
    "haa_ma40": [
        0.036521743634788,
        0.04796063587013027,
        0.06568387596411461,
        0.08833581703751117,
        0.11947555924477214
    ],
    "haa_ma60": [
        0.0301430367692576,
        0.04531754072458997,
        0.06022943793565431,
        0.08182079899450402,
        0.11025359243017101
    ]
}