{
    "haa_ma30": {
        "haa_ma30/Purity/*a_thirty/event_proportion": 0.1429258035998184,
        "haa_ma30/Purity/*a_thirty/event_proportion-unc": 0.0003355188737915341,
        "haa_ma30/Purity/*a_thirty/event_purity": 0.7713773171217859,
        "haa_ma30/Purity/*a_thirty/event_purity-unc": 0.0010648543099022222,
        "haa_ma30/Purity/*a_thirty/a_thirty_purity": 0.82264234956291,
        "haa_ma30/Purity/*a_thirty/a_thirty_purity-unc": 0.0008141948790755379,
        "haa_ma30/Purity/0a_thirty/event_proportion": 0.8570741964001816,
        "haa_ma30/Purity/0a_thirty/event_proportion-unc": 0.0003355188737915341,
        "haa_ma30/Purity/0a_thirty/event_purity": 1.0,
        "haa_ma30/Purity/0a_thirty/event_purity-unc": 0.0,
        "haa_ma30/Purity/0a_thirty/a_thirty_purity": 0,
        "haa_ma30/Purity/0a_thirty/a_thirty_purity-unc": 0,
        "haa_ma30/Purity/1a_thirty/event_proportion": 0.08359202548140633,
        "haa_ma30/Purity/1a_thirty/event_proportion-unc": 0.0002653256751852556,
        "haa_ma30/Purity/1a_thirty/event_purity": 0.8558299069941294,
        "haa_ma30/Purity/1a_thirty/event_purity-unc": 0.0011646657882715494,
        "haa_ma30/Purity/1a_thirty/a_thirty_purity": 0.8558299069941294,
        "haa_ma30/Purity/1a_thirty/a_thirty_purity-unc": 0.0011646657882715494,
        "haa_ma30/Purity/2a_thirty/event_proportion": 0.05933377811841208,
        "haa_ma30/Purity/2a_thirty/event_proportion-unc": 0.00022647548595270417,
        "haa_ma30/Purity/2a_thirty/event_purity": 0.6523968094168667,
        "haa_ma30/Purity/2a_thirty/event_purity-unc": 0.0018741278463277255,
        "haa_ma30/Purity/2a_thirty/a_thirty_purity": 0.79926430728723,
        "haa_ma30/Purity/2a_thirty/a_thirty_purity-unc": 0.0011146638960723844
    },
    "haa_ma60": {
        "haa_ma60/Purity/*a_sixty/event_proportion": 0.15773325447286707,
        "haa_ma60/Purity/*a_sixty/event_proportion-unc": 0.0003460946145084003,
        "haa_ma60/Purity/*a_sixty/event_purity": 0.5950259221364185,
        "haa_ma60/Purity/*a_sixty/event_purity-unc": 0.0011736221726879744,
        "haa_ma60/Purity/*a_sixty/a_sixty_purity": 0.6838444609687765,
        "haa_ma60/Purity/*a_sixty/a_sixty_purity-unc": 0.0009010827651981326,
        "haa_ma60/Purity/0a_sixty/event_proportion": 0.8422667455271329,
        "haa_ma60/Purity/0a_sixty/event_proportion-unc": 0.0003460946145084004,
        "haa_ma60/Purity/0a_sixty/event_purity": 1.0,
        "haa_ma60/Purity/0a_sixty/event_purity-unc": 0.0,
        "haa_ma60/Purity/0a_sixty/a_sixty_purity": 0,
        "haa_ma60/Purity/0a_sixty/a_sixty_purity-unc": 0,
        "haa_ma60/Purity/1a_sixty/event_proportion": 0.07539228874471209,
        "haa_ma60/Purity/1a_sixty/event_proportion-unc": 0.0002506978455371137,
        "haa_ma60/Purity/1a_sixty/event_purity": 0.7003228892609423,
        "haa_ma60/Purity/1a_sixty/event_purity-unc": 0.0015842396019722415,
        "haa_ma60/Purity/1a_sixty/a_sixty_purity": 0.7003228892609423,
        "haa_ma60/Purity/1a_sixty/a_sixty_purity-unc": 0.0015842396019722415,
        "haa_ma60/Purity/2a_sixty/event_proportion": 0.08234096572815498,
        "haa_ma60/Purity/2a_sixty/event_proportion-unc": 0.0002610099314998339,
        "haa_ma60/Purity/2a_sixty/event_purity": 0.49861486745431255,
        "haa_ma60/Purity/2a_sixty/event_purity-unc": 0.0016545075068600422,
        "haa_ma60/Purity/2a_sixty/a_sixty_purity": 0.6763005463882532,
        "haa_ma60/Purity/2a_sixty/a_sixty_purity-unc": 0.0010947784968679054
    },
    "haa_ma40": {
        "haa_ma40/Purity/*a_forty/event_proportion": 0.15903639352804305,
        "haa_ma40/Purity/*a_forty/event_proportion-unc": 0.00034663133355516235,
        "haa_ma40/Purity/*a_forty/event_purity": 0.6938172574495127,
        "haa_ma40/Purity/*a_forty/event_purity-unc": 0.001095457673429799,
        "haa_ma40/Purity/*a_forty/a_forty_purity": 0.7520653921459385,
        "haa_ma40/Purity/*a_forty/a_forty_purity-unc": 0.0008614180341745958,
        "haa_ma40/Purity/0a_forty/event_proportion": 0.840963606471957,
        "haa_ma40/Purity/0a_forty/event_proportion-unc": 0.0003466313335551623,
        "haa_ma40/Purity/0a_forty/event_purity": 1.0,
        "haa_ma40/Purity/0a_forty/event_purity-unc": 0.0,
        "haa_ma40/Purity/0a_forty/a_forty_purity": 0,
        "haa_ma40/Purity/0a_forty/a_forty_purity-unc": 0,
        "haa_ma40/Purity/1a_forty/event_proportion": 0.092323310364654,
        "haa_ma40/Purity/1a_forty/event_proportion-unc": 0.00027437986184125564,
        "haa_ma40/Purity/1a_forty/event_purity": 0.7779323900901076,
        "haa_ma40/Purity/1a_forty/event_purity-unc": 0.0012965486280011327,
        "haa_ma40/Purity/1a_forty/a_forty_purity": 0.7779323900901076,
        "haa_ma40/Purity/1a_forty/a_forty_purity-unc": 0.0012965486280011327,
        "haa_ma40/Purity/2a_forty/event_proportion": 0.06671308316338906,
        "haa_ma40/Purity/2a_forty/event_proportion-unc": 0.00023650702913292774,
        "haa_ma40/Purity/2a_forty/event_purity": 0.5774114922096985,
        "haa_ma40/Purity/2a_forty/event_purity-unc": 0.0018127044653615042,
        "haa_ma40/Purity/2a_forty/a_forty_purity": 0.7341669023283373,
        "haa_ma40/Purity/2a_forty/a_forty_purity-unc": 0.0011463371861997298
    }
}