{
    "haa_ma60": {
        "haa_ma60/Purity/*a_sixty/event_proportion": 0.15773325447286707,
        "haa_ma60/Purity/*a_sixty/event_proportion-unc": 0.0003460946145084003,
        "haa_ma60/Purity/*a_sixty/event_purity": 0.22650288373050123,
        "haa_ma60/Purity/*a_sixty/event_purity-unc": 0.001000720893969007,
        "haa_ma60/Purity/*a_sixty/a_sixty_purity": 0.2569683859483089,
        "haa_ma60/Purity/*a_sixty/a_sixty_purity-unc": 0.0008467966149729285,
        "haa_ma60/Purity/0a_sixty/event_proportion": 0.8422667455271329,
        "haa_ma60/Purity/0a_sixty/event_proportion-unc": 0.0003460946145084004,
        "haa_ma60/Purity/0a_sixty/event_purity": 1.0,
        "haa_ma60/Purity/0a_sixty/event_purity-unc": 0.0,
        "haa_ma60/Purity/0a_sixty/a_sixty_purity": 0,
        "haa_ma60/Purity/0a_sixty/a_sixty_purity-unc": 0,
        "haa_ma60/Purity/1a_sixty/event_proportion": 0.07539228874471209,
        "haa_ma60/Purity/1a_sixty/event_proportion-unc": 0.0002506978455371137,
        "haa_ma60/Purity/1a_sixty/event_purity": 0.34484573068643865,
        "haa_ma60/Purity/1a_sixty/event_purity-unc": 0.001643724895502557,
        "haa_ma60/Purity/1a_sixty/a_sixty_purity": 0.34484573068643865,
        "haa_ma60/Purity/1a_sixty/a_sixty_purity-unc": 0.001643724895502557,
        "haa_ma60/Purity/2a_sixty/event_proportion": 0.08234096572815498,
        "haa_ma60/Purity/2a_sixty/event_proportion-unc": 0.0002610099314998339,
        "haa_ma60/Purity/2a_sixty/event_purity": 0.11814687879816484,
        "haa_ma60/Purity/2a_sixty/event_purity-unc": 0.001068094450932003,
        "haa_ma60/Purity/2a_sixty/a_sixty_purity": 0.21673765699081324,
        "haa_ma60/Purity/2a_sixty/a_sixty_purity-unc": 0.0009640647798798582
    },
    "haa_ma30": {
        "haa_ma30/Purity/*a_thirty/event_proportion": 0.1429258035998184,
        "haa_ma30/Purity/*a_thirty/event_proportion-unc": 0.0003355188737915341,
        "haa_ma30/Purity/*a_thirty/event_purity": 0.5572408649302051,
        "haa_ma30/Purity/*a_thirty/event_purity-unc": 0.001259512107274851,
        "haa_ma30/Purity/*a_thirty/a_thirty_purity": 0.6119622703233193,
        "haa_ma30/Purity/*a_thirty/a_thirty_purity-unc": 0.0010387168400090958,
        "haa_ma30/Purity/0a_thirty/event_proportion": 0.8570741964001816,
        "haa_ma30/Purity/0a_thirty/event_proportion-unc": 0.0003355188737915341,
        "haa_ma30/Purity/0a_thirty/event_purity": 1.0,
        "haa_ma30/Purity/0a_thirty/event_purity-unc": 0.0,
        "haa_ma30/Purity/0a_thirty/a_thirty_purity": 0,
        "haa_ma30/Purity/0a_thirty/a_thirty_purity-unc": 0,
        "haa_ma30/Purity/1a_thirty/event_proportion": 0.08359202548140633,
        "haa_ma30/Purity/1a_thirty/event_proportion-unc": 0.0002653256751852556,
        "haa_ma30/Purity/1a_thirty/event_purity": 0.6766891669048614,
        "haa_ma30/Purity/1a_thirty/event_purity-unc": 0.001550867660508751,
        "haa_ma30/Purity/1a_thirty/a_thirty_purity": 0.6766891669048614,
        "haa_ma30/Purity/1a_thirty/a_thirty_purity-unc": 0.001550867660508751,
        "haa_ma30/Purity/2a_thirty/event_proportion": 0.05933377811841208,
        "haa_ma30/Purity/2a_thirty/event_proportion-unc": 0.00022647548595270417,
        "haa_ma30/Purity/2a_thirty/event_purity": 0.38895686517463024,
        "haa_ma30/Purity/2a_thirty/event_purity-unc": 0.0019186160690336097,
        "haa_ma30/Purity/2a_thirty/a_thirty_purity": 0.5663672268256795,
        "haa_ma30/Purity/2a_thirty/a_thirty_purity-unc": 0.0013791024525824879
    },
    "haa_ma40": {
        "haa_ma40/Purity/*a_forty/event_proportion": 0.15903639352804305,
        "haa_ma40/Purity/*a_forty/event_proportion-unc": 0.00034663133355516235,
        "haa_ma40/Purity/*a_forty/event_purity": 0.25103234006496256,
        "haa_ma40/Purity/*a_forty/event_purity-unc": 0.0010305737315242096,
        "haa_ma40/Purity/*a_forty/a_forty_purity": 0.29633004886900877,
        "haa_ma40/Purity/*a_forty/a_forty_purity-unc": 0.0009109403318074394,
        "haa_ma40/Purity/0a_forty/event_proportion": 0.840963606471957,
        "haa_ma40/Purity/0a_forty/event_proportion-unc": 0.0003466313335551623,
        "haa_ma40/Purity/0a_forty/event_purity": 1.0,
        "haa_ma40/Purity/0a_forty/event_purity-unc": 0.0,
        "haa_ma40/Purity/0a_forty/a_forty_purity": 0,
        "haa_ma40/Purity/0a_forty/a_forty_purity-unc": 0,
        "haa_ma40/Purity/1a_forty/event_proportion": 0.092323310364654,
        "haa_ma40/Purity/1a_forty/event_proportion-unc": 0.00027437986184125564,
        "haa_ma40/Purity/1a_forty/event_purity": 0.3298561781133838,
        "haa_ma40/Purity/1a_forty/event_purity-unc": 0.0014666334777942,
        "haa_ma40/Purity/1a_forty/a_forty_purity": 0.3298561781133838,
        "haa_ma40/Purity/1a_forty/a_forty_purity-unc": 0.0014666334777942,
        "haa_ma40/Purity/2a_forty/event_proportion": 0.06671308316338906,
        "haa_ma40/Purity/2a_forty/event_proportion-unc": 0.00023650702913292774,
        "haa_ma40/Purity/2a_forty/event_purity": 0.1419491240119043,
        "haa_ma40/Purity/2a_forty/event_purity-unc": 0.0012807027133002126,
        "haa_ma40/Purity/2a_forty/a_forty_purity": 0.27313187627088975,
        "haa_ma40/Purity/2a_forty/a_forty_purity-unc": 0.001156177357004401
    }
}