{
  "All Four True":{
    "Count":14031,
    "Total":17075,
    "Percentage":82.1727672035
  },
  "All Events":{
    "Count":14031,
    "Total":19625,
    "Percentage":71.4955414013
  }
}