{
  "All Four True":{
    "Count":14388,
    "Total":17485,
    "Percentage":82.2876751501
  },
  "All Events":{
    "Count":14388,
    "Total":20125,
    "Percentage":71.4931677019
  }
}