{
  "All Four True":{
    "Count":13996,
    "Total":16999,
    "Percentage":82.3342549562
  },
  "All Events":{
    "Count":13996,
    "Total":19538,
    "Percentage":71.6347630259
  }
}