{
    "haa_ma30": [
        0.025601574067311547,
        0.030601574067311562,
        0.047143587936340554,
        0.06520314813462315,
        0.08170308847231131
    ],
    "haa_ma40": [
        0.02560101852847921,
        0.030601018528479226,
        0.046752799431680536,
        0.06020203705695845,
        0.08105427282145045
    ],
    "haa_ma60": [
        0.02559791177245926,
        0.030597911772459276,
        0.04102328363700304,
        0.06019582354491855,
        0.07810910879546107
    ]
}