{
    "30": {
        "classification": 0.41341137886047363,
        "assignment": 1.875819444656372,
        "total_loss": 2.2892308235168457
    }
}