{
    "30": {
        "classification": 0.41335606575012207,
        "total_loss": 0.41335606575012207
    },
    "40": {
        "classification": 0.4267975389957428,
        "total_loss": 0.4267975389957428
    },
    "60": {
        "classification": 0.43864473700523376,
        "total_loss": 0.43864473700523376
    }
}