{
    "40": {
        "classification": 0.46138685941696167,
        "total_loss": 0.46138685941696167
    },
    "60": {
        "classification": 0.49730026721954346,
        "total_loss": 0.49730026721954346
    },
    "30": {
        "classification": 0.4502437114715576,
        "total_loss": 0.4502437114715576
    }
}