{
    "30": {
        "classification": 0.4501463770866394,
        "total_loss": 0.4501463770866394
    }
}