{
    "haa_ma30": [
        0.05026396833799199,
        0.0693283867535012,
        0.09802720427685323,
        0.1316750078502929,
        0.18087264366943304
    ],
    "haa_ma40": [
        0.039673234662870385,
        0.05525234821759645,
        0.07918398680777201,
        0.1118404709051828,
        0.148838278466172
    ],
    "haa_ma60": [
        0.04151862541698299,
        0.06025352106338298,
        0.07987483897017916,
        0.11355499181409555,
        0.15204189060252782
    ]
}