{
    "haa_ma30": [
        0.04573019568165497,
        0.06745706485629628,
        0.08948734180416958,
        0.12479449396512979,
        0.16770097722215338
    ],
    "haa_ma40": [
        0.036621040142590836,
        0.05024482437000016,
        0.06921279951400586,
        0.09867103557228753,
        0.13083024416167063
    ],
    "haa_ma60": [
        0.036225782703214505,
        0.050243158993221154,
        0.06806758713258339,
        0.09384183164176732,
        0.13096122174634245
    ]
}