{
  "All Four True":{
    "Count":14537,
    "Total":17654,
    "Percentage":82.3439447151
  },
  "All Events":{
    "Count":14537,
    "Total":20316,
    "Percentage":71.5544398504
  }
}