{
  "All Four True":{
    "Count":14465,
    "Total":17579,
    "Percentage":82.2856817794
  },
  "All Events":{
    "Count":14465,
    "Total":20236,
    "Percentage":71.4815180866
  }
}