{
    "haa_ma30": {
        "haa_ma30/Purity/*a_thirty/event_proportion": 0.1429258035998184,
        "haa_ma30/Purity/*a_thirty/event_proportion-unc": 0.0003355188737915341,
        "haa_ma30/Purity/*a_thirty/event_purity": 0.6194808618439243,
        "haa_ma30/Purity/*a_thirty/event_purity-unc": 0.0012311169245387188,
        "haa_ma30/Purity/*a_thirty/a_thirty_purity": 0.655139668865747,
        "haa_ma30/Purity/*a_thirty/a_thirty_purity-unc": 0.0010131796083161914,
        "haa_ma30/Purity/0a_thirty/event_proportion": 0.8570741964001816,
        "haa_ma30/Purity/0a_thirty/event_proportion-unc": 0.0003355188737915341,
        "haa_ma30/Purity/0a_thirty/event_purity": 1.0,
        "haa_ma30/Purity/0a_thirty/event_purity-unc": 0.0,
        "haa_ma30/Purity/0a_thirty/a_thirty_purity": 0,
        "haa_ma30/Purity/0a_thirty/a_thirty_purity-unc": 0,
        "haa_ma30/Purity/1a_thirty/event_proportion": 0.08359202548140633,
        "haa_ma30/Purity/1a_thirty/event_proportion-unc": 0.0002653256751852556,
        "haa_ma30/Purity/1a_thirty/event_purity": 0.7430135661045272,
        "haa_ma30/Purity/1a_thirty/event_purity-unc": 0.001448850150473576,
        "haa_ma30/Purity/1a_thirty/a_thirty_purity": 0.7430135661045272,
        "haa_ma30/Purity/1a_thirty/a_thirty_purity-unc": 0.001448850150473576,
        "haa_ma30/Purity/2a_thirty/event_proportion": 0.05933377811841208,
        "haa_ma30/Purity/2a_thirty/event_proportion-unc": 0.00022647548595270417,
        "haa_ma30/Purity/2a_thirty/event_purity": 0.44544257724773484,
        "haa_ma30/Purity/2a_thirty/event_purity-unc": 0.0019560076403199104,
        "haa_ma30/Purity/2a_thirty/a_thirty_purity": 0.593239371176334,
        "haa_ma30/Purity/2a_thirty/a_thirty_purity-unc": 0.0013670073903101487
    },
    "haa_ma40": {
        "haa_ma40/Purity/*a_forty/event_proportion": 0.15903639352804305,
        "haa_ma40/Purity/*a_forty/event_proportion-unc": 0.00034663133355516235,
        "haa_ma40/Purity/*a_forty/event_purity": 0.4967208021465895,
        "haa_ma40/Purity/*a_forty/event_purity-unc": 0.001188347241934721,
        "haa_ma40/Purity/*a_forty/a_forty_purity": 0.5279325384823547,
        "haa_ma40/Purity/*a_forty/a_forty_purity-unc": 0.0009958841719584271,
        "haa_ma40/Purity/0a_forty/event_proportion": 0.840963606471957,
        "haa_ma40/Purity/0a_forty/event_proportion-unc": 0.0003466313335551623,
        "haa_ma40/Purity/0a_forty/event_purity": 1.0,
        "haa_ma40/Purity/0a_forty/event_purity-unc": 0.0,
        "haa_ma40/Purity/0a_forty/a_forty_purity": 0,
        "haa_ma40/Purity/0a_forty/a_forty_purity-unc": 0,
        "haa_ma40/Purity/1a_forty/event_proportion": 0.092323310364654,
        "haa_ma40/Purity/1a_forty/event_proportion-unc": 0.00027437986184125564,
        "haa_ma40/Purity/1a_forty/event_purity": 0.6294591596442403,
        "haa_ma40/Purity/1a_forty/event_purity-unc": 0.001506527603698439,
        "haa_ma40/Purity/1a_forty/a_forty_purity": 0.6294591596442403,
        "haa_ma40/Purity/1a_forty/a_forty_purity-unc": 0.001506527603698439,
        "haa_ma40/Purity/2a_forty/event_proportion": 0.06671308316338906,
        "haa_ma40/Purity/2a_forty/event_proportion-unc": 0.00023650702913292774,
        "haa_ma40/Purity/2a_forty/event_purity": 0.31302603051481975,
        "haa_ma40/Purity/2a_forty/event_purity-unc": 0.001701711051570172,
        "haa_ma40/Purity/2a_forty/a_forty_purity": 0.45768189714378055,
        "haa_ma40/Purity/2a_forty/a_forty_purity-unc": 0.0012927643647370603
    },
    "haa_ma60": {
        "haa_ma60/Purity/*a_sixty/event_proportion": 0.15773325447286707,
        "haa_ma60/Purity/*a_sixty/event_proportion-unc": 0.0003460946145084003,
        "haa_ma60/Purity/*a_sixty/event_purity": 0.3615323497973672,
        "haa_ma60/Purity/*a_sixty/event_purity-unc": 0.0011486554588327693,
        "haa_ma60/Purity/*a_sixty/a_sixty_purity": 0.41079865101361757,
        "haa_ma60/Purity/*a_sixty/a_sixty_purity-unc": 0.0009534150199762177,
        "haa_ma60/Purity/0a_sixty/event_proportion": 0.8422667455271329,
        "haa_ma60/Purity/0a_sixty/event_proportion-unc": 0.0003460946145084004,
        "haa_ma60/Purity/0a_sixty/event_purity": 1.0,
        "haa_ma60/Purity/0a_sixty/event_purity-unc": 0.0,
        "haa_ma60/Purity/0a_sixty/a_sixty_purity": 0,
        "haa_ma60/Purity/0a_sixty/a_sixty_purity-unc": 0,
        "haa_ma60/Purity/1a_sixty/event_proportion": 0.07539228874471209,
        "haa_ma60/Purity/1a_sixty/event_proportion-unc": 0.0002506978455371137,
        "haa_ma60/Purity/1a_sixty/event_purity": 0.5210236785458024,
        "haa_ma60/Purity/1a_sixty/event_purity-unc": 0.0017275501791228123,
        "haa_ma60/Purity/1a_sixty/a_sixty_purity": 0.5210236785458024,
        "haa_ma60/Purity/1a_sixty/a_sixty_purity-unc": 0.0017275501791228123,
        "haa_ma60/Purity/2a_sixty/event_proportion": 0.08234096572815498,
        "haa_ma60/Purity/2a_sixty/event_proportion-unc": 0.0002610099314998339,
        "haa_ma60/Purity/2a_sixty/event_purity": 0.21550034491442838,
        "haa_ma60/Purity/2a_sixty/event_purity-unc": 0.0013605696137161773,
        "haa_ma60/Purity/2a_sixty/a_sixty_purity": 0.36033703067000994,
        "haa_ma60/Purity/2a_sixty/a_sixty_purity-unc": 0.0011233509551099017
    }
}