{
  "All Four True":{
    "Count":13994,
    "Total":16995,
    "Percentage":82.3418652545
  },
  "All Events":{
    "Count":13994,
    "Total":19533,
    "Percentage":71.6428607997
  }
}