{
  "syst_jes": 0.0,
  "syst_tag": 30,
  "syst_met_px": 0.9926626086235046,
  "syst_met_py": 0.9655373096466064
}