{
    "30": {
        "classification": 0.5759989023208618,
        "total_loss": 0.5759989023208618
    }
}