{
    "60": {
        "classification": 0.5718183517456055,
        "total_loss": 0.5718183517456055
    },
    "30": {
        "classification": 0.5760951638221741,
        "total_loss": 0.5760951638221741
    },
    "40": {
        "classification": 0.5523183941841125,
        "total_loss": 0.5523183941841125
    }
}