{
    "haa_ma30": [
        0.02559863991328006,
        0.030598639913280073,
        0.041200805667275034,
        0.060197279826560146,
        0.0834066503450952
    ],
    "haa_ma40": [
        0.025599342050293943,
        0.030599342050293958,
        0.04135915837720033,
        0.060198684100587915,
        0.08458615807720538
    ],
    "haa_ma60": [
        0.025599402038679234,
        0.03059940203867925,
        0.04138085582110248,
        0.060198804077358496,
        0.08463876024833192
    ]
}