{
  "All Four True":{
    "Count":14479,
    "Total":17591,
    "Percentage":82.3091353533
  },
  "All Events":{
    "Count":14479,
    "Total":20250,
    "Percentage":71.5012345679
  }
}