{
  "syst_jes": 0.0,
  "syst_tag": 16,
  "syst_met_px": 0.2230219691991806,
  "syst_met_py": 0.1959284394979477
}