{
  "All Four True":{
    "Count":13993,
    "Total":16993,
    "Percentage":82.3456717472
  },
  "All Events":{
    "Count":13993,
    "Total":19533,
    "Percentage":71.6377412584
  }
}