{
  "All Four True":{
    "Count":14019,
    "Total":17047,
    "Percentage":82.2373438142
  },
  "All Events":{
    "Count":14019,
    "Total":19588,
    "Percentage":71.5693281601
  }
}