{
    "haa_ma30": [
        0.025595881392080536,
        0.03059588139208055,
        0.04051492252423089,
        0.0601917627841611,
        0.07719456238872838
    ],
    "haa_ma60": [
        0.025600313522791157,
        0.030600313522791172,
        0.04659446045806562,
        0.06020062704558234,
        0.0852447844952883
    ]
}