{
  "All Four True":{
    "Count":13984,
    "Total":16975,
    "Percentage":82.3799705449
  },
  "All Events":{
    "Count":13984,
    "Total":19513,
    "Percentage":71.6650438169
  }
}