{
  "All Four True":{
    "Count":13994,
    "Total":16996,
    "Percentage":82.3370204754
  },
  "All Events":{
    "Count":13994,
    "Total":19534,
    "Percentage":71.6391932016
  }
}