{
  "syst_jes": 0.0,
  "syst_tag": 19,
  "syst_met_px": 0.7250151038169861,
  "syst_met_py": 1.0344748497009277
}