{
  "All Four True":{
    "Count":14476,
    "Total":17591,
    "Percentage":82.2920811779
  },
  "All Events":{
    "Count":14476,
    "Total":20249,
    "Percentage":71.489950121
  }
}