{
  "syst_jes": 0.0,
  "syst_tag": 8,
  "syst_met_px": 1.1682217121124268,
  "syst_met_py": 0.5622556209564209
}