{
    "haa_ma40": {
        "haa_ma40/Purity/*a_forty/event_proportion": 0.15903639352804305,
        "haa_ma40/Purity/*a_forty/event_proportion-unc": 0.00034663133355516235,
        "haa_ma40/Purity/*a_forty/event_purity": 0.6406157322412088,
        "haa_ma40/Purity/*a_forty/event_purity-unc": 0.0011404100324903304,
        "haa_ma40/Purity/*a_forty/a_forty_purity": 0.6969405135225482,
        "haa_ma40/Purity/*a_forty/a_forty_purity-unc": 0.0009168100781509039,
        "haa_ma40/Purity/0a_forty/event_proportion": 0.840963606471957,
        "haa_ma40/Purity/0a_forty/event_proportion-unc": 0.0003466313335551623,
        "haa_ma40/Purity/0a_forty/event_purity": 1.0,
        "haa_ma40/Purity/0a_forty/event_purity-unc": 0.0,
        "haa_ma40/Purity/0a_forty/a_forty_purity": 0,
        "haa_ma40/Purity/0a_forty/a_forty_purity-unc": 0,
        "haa_ma40/Purity/1a_forty/event_proportion": 0.092323310364654,
        "haa_ma40/Purity/1a_forty/event_proportion-unc": 0.00027437986184125564,
        "haa_ma40/Purity/1a_forty/event_purity": 0.730037171827258,
        "haa_ma40/Purity/1a_forty/event_purity-unc": 0.0013848404654765152,
        "haa_ma40/Purity/1a_forty/a_forty_purity": 0.730037171827258,
        "haa_ma40/Purity/1a_forty/a_forty_purity-unc": 0.0013848404654765152,
        "haa_ma40/Purity/2a_forty/event_proportion": 0.06671308316338906,
        "haa_ma40/Purity/2a_forty/event_proportion-unc": 0.00023650702913292774,
        "haa_ma40/Purity/2a_forty/event_purity": 0.5168666424271805,
        "haa_ma40/Purity/2a_forty/event_purity-unc": 0.0018337841557525482,
        "haa_ma40/Purity/2a_forty/a_forty_purity": 0.6740395103623803,
        "haa_ma40/Purity/2a_forty/a_forty_purity-unc": 0.001216285731191579
    },
    "haa_ma60": {
        "haa_ma60/Purity/*a_sixty/event_proportion": 0.15773325447286707,
        "haa_ma60/Purity/*a_sixty/event_proportion-unc": 0.0003460946145084003,
        "haa_ma60/Purity/*a_sixty/event_purity": 0.5458567451856848,
        "haa_ma60/Purity/*a_sixty/event_purity-unc": 0.0011903715124540412,
        "haa_ma60/Purity/*a_sixty/a_sixty_purity": 0.6302643142026634,
        "haa_ma60/Purity/*a_sixty/a_sixty_purity-unc": 0.0009354975673062215,
        "haa_ma60/Purity/0a_sixty/event_proportion": 0.8422667455271329,
        "haa_ma60/Purity/0a_sixty/event_proportion-unc": 0.0003460946145084004,
        "haa_ma60/Purity/0a_sixty/event_purity": 1.0,
        "haa_ma60/Purity/0a_sixty/event_purity-unc": 0.0,
        "haa_ma60/Purity/0a_sixty/a_sixty_purity": 0,
        "haa_ma60/Purity/0a_sixty/a_sixty_purity-unc": 0,
        "haa_ma60/Purity/1a_sixty/event_proportion": 0.07539228874471209,
        "haa_ma60/Purity/1a_sixty/event_proportion-unc": 0.0002506978455371137,
        "haa_ma60/Purity/1a_sixty/event_purity": 0.6634058837598661,
        "haa_ma60/Purity/1a_sixty/event_purity-unc": 0.0016341346466685184,
        "haa_ma60/Purity/1a_sixty/a_sixty_purity": 0.6634058837598661,
        "haa_ma60/Purity/1a_sixty/a_sixty_purity-unc": 0.0016341346466685184,
        "haa_ma60/Purity/2a_sixty/event_proportion": 0.08234096572815498,
        "haa_ma60/Purity/2a_sixty/event_proportion-unc": 0.0002610099314998339,
        "haa_ma60/Purity/2a_sixty/event_purity": 0.4382274683280957,
        "haa_ma60/Purity/2a_sixty/event_purity-unc": 0.0016418385635453504,
        "haa_ma60/Purity/2a_sixty/a_sixty_purity": 0.6150919224325775,
        "haa_ma60/Purity/2a_sixty/a_sixty_purity-unc": 0.0011385023483790576
    }
}