{
  "All Four True":{
    "Count":13991,
    "Total":16992,
    "Percentage":82.338747646
  },
  "All Events":{
    "Count":13991,
    "Total":19531,
    "Percentage":71.6348369259
  }
}