{
  "All Four True":{
    "Count":13908,
    "Total":16854,
    "Percentage":82.5204699181
  },
  "All Events":{
    "Count":13908,
    "Total":19360,
    "Percentage":71.8388429752
  }
}