{
  "All Four True":{
    "Count":14520,
    "Total":17637,
    "Percentage":82.326926348
  },
  "All Events":{
    "Count":14520,
    "Total":20298,
    "Percentage":71.5341412947
  }
}