{
    "haa_ma30": [
        0.03369941624867201,
        0.0461255189285659,
        0.06023294183042136,
        0.08414023945181885,
        0.11446588366084268
    ],
    "haa_ma40": [
        0.03060989464110492,
        0.036455015752370826,
        0.055219789282209816,
        0.06978227651260144,
        0.09605776986122191
    ],
    "haa_ma60": [
        0.025603489307189538,
        0.03560348930718957,
        0.04800834062093426,
        0.06749965366225646,
        0.08470641978412105
    ]
}