{
    "haa_ma40": {
        "haa_ma40/Purity/*a_forty/event_proportion": 0.15903639352804305,
        "haa_ma40/Purity/*a_forty/event_proportion-unc": 0.00034663133355516235,
        "haa_ma40/Purity/*a_forty/event_purity": 0.520378477616156,
        "haa_ma40/Purity/*a_forty/event_purity-unc": 0.001187385368953574,
        "haa_ma40/Purity/*a_forty/a_forty_purity": 0.560692284427182,
        "haa_ma40/Purity/*a_forty/a_forty_purity-unc": 0.000990066320199195,
        "haa_ma40/Purity/0a_forty/event_proportion": 0.840963606471957,
        "haa_ma40/Purity/0a_forty/event_proportion-unc": 0.0003466313335551623,
        "haa_ma40/Purity/0a_forty/event_purity": 1.0,
        "haa_ma40/Purity/0a_forty/event_purity-unc": 0.0,
        "haa_ma40/Purity/0a_forty/a_forty_purity": 0,
        "haa_ma40/Purity/0a_forty/a_forty_purity-unc": 0,
        "haa_ma40/Purity/1a_forty/event_proportion": 0.092323310364654,
        "haa_ma40/Purity/1a_forty/event_proportion-unc": 0.00027437986184125564,
        "haa_ma40/Purity/1a_forty/event_purity": 0.6465562540139735,
        "haa_ma40/Purity/1a_forty/event_purity-unc": 0.0014912092290381058,
        "haa_ma40/Purity/1a_forty/a_forty_purity": 0.6465562540139735,
        "haa_ma40/Purity/1a_forty/a_forty_purity-unc": 0.0014912092290381058,
        "haa_ma40/Purity/2a_forty/event_proportion": 0.06671308316338906,
        "haa_ma40/Purity/2a_forty/event_proportion-unc": 0.00023650702913292774,
        "haa_ma40/Purity/2a_forty/event_purity": 0.3457628031619063,
        "haa_ma40/Purity/2a_forty/event_purity-unc": 0.001745348685154575,
        "haa_ma40/Purity/2a_forty/a_forty_purity": 0.5012793062120416,
        "haa_ma40/Purity/2a_forty/a_forty_purity-unc": 0.001297415364376153
    },
    "haa_ma60": {
        "haa_ma60/Purity/*a_sixty/event_proportion": 0.15773325447286707,
        "haa_ma60/Purity/*a_sixty/event_proportion-unc": 0.0003460946145084003,
        "haa_ma60/Purity/*a_sixty/event_purity": 0.35030037668551045,
        "haa_ma60/Purity/*a_sixty/event_purity-unc": 0.0011405737176025058,
        "haa_ma60/Purity/*a_sixty/a_sixty_purity": 0.4044555608132976,
        "haa_ma60/Purity/*a_sixty/a_sixty_purity-unc": 0.0009511042255817345,
        "haa_ma60/Purity/0a_sixty/event_proportion": 0.8422667455271329,
        "haa_ma60/Purity/0a_sixty/event_proportion-unc": 0.0003460946145084004,
        "haa_ma60/Purity/0a_sixty/event_purity": 1.0,
        "haa_ma60/Purity/0a_sixty/event_purity-unc": 0.0,
        "haa_ma60/Purity/0a_sixty/a_sixty_purity": 0,
        "haa_ma60/Purity/0a_sixty/a_sixty_purity-unc": 0,
        "haa_ma60/Purity/1a_sixty/event_proportion": 0.07539228874471209,
        "haa_ma60/Purity/1a_sixty/event_proportion-unc": 0.0002506978455371137,
        "haa_ma60/Purity/1a_sixty/event_purity": 0.4958502750538149,
        "haa_ma60/Purity/1a_sixty/event_purity-unc": 0.001729019793092023,
        "haa_ma60/Purity/1a_sixty/a_sixty_purity": 0.4958502750538149,
        "haa_ma60/Purity/1a_sixty/a_sixty_purity-unc": 0.001729019793092023,
        "haa_ma60/Purity/2a_sixty/event_proportion": 0.08234096572815498,
        "haa_ma60/Purity/2a_sixty/event_proportion-unc": 0.0002610099314998339,
        "haa_ma60/Purity/2a_sixty/event_purity": 0.21703329792941847,
        "haa_ma60/Purity/2a_sixty/event_purity-unc": 0.0013640655331597351,
        "haa_ma60/Purity/2a_sixty/a_sixty_purity": 0.3626145608637095,
        "haa_ma60/Purity/2a_sixty/a_sixty_purity-unc": 0.0011248875105744523
    },
    "haa_ma30": {
        "haa_ma30/Purity/*a_thirty/event_proportion": 0.1429258035998184,
        "haa_ma30/Purity/*a_thirty/event_proportion-unc": 0.0003355188737915341,
        "haa_ma30/Purity/*a_thirty/event_purity": 0.6724298674828165,
        "haa_ma30/Purity/*a_thirty/event_purity-unc": 0.0011900706606032963,
        "haa_ma30/Purity/*a_thirty/a_thirty_purity": 0.7209348817767116,
        "haa_ma30/Purity/*a_thirty/a_thirty_purity-unc": 0.0009560897640239889,
        "haa_ma30/Purity/0a_thirty/event_proportion": 0.8570741964001816,
        "haa_ma30/Purity/0a_thirty/event_proportion-unc": 0.0003355188737915341,
        "haa_ma30/Purity/0a_thirty/event_purity": 1.0,
        "haa_ma30/Purity/0a_thirty/event_purity-unc": 0.0,
        "haa_ma30/Purity/0a_thirty/a_thirty_purity": 0,
        "haa_ma30/Purity/0a_thirty/a_thirty_purity-unc": 0,
        "haa_ma30/Purity/1a_thirty/event_proportion": 0.08359202548140633,
        "haa_ma30/Purity/1a_thirty/event_proportion-unc": 0.0002653256751852556,
        "haa_ma30/Purity/1a_thirty/event_purity": 0.7858226512169917,
        "haa_ma30/Purity/1a_thirty/event_purity-unc": 0.001360250957746909,
        "haa_ma30/Purity/1a_thirty/a_thirty_purity": 0.7858226512169917,
        "haa_ma30/Purity/1a_thirty/a_thirty_purity-unc": 0.001360250957746909,
        "haa_ma30/Purity/2a_thirty/event_proportion": 0.05933377811841208,
        "haa_ma30/Purity/2a_thirty/event_proportion-unc": 0.00022647548595270417,
        "haa_ma30/Purity/2a_thirty/event_purity": 0.5126771470611012,
        "haa_ma30/Purity/2a_thirty/event_purity-unc": 0.0019671242433898137,
        "haa_ma30/Purity/2a_thirty/a_thirty_purity": 0.675226515914195,
        "haa_ma30/Purity/2a_thirty/a_thirty_purity-unc": 0.0013031711321895172
    }
}