{
    "haa_ma60": {
        "haa_ma60/Purity/*a_sixty/event_proportion": 0.15773325447286707,
        "haa_ma60/Purity/*a_sixty/event_proportion-unc": 0.0003460946145084003,
        "haa_ma60/Purity/*a_sixty/event_purity": 0.6038800322383351,
        "haa_ma60/Purity/*a_sixty/event_purity-unc": 0.0011693255858104606,
        "haa_ma60/Purity/*a_sixty/a_sixty_purity": 0.6929966876225242,
        "haa_ma60/Purity/*a_sixty/a_sixty_purity-unc": 0.0008938666391274116,
        "haa_ma60/Purity/0a_sixty/event_proportion": 0.8422667455271329,
        "haa_ma60/Purity/0a_sixty/event_proportion-unc": 0.0003460946145084004,
        "haa_ma60/Purity/0a_sixty/event_purity": 1.0,
        "haa_ma60/Purity/0a_sixty/event_purity-unc": 0.0,
        "haa_ma60/Purity/0a_sixty/a_sixty_purity": 0,
        "haa_ma60/Purity/0a_sixty/a_sixty_purity-unc": 0,
        "haa_ma60/Purity/1a_sixty/event_proportion": 0.07539228874471209,
        "haa_ma60/Purity/1a_sixty/event_proportion-unc": 0.0002506978455371137,
        "haa_ma60/Purity/1a_sixty/event_purity": 0.713621143267161,
        "haa_ma60/Purity/1a_sixty/event_purity-unc": 0.0015633249112561097,
        "haa_ma60/Purity/1a_sixty/a_sixty_purity": 0.713621143267161,
        "haa_ma60/Purity/1a_sixty/a_sixty_purity-unc": 0.0015633249112561097,
        "haa_ma60/Purity/2a_sixty/event_proportion": 0.08234096572815498,
        "haa_ma60/Purity/2a_sixty/event_proportion-unc": 0.0002610099314998339,
        "haa_ma60/Purity/2a_sixty/event_purity": 0.5033998707939602,
        "haa_ma60/Purity/2a_sixty/event_purity-unc": 0.0016544756056516559,
        "haa_ma60/Purity/2a_sixty/a_sixty_purity": 0.6835546990484742,
        "haa_ma60/Purity/2a_sixty/a_sixty_purity-unc": 0.0010882316892535712
    },
    "haa_ma30": {
        "haa_ma30/Purity/*a_thirty/event_proportion": 0.1429258035998184,
        "haa_ma30/Purity/*a_thirty/event_proportion-unc": 0.0003355188737915341,
        "haa_ma30/Purity/*a_thirty/event_purity": 0.7703356973387258,
        "haa_ma30/Purity/*a_thirty/event_purity-unc": 0.0010665564900936798,
        "haa_ma30/Purity/*a_thirty/a_thirty_purity": 0.8223106700834196,
        "haa_ma30/Purity/*a_thirty/a_thirty_purity-unc": 0.0008147915363832277,
        "haa_ma30/Purity/0a_thirty/event_proportion": 0.8570741964001816,
        "haa_ma30/Purity/0a_thirty/event_proportion-unc": 0.0003355188737915341,
        "haa_ma30/Purity/0a_thirty/event_purity": 1.0,
        "haa_ma30/Purity/0a_thirty/event_purity-unc": 0.0,
        "haa_ma30/Purity/0a_thirty/a_thirty_purity": 0,
        "haa_ma30/Purity/0a_thirty/a_thirty_purity-unc": 0,
        "haa_ma30/Purity/1a_thirty/event_proportion": 0.08359202548140633,
        "haa_ma30/Purity/1a_thirty/event_proportion-unc": 0.0002653256751852556,
        "haa_ma30/Purity/1a_thirty/event_purity": 0.855577054154482,
        "haa_ma30/Purity/1a_thirty/event_purity-unc": 0.0011655144535410633,
        "haa_ma30/Purity/1a_thirty/a_thirty_purity": 0.855577054154482,
        "haa_ma30/Purity/1a_thirty/a_thirty_purity-unc": 0.0011655144535410633,
        "haa_ma30/Purity/2a_thirty/event_proportion": 0.05933377811841208,
        "haa_ma30/Purity/2a_thirty/event_proportion-unc": 0.00022647548595270417,
        "haa_ma30/Purity/2a_thirty/event_purity": 0.650243940215287,
        "haa_ma30/Purity/2a_thirty/event_purity-unc": 0.001876818185764804,
        "haa_ma30/Purity/2a_thirty/a_thirty_purity": 0.7988771005962984,
        "haa_ma30/Purity/2a_thirty/a_thirty_purity-unc": 0.001115468142228789
    },
    "haa_ma40": {
        "haa_ma40/Purity/*a_forty/event_proportion": 0.15903639352804305,
        "haa_ma40/Purity/*a_forty/event_proportion-unc": 0.00034663133355516235,
        "haa_ma40/Purity/*a_forty/event_purity": 0.702245445558537,
        "haa_ma40/Purity/*a_forty/event_purity-unc": 0.001086816868960123,
        "haa_ma40/Purity/*a_forty/a_forty_purity": 0.7599727798029321,
        "haa_ma40/Purity/*a_forty/a_forty_purity-unc": 0.0008520142296738021,
        "haa_ma40/Purity/0a_forty/event_proportion": 0.840963606471957,
        "haa_ma40/Purity/0a_forty/event_proportion-unc": 0.0003466313335551623,
        "haa_ma40/Purity/0a_forty/event_purity": 1.0,
        "haa_ma40/Purity/0a_forty/event_purity-unc": 0.0,
        "haa_ma40/Purity/0a_forty/a_forty_purity": 0,
        "haa_ma40/Purity/0a_forty/a_forty_purity-unc": 0,
        "haa_ma40/Purity/1a_forty/event_proportion": 0.092323310364654,
        "haa_ma40/Purity/1a_forty/event_proportion-unc": 0.00027437986184125564,
        "haa_ma40/Purity/1a_forty/event_purity": 0.7849094058346145,
        "haa_ma40/Purity/1a_forty/event_purity-unc": 0.0012817276405596987,
        "haa_ma40/Purity/1a_forty/a_forty_purity": 0.7849094058346145,
        "haa_ma40/Purity/1a_forty/a_forty_purity-unc": 0.0012817276405596987,
        "haa_ma40/Purity/2a_forty/event_proportion": 0.06671308316338906,
        "haa_ma40/Purity/2a_forty/event_proportion-unc": 0.00023650702913292774,
        "haa_ma40/Purity/2a_forty/event_purity": 0.5878479376237223,
        "haa_ma40/Purity/2a_forty/event_purity-unc": 0.001806286723661791,
        "haa_ma40/Purity/2a_forty/a_forty_purity": 0.7427180543772472,
        "haa_ma40/Purity/2a_forty/a_forty_purity-unc": 0.0011342978270035755
    }
}