{
  "All Four True":{
    "Count":14434,
    "Total":17551,
    "Percentage":82.2403281864
  },
  "All Events":{
    "Count":14434,
    "Total":20204,
    "Percentage":71.4412987527
  }
}