{
    "haa_ma30": [
        0.03483797901858115,
        0.04675880765322095,
        0.060234822911096914,
        0.08537224822478046,
        0.11446964582219377
    ],
    "haa_ma40": [
        0.03078335312002857,
        0.03834008832866986,
        0.05522476638433501,
        0.07481952084560074,
        0.10523449597819692
    ],
    "haa_ma60": [
        0.03061188997964871,
        0.03832895421866239,
        0.05522377995929739,
        0.07387286643030662,
        0.1045901978773229
    ]
}