{
    "haa_ma30": [
        0.03766851435562051,
        0.05524993654064014,
        0.0778391443692795,
        0.10390558169320753,
        0.14374600075352467
    ],
    "haa_ma40": [
        0.03155426952697268,
        0.043675486546197906,
        0.06023047345195757,
        0.08216012324102763,
        0.11153157576955273
    ],
    "haa_ma60": [
        0.03060981078420608,
        0.03637719669656251,
        0.05021962156841211,
        0.0696248523433237,
        0.09588342717131182
    ]
}