{
    "haa_ma40": {
        "haa_ma40/Purity/*a_forty/event_proportion": 0.15903639352804305,
        "haa_ma40/Purity/*a_forty/event_proportion-unc": 0.00034663133355516235,
        "haa_ma40/Purity/*a_forty/event_purity": 0.702488349103234,
        "haa_ma40/Purity/*a_forty/event_purity-unc": 0.0010865613439529492,
        "haa_ma40/Purity/*a_forty/a_forty_purity": 0.7611387911685583,
        "haa_ma40/Purity/*a_forty/a_forty_purity-unc": 0.0008505940152095127,
        "haa_ma40/Purity/0a_forty/event_proportion": 0.840963606471957,
        "haa_ma40/Purity/0a_forty/event_proportion-unc": 0.0003466313335551623,
        "haa_ma40/Purity/0a_forty/event_purity": 1.0,
        "haa_ma40/Purity/0a_forty/event_purity-unc": 0.0,
        "haa_ma40/Purity/0a_forty/a_forty_purity": 0,
        "haa_ma40/Purity/0a_forty/a_forty_purity-unc": 0,
        "haa_ma40/Purity/1a_forty/event_proportion": 0.092323310364654,
        "haa_ma40/Purity/1a_forty/event_proportion-unc": 0.00027437986184125564,
        "haa_ma40/Purity/1a_forty/event_purity": 0.7840530914894032,
        "haa_ma40/Purity/1a_forty/event_purity-unc": 0.0012835757541989265,
        "haa_ma40/Purity/1a_forty/a_forty_purity": 0.7840530914894032,
        "haa_ma40/Purity/1a_forty/a_forty_purity-unc": 0.0012835757541989265,
        "haa_ma40/Purity/2a_forty/event_proportion": 0.06671308316338906,
        "haa_ma40/Purity/2a_forty/event_proportion-unc": 0.00023650702913292774,
        "haa_ma40/Purity/2a_forty/event_purity": 0.5896120335582219,
        "haa_ma40/Purity/2a_forty/event_purity-unc": 0.0018051193841625355,
        "haa_ma40/Purity/2a_forty/a_forty_purity": 0.7452833999919202,
        "haa_ma40/Purity/2a_forty/a_forty_purity-unc": 0.0011305761054786108
    },
    "haa_ma60": {
        "haa_ma60/Purity/*a_sixty/event_proportion": 0.15773325447286707,
        "haa_ma60/Purity/*a_sixty/event_proportion-unc": 0.0003460946145084003,
        "haa_ma60/Purity/*a_sixty/event_purity": 0.6033598747049106,
        "haa_ma60/Purity/*a_sixty/event_purity-unc": 0.0011695890292658878,
        "haa_ma60/Purity/*a_sixty/a_sixty_purity": 0.6925272463702803,
        "haa_ma60/Purity/*a_sixty/a_sixty_purity-unc": 0.0008942467486751113,
        "haa_ma60/Purity/0a_sixty/event_proportion": 0.8422667455271329,
        "haa_ma60/Purity/0a_sixty/event_proportion-unc": 0.0003460946145084004,
        "haa_ma60/Purity/0a_sixty/event_purity": 1.0,
        "haa_ma60/Purity/0a_sixty/event_purity-unc": 0.0,
        "haa_ma60/Purity/0a_sixty/a_sixty_purity": 0,
        "haa_ma60/Purity/0a_sixty/a_sixty_purity-unc": 0,
        "haa_ma60/Purity/1a_sixty/event_proportion": 0.07539228874471209,
        "haa_ma60/Purity/1a_sixty/event_proportion-unc": 0.0002506978455371137,
        "haa_ma60/Purity/1a_sixty/event_purity": 0.7101411145658933,
        "haa_ma60/Purity/1a_sixty/event_purity-unc": 0.00156895524756799,
        "haa_ma60/Purity/1a_sixty/a_sixty_purity": 0.7101411145658933,
        "haa_ma60/Purity/1a_sixty/a_sixty_purity-unc": 0.00156895524756799,
        "haa_ma60/Purity/2a_sixty/event_proportion": 0.08234096572815498,
        "haa_ma60/Purity/2a_sixty/event_proportion-unc": 0.0002610099314998339,
        "haa_ma60/Purity/2a_sixty/event_purity": 0.5055898036725175,
        "haa_ma60/Purity/2a_sixty/event_purity-unc": 0.0016544104587502238,
        "haa_ma60/Purity/2a_sixty/a_sixty_purity": 0.6844635211930754,
        "haa_ma60/Purity/2a_sixty/a_sixty_purity-unc": 0.0010873900312687041
    },
    "haa_ma30": {
        "haa_ma30/Purity/*a_thirty/event_proportion": 0.1429258035998184,
        "haa_ma30/Purity/*a_thirty/event_proportion-unc": 0.0003355188737915341,
        "haa_ma30/Purity/*a_thirty/event_purity": 0.7712808708455766,
        "haa_ma30/Purity/*a_thirty/event_purity-unc": 0.001065012308641918,
        "haa_ma30/Purity/*a_thirty/a_thirty_purity": 0.8235465169111099,
        "haa_ma30/Purity/*a_thirty/a_thirty_purity-unc": 0.0008125630257988006,
        "haa_ma30/Purity/0a_thirty/event_proportion": 0.8570741964001816,
        "haa_ma30/Purity/0a_thirty/event_proportion-unc": 0.0003355188737915341,
        "haa_ma30/Purity/0a_thirty/event_purity": 1.0,
        "haa_ma30/Purity/0a_thirty/event_purity-unc": 0.0,
        "haa_ma30/Purity/0a_thirty/a_thirty_purity": 0,
        "haa_ma30/Purity/0a_thirty/a_thirty_purity-unc": 0,
        "haa_ma30/Purity/1a_thirty/event_proportion": 0.08359202548140633,
        "haa_ma30/Purity/1a_thirty/event_proportion-unc": 0.0002653256751852556,
        "haa_ma30/Purity/1a_thirty/event_purity": 0.8561047470372244,
        "haa_ma30/Purity/1a_thirty/event_purity-unc": 0.0011637419390260547,
        "haa_ma30/Purity/1a_thirty/a_thirty_purity": 0.8561047470372244,
        "haa_ma30/Purity/1a_thirty/a_thirty_purity-unc": 0.0011637419390260547,
        "haa_ma30/Purity/2a_thirty/event_proportion": 0.05933377811841208,
        "haa_ma30/Purity/2a_thirty/event_proportion-unc": 0.00022647548595270417,
        "haa_ma30/Purity/2a_thirty/event_purity": 0.6517772787113761,
        "haa_ma30/Purity/2a_thirty/event_purity-unc": 0.001874906364029564,
        "haa_ma30/Purity/2a_thirty/a_thirty_purity": 0.800611786571672,
        "haa_ma30/Purity/2a_thirty/a_thirty_purity-unc": 0.0011118524444535518
    }
}