{
    "haa_ma40": {
        "haa_ma40/Purity/*a_forty/event_proportion": 0.15903639352804305,
        "haa_ma40/Purity/*a_forty/event_proportion-unc": 0.00034663133355516235,
        "haa_ma40/Purity/*a_forty/event_purity": 0.7015167349244457,
        "haa_ma40/Purity/*a_forty/event_purity-unc": 0.0010875812450235577,
        "haa_ma40/Purity/*a_forty/a_forty_purity": 0.75990512726636,
        "haa_ma40/Purity/*a_forty/a_forty_purity-unc": 0.0008520963636473072,
        "haa_ma40/Purity/0a_forty/event_proportion": 0.840963606471957,
        "haa_ma40/Purity/0a_forty/event_proportion-unc": 0.0003466313335551623,
        "haa_ma40/Purity/0a_forty/event_purity": 1.0,
        "haa_ma40/Purity/0a_forty/event_purity-unc": 0.0,
        "haa_ma40/Purity/0a_forty/a_forty_purity": 0,
        "haa_ma40/Purity/0a_forty/a_forty_purity-unc": 0,
        "haa_ma40/Purity/1a_forty/event_proportion": 0.092323310364654,
        "haa_ma40/Purity/1a_forty/event_proportion-unc": 0.00027437986184125564,
        "haa_ma40/Purity/1a_forty/event_purity": 0.7827102349025943,
        "haa_ma40/Purity/1a_forty/event_purity-unc": 0.001286457417215925,
        "haa_ma40/Purity/1a_forty/a_forty_purity": 0.7827102349025943,
        "haa_ma40/Purity/1a_forty/a_forty_purity-unc": 0.001286457417215925,
        "haa_ma40/Purity/2a_forty/event_proportion": 0.06671308316338906,
        "haa_ma40/Purity/2a_forty/event_proportion-unc": 0.00023650702913292774,
        "haa_ma40/Purity/2a_forty/event_purity": 0.5891541765981227,
        "haa_ma40/Purity/2a_forty/event_purity-unc": 0.0018054246607581085,
        "haa_ma40/Purity/2a_forty/a_forty_purity": 0.744125291210493,
        "haa_ma40/Purity/2a_forty/a_forty_purity-unc": 0.0011322626132191462
    },
    "haa_ma30": {
        "haa_ma30/Purity/*a_thirty/event_proportion": 0.1429258035998184,
        "haa_ma30/Purity/*a_thirty/event_proportion-unc": 0.0003355188737915341,
        "haa_ma30/Purity/*a_thirty/event_purity": 0.7736663087438194,
        "haa_ma30/Purity/*a_thirty/event_purity-unc": 0.0010610810247817584,
        "haa_ma30/Purity/*a_thirty/a_thirty_purity": 0.8251549352089126,
        "haa_ma30/Purity/*a_thirty/a_thirty_purity-unc": 0.0008096406623061481,
        "haa_ma30/Purity/0a_thirty/event_proportion": 0.8570741964001816,
        "haa_ma30/Purity/0a_thirty/event_proportion-unc": 0.0003355188737915341,
        "haa_ma30/Purity/0a_thirty/event_purity": 1.0,
        "haa_ma30/Purity/0a_thirty/event_purity-unc": 0.0,
        "haa_ma30/Purity/0a_thirty/a_thirty_purity": 0,
        "haa_ma30/Purity/0a_thirty/a_thirty_purity-unc": 0,
        "haa_ma30/Purity/1a_thirty/event_proportion": 0.08359202548140633,
        "haa_ma30/Purity/1a_thirty/event_proportion-unc": 0.0002653256751852556,
        "haa_ma30/Purity/1a_thirty/event_purity": 0.8573690112354609,
        "haa_ma30/Purity/1a_thirty/event_purity-unc": 0.0011594735268208192,
        "haa_ma30/Purity/1a_thirty/a_thirty_purity": 0.8573690112354609,
        "haa_ma30/Purity/1a_thirty/a_thirty_purity-unc": 0.0011594735268208192,
        "haa_ma30/Purity/2a_thirty/event_proportion": 0.05933377811841208,
        "haa_ma30/Purity/2a_thirty/event_proportion-unc": 0.00022647548595270417,
        "haa_ma30/Purity/2a_thirty/event_purity": 0.655742275226516,
        "haa_ma30/Purity/2a_thirty/event_purity-unc": 0.0018698633139716007,
        "haa_ma30/Purity/2a_thirty/a_thirty_purity": 0.8024626345543251,
        "haa_ma30/Purity/2a_thirty/a_thirty_purity-unc": 0.001107958421253544
    },
    "haa_ma60": {
        "haa_ma60/Purity/*a_sixty/event_proportion": 0.15773325447286707,
        "haa_ma60/Purity/*a_sixty/event_proportion-unc": 0.0003460946145084003,
        "haa_ma60/Purity/*a_sixty/event_purity": 0.6023195596380618,
        "haa_ma60/Purity/*a_sixty/event_purity-unc": 0.001170111773118247,
        "haa_ma60/Purity/*a_sixty/a_sixty_purity": 0.6913329878245716,
        "haa_ma60/Purity/*a_sixty/a_sixty_purity-unc": 0.000895208852169154,
        "haa_ma60/Purity/0a_sixty/event_proportion": 0.8422667455271329,
        "haa_ma60/Purity/0a_sixty/event_proportion-unc": 0.0003460946145084004,
        "haa_ma60/Purity/0a_sixty/event_purity": 1.0,
        "haa_ma60/Purity/0a_sixty/event_purity-unc": 0.0,
        "haa_ma60/Purity/0a_sixty/a_sixty_purity": 0,
        "haa_ma60/Purity/0a_sixty/a_sixty_purity-unc": 0,
        "haa_ma60/Purity/1a_sixty/event_proportion": 0.07539228874471209,
        "haa_ma60/Purity/1a_sixty/event_proportion-unc": 0.0002506978455371137,
        "haa_ma60/Purity/1a_sixty/event_purity": 0.7084190385075341,
        "haa_ma60/Purity/1a_sixty/event_purity-unc": 0.0015716998522577778,
        "haa_ma60/Purity/1a_sixty/a_sixty_purity": 0.7084190385075341,
        "haa_ma60/Purity/1a_sixty/a_sixty_purity-unc": 0.0015716998522577778,
        "haa_ma60/Purity/2a_sixty/event_proportion": 0.08234096572815498,
        "haa_ma60/Purity/2a_sixty/event_proportion-unc": 0.0002610099314998339,
        "haa_ma60/Purity/2a_sixty/event_purity": 0.5051737164255915,
        "haa_ma60/Purity/2a_sixty/event_purity-unc": 0.0016544252793005822,
        "haa_ma60/Purity/2a_sixty/a_sixty_purity": 0.683510900390903,
        "haa_ma60/Purity/2a_sixty/a_sixty_purity-unc": 0.0010882721296928085
    }
}