{
    "haa_ma30": [
        0.0923313229040288,
        0.12821704116051091,
        0.17244105331770307,
        0.24314881649965345,
        0.3250865640848793
    ],
    "haa_ma40": [
        0.07782479213968727,
        0.10888847714704987,
        0.14796201541665185,
        0.20695581153684411,
        0.2802249349268878
    ],
    "haa_ma60": [
        0.06697477142818256,
        0.09091306238388652,
        0.12509227318525457,
        0.17536828103263247,
        0.23810734409468573
    ]
}