{
    "30": {
        "classification": 0.45773887634277344,
        "segmentation": 1.024894118309021,
        "total_loss": 1.4826329946517944
    }
}