{
    "haa_ma30": [
        0.025593372159661086,
        0.0305933721596611,
        0.03983319253239359,
        0.055186744319322176,
        0.07550001129899266
    ],
    "haa_ma40": [
        0.025599497081616504,
        0.03059949708161652,
        0.04139830539225357,
        0.06019899416323304,
        0.08468015995100556
    ]
}