{
    "haa_ma30": [
        0.03881969951258517,
        0.05525179132612124,
        0.07889518841864368,
        0.111162874386905,
        0.147519564282932
    ],
    "haa_ma40": [
        0.028902855345070397,
        0.040161576951747116,
        0.055228038263139816,
        0.08138241994739476,
        0.10866624991464757
    ],
    "haa_ma60": [
        0.0306120486458334,
        0.0384106825855789,
        0.055224097291666774,
        0.07405977874873856,
        0.1047209472112601
    ]
}