{
    "30": {
        "classification": 0.47804102301597595,
        "total_loss": 0.47804102301597595
    }
}