{
    "40": {
        "classification": 0.46883606910705566,
        "total_loss": 0.46883606910705566
    },
    "30": {
        "classification": 0.47813063859939575,
        "total_loss": 0.47813063859939575
    },
    "60": {
        "classification": 0.4935310482978821,
        "total_loss": 0.4935310482978821
    }
}