{
    "30": {
        "classification": 0.491472452878952,
        "segmentation": 1.10764479637146,
        "total_loss": 1.599117249250412
    }
}