{
    "haa_ma30": [
        0.05526710261407062,
        0.07576859223398952,
        0.1041749512582965,
        0.14335299879746508,
        0.1941509047178163
    ],
    "haa_ma40": [
        0.0401840496260867,
        0.05524698382310596,
        0.07087068478431101,
        0.10036546426731088,
        0.13609247053086637
    ],
    "haa_ma60": [
        0.04174056249430393,
        0.06025373651149928,
        0.07996528476118324,
        0.11379050762257631,
        0.15246956479380533
    ]
}