{
    "haa_ma40": [
        0.05526756228117524,
        0.07606437010083855,
        0.10540820745339292,
        0.14466209770188865,
        0.19551017900002102
    ],
    "haa_ma60": [
        0.06200231256954272,
        0.08561850401453523,
        0.11954828310179352,
        0.16447387117505863,
        0.22057584908490702
    ]
}