{
    "30": {
        "classification": 0.45314261317253113,
        "assignment": 1.9445133209228516,
        "segmentation": 0.9251669049263,
        "total_loss": 3.3228228390216827
    }
}