{
    "30": {
        "classification": 0.45308634638786316,
        "segmentation": 0.925190806388855,
        "total_loss": 1.3782771527767181
    },
    "60": {
        "classification": 0.47071194648742676,
        "segmentation": 1.331418752670288,
        "total_loss": 1.8021306991577148
    },
    "40": {
        "classification": 0.4556214511394501,
        "segmentation": 1.1142303943634033,
        "total_loss": 1.5698518455028534
    }
}