{
  "All Four True":{
    "Count":14342,
    "Total":17437,
    "Percentage":82.2503871079
  },
  "All Events":{
    "Count":14342,
    "Total":20059,
    "Percentage":71.4990777207
  }
}