{
  "All Four True":{
    "Count":13951,
    "Total":16931,
    "Percentage":82.3991494891
  },
  "All Events":{
    "Count":13951,
    "Total":19457,
    "Percentage":71.7017011872
  }
}