{
  "All Four True":{
    "Count":14017,
    "Total":17054,
    "Percentage":82.1918611469
  },
  "All Events":{
    "Count":14017,
    "Total":19594,
    "Percentage":71.5372052669
  }
}