{
  "All Four True":{
    "Count":14535,
    "Total":17665,
    "Percentage":82.2813472969
  },
  "All Events":{
    "Count":14535,
    "Total":20331,
    "Percentage":71.4918105356
  }
}