{
  "All Four True":{
    "Count":14516,
    "Total":17640,
    "Percentage":82.2902494331
  },
  "All Events":{
    "Count":14516,
    "Total":20301,
    "Percentage":71.5038668046
  }
}