{
  "syst_jes": 0.0,
  "syst_tag": 28,
  "syst_met_px": 0.7763375639915466,
  "syst_met_py": 0.6785886287689209
}