{
    "haa_ma30": {
        "haa_ma30/Purity/*a_thirty/event_proportion": 0.1429258035998184,
        "haa_ma30/Purity/*a_thirty/event_proportion-unc": 0.0003355188737915341,
        "haa_ma30/Purity/*a_thirty/event_purity": 0.7747207880303741,
        "haa_ma30/Purity/*a_thirty/event_purity-unc": 0.0010593275483442265,
        "haa_ma30/Purity/*a_thirty/a_thirty_purity": 0.8263816949275757,
        "haa_ma30/Purity/*a_thirty/a_thirty_purity-unc": 0.0008073948444455557,
        "haa_ma30/Purity/0a_thirty/event_proportion": 0.8570741964001816,
        "haa_ma30/Purity/0a_thirty/event_proportion-unc": 0.0003355188737915341,
        "haa_ma30/Purity/0a_thirty/event_purity": 1.0,
        "haa_ma30/Purity/0a_thirty/event_purity-unc": 0.0,
        "haa_ma30/Purity/0a_thirty/a_thirty_purity": 0,
        "haa_ma30/Purity/0a_thirty/a_thirty_purity-unc": 0,
        "haa_ma30/Purity/1a_thirty/event_proportion": 0.08359202548140633,
        "haa_ma30/Purity/1a_thirty/event_proportion-unc": 0.0002653256751852556,
        "haa_ma30/Purity/1a_thirty/event_purity": 0.857907697719927,
        "haa_ma30/Purity/1a_thirty/event_purity-unc": 0.0011576454188843845,
        "haa_ma30/Purity/1a_thirty/a_thirty_purity": 0.857907697719927,
        "haa_ma30/Purity/1a_thirty/a_thirty_purity-unc": 0.0011576454188843845,
        "haa_ma30/Purity/2a_thirty/event_proportion": 0.05933377811841208,
        "haa_ma30/Purity/2a_thirty/event_proportion-unc": 0.00022647548595270417,
        "haa_ma30/Purity/2a_thirty/event_purity": 0.6575234260048014,
        "haa_ma30/Purity/2a_thirty/event_purity-unc": 0.001867551008900851,
        "haa_ma30/Purity/2a_thirty/a_thirty_purity": 0.8041740881282429,
        "haa_ma30/Purity/2a_thirty/a_thirty_purity-unc": 0.0011043240768114715
    }
}