{
    "haa_ma30": {
        "haa_ma30/Purity/*a_thirty/event_proportion": 0.1429258035998184,
        "haa_ma30/Purity/*a_thirty/event_proportion-unc": 0.0003355188737915341,
        "haa_ma30/Purity/*a_thirty/event_purity": 0.7747207880303741,
        "haa_ma30/Purity/*a_thirty/event_purity-unc": 0.0010593275483442265,
        "haa_ma30/Purity/*a_thirty/a_thirty_purity": 0.8263816949275757,
        "haa_ma30/Purity/*a_thirty/a_thirty_purity-unc": 0.0008073948444455557,
        "haa_ma30/Purity/0a_thirty/event_proportion": 0.8570741964001816,
        "haa_ma30/Purity/0a_thirty/event_proportion-unc": 0.0003355188737915341,
        "haa_ma30/Purity/0a_thirty/event_purity": 1.0,
        "haa_ma30/Purity/0a_thirty/event_purity-unc": 0.0,
        "haa_ma30/Purity/0a_thirty/a_thirty_purity": 0,
        "haa_ma30/Purity/0a_thirty/a_thirty_purity-unc": 0,
        "haa_ma30/Purity/1a_thirty/event_proportion": 0.08359202548140633,
        "haa_ma30/Purity/1a_thirty/event_proportion-unc": 0.0002653256751852556,
        "haa_ma30/Purity/1a_thirty/event_purity": 0.857907697719927,
        "haa_ma30/Purity/1a_thirty/event_purity-unc": 0.0011576454188843845,
        "haa_ma30/Purity/1a_thirty/a_thirty_purity": 0.857907697719927,
        "haa_ma30/Purity/1a_thirty/a_thirty_purity-unc": 0.0011576454188843845,
        "haa_ma30/Purity/2a_thirty/event_proportion": 0.05933377811841208,
        "haa_ma30/Purity/2a_thirty/event_proportion-unc": 0.00022647548595270417,
        "haa_ma30/Purity/2a_thirty/event_purity": 0.6575234260048014,
        "haa_ma30/Purity/2a_thirty/event_purity-unc": 0.001867551008900851,
        "haa_ma30/Purity/2a_thirty/a_thirty_purity": 0.8041740881282429,
        "haa_ma30/Purity/2a_thirty/a_thirty_purity-unc": 0.0011043240768114715
    },
    "haa_ma40": {
        "haa_ma40/Purity/*a_forty/event_proportion": 0.15903639352804305,
        "haa_ma40/Purity/*a_forty/event_proportion-unc": 0.00034663133355516235,
        "haa_ma40/Purity/*a_forty/event_purity": 0.7056065527467872,
        "haa_ma40/Purity/*a_forty/event_purity-unc": 0.0010832484359300156,
        "haa_ma40/Purity/*a_forty/a_forty_purity": 0.7643542764362236,
        "haa_ma40/Purity/*a_forty/a_forty_purity-unc": 0.0008466320652878173,
        "haa_ma40/Purity/0a_forty/event_proportion": 0.840963606471957,
        "haa_ma40/Purity/0a_forty/event_proportion-unc": 0.0003466313335551623,
        "haa_ma40/Purity/0a_forty/event_purity": 1.0,
        "haa_ma40/Purity/0a_forty/event_purity-unc": 0.0,
        "haa_ma40/Purity/0a_forty/a_forty_purity": 0,
        "haa_ma40/Purity/0a_forty/a_forty_purity-unc": 0,
        "haa_ma40/Purity/1a_forty/event_proportion": 0.092323310364654,
        "haa_ma40/Purity/1a_forty/event_proportion-unc": 0.00027437986184125564,
        "haa_ma40/Purity/1a_forty/event_purity": 0.786719342973357,
        "haa_ma40/Purity/1a_forty/event_purity-unc": 0.001277794230206304,
        "haa_ma40/Purity/1a_forty/a_forty_purity": 0.786719342973357,
        "haa_ma40/Purity/1a_forty/a_forty_purity-unc": 0.001277794230206304,
        "haa_ma40/Purity/2a_forty/event_proportion": 0.06671308316338906,
        "haa_ma40/Purity/2a_forty/event_proportion-unc": 0.00023650702913292774,
        "haa_ma40/Purity/2a_forty/event_purity": 0.5933556875260911,
        "haa_ma40/Purity/2a_forty/event_purity-unc": 0.0018025626072670012,
        "haa_ma40/Purity/2a_forty/a_forty_purity": 0.7488789237668162,
        "haa_ma40/Purity/2a_forty/a_forty_purity-unc": 0.0011252728483283553
    },
    "haa_ma60": {
        "haa_ma60/Purity/*a_sixty/event_proportion": 0.15773325447286707,
        "haa_ma60/Purity/*a_sixty/event_proportion-unc": 0.0003460946145084003,
        "haa_ma60/Purity/*a_sixty/event_purity": 0.6067666207479979,
        "haa_ma60/Purity/*a_sixty/event_purity-unc": 0.0011678384735892549,
        "haa_ma60/Purity/*a_sixty/a_sixty_purity": 0.6966508183299909,
        "haa_ma60/Purity/*a_sixty/a_sixty_purity-unc": 0.0008908705623385686,
        "haa_ma60/Purity/0a_sixty/event_proportion": 0.8422667455271329,
        "haa_ma60/Purity/0a_sixty/event_proportion-unc": 0.0003460946145084004,
        "haa_ma60/Purity/0a_sixty/event_purity": 1.0,
        "haa_ma60/Purity/0a_sixty/event_purity-unc": 0.0,
        "haa_ma60/Purity/0a_sixty/a_sixty_purity": 0,
        "haa_ma60/Purity/0a_sixty/a_sixty_purity-unc": 0,
        "haa_ma60/Purity/1a_sixty/event_proportion": 0.07539228874471209,
        "haa_ma60/Purity/1a_sixty/event_proportion-unc": 0.0002506978455371137,
        "haa_ma60/Purity/1a_sixty/event_purity": 0.712437215977039,
        "haa_ma60/Purity/1a_sixty/event_purity-unc": 0.0015652530442127187,
        "haa_ma60/Purity/1a_sixty/a_sixty_purity": 0.712437215977039,
        "haa_ma60/Purity/1a_sixty/a_sixty_purity-unc": 0.0015652530442127187,
        "haa_ma60/Purity/2a_sixty/event_proportion": 0.08234096572815498,
        "haa_ma60/Purity/2a_sixty/event_proportion-unc": 0.0002610099314998339,
        "haa_ma60/Purity/2a_sixty/event_purity": 0.5100134680872032,
        "haa_ma60/Purity/2a_sixty/event_purity-unc": 0.0016541820275744932,
        "haa_ma60/Purity/2a_sixty/a_sixty_purity": 0.6894237191630077,
        "haa_ma60/Purity/2a_sixty/a_sixty_purity-unc": 0.001082711274603485
    }
}