{
    "haa_ma40": {
        "haa_ma40/Purity/*a_forty/event_proportion": 0.15903639352804305,
        "haa_ma40/Purity/*a_forty/event_proportion-unc": 0.00034663133355516235,
        "haa_ma40/Purity/*a_forty/event_purity": 0.4051631125547239,
        "haa_ma40/Purity/*a_forty/event_purity-unc": 0.0011668004665724247,
        "haa_ma40/Purity/*a_forty/a_forty_purity": 0.4359091705003104,
        "haa_ma40/Purity/*a_forty/a_forty_purity-unc": 0.0009892136584418398,
        "haa_ma40/Purity/0a_forty/event_proportion": 0.840963606471957,
        "haa_ma40/Purity/0a_forty/event_proportion-unc": 0.0003466313335551623,
        "haa_ma40/Purity/0a_forty/event_purity": 1.0,
        "haa_ma40/Purity/0a_forty/event_purity-unc": 0.0,
        "haa_ma40/Purity/0a_forty/a_forty_purity": 0,
        "haa_ma40/Purity/0a_forty/a_forty_purity-unc": 0,
        "haa_ma40/Purity/1a_forty/event_proportion": 0.092323310364654,
        "haa_ma40/Purity/1a_forty/event_proportion-unc": 0.00027437986184125564,
        "haa_ma40/Purity/1a_forty/event_purity": 0.5262927427359243,
        "haa_ma40/Purity/1a_forty/event_purity-unc": 0.0015575571238283696,
        "haa_ma40/Purity/1a_forty/a_forty_purity": 0.5262927427359243,
        "haa_ma40/Purity/1a_forty/a_forty_purity-unc": 0.0015575571238283696,
        "haa_ma40/Purity/2a_forty/event_proportion": 0.06671308316338906,
        "haa_ma40/Purity/2a_forty/event_proportion-unc": 0.00023650702913292774,
        "haa_ma40/Purity/2a_forty/event_purity": 0.2375334976231837,
        "haa_ma40/Purity/2a_forty/event_purity-unc": 0.0015617023643348716,
        "haa_ma40/Purity/2a_forty/a_forty_purity": 0.3733688845796469,
        "haa_ma40/Purity/2a_forty/a_forty_purity-unc": 0.001255120702483767
    },
    "haa_ma60": {
        "haa_ma60/Purity/*a_sixty/event_proportion": 0.15773325447286707,
        "haa_ma60/Purity/*a_sixty/event_proportion-unc": 0.0003460946145084003,
        "haa_ma60/Purity/*a_sixty/event_purity": 0.22664006813492085,
        "haa_ma60/Purity/*a_sixty/event_purity-unc": 0.0010009351251143038,
        "haa_ma60/Purity/*a_sixty/a_sixty_purity": 0.2530889234397651,
        "haa_ma60/Purity/*a_sixty/a_sixty_purity-unc": 0.000842571253676535,
        "haa_ma60/Purity/0a_sixty/event_proportion": 0.8422667455271329,
        "haa_ma60/Purity/0a_sixty/event_proportion-unc": 0.0003460946145084004,
        "haa_ma60/Purity/0a_sixty/event_purity": 1.0,
        "haa_ma60/Purity/0a_sixty/event_purity-unc": 0.0,
        "haa_ma60/Purity/0a_sixty/a_sixty_purity": 0,
        "haa_ma60/Purity/0a_sixty/a_sixty_purity-unc": 0,
        "haa_ma60/Purity/1a_sixty/event_proportion": 0.07539228874471209,
        "haa_ma60/Purity/1a_sixty/event_proportion-unc": 0.0002506978455371137,
        "haa_ma60/Purity/1a_sixty/event_purity": 0.32624970102846207,
        "haa_ma60/Purity/1a_sixty/event_purity-unc": 0.001621322706591924,
        "haa_ma60/Purity/1a_sixty/a_sixty_purity": 0.32624970102846207,
        "haa_ma60/Purity/1a_sixty/a_sixty_purity-unc": 0.001621322706591924,
        "haa_ma60/Purity/2a_sixty/event_proportion": 0.08234096572815498,
        "haa_ma60/Purity/2a_sixty/event_proportion-unc": 0.0002610099314998339,
        "haa_ma60/Purity/2a_sixty/event_purity": 0.1354363988743745,
        "haa_ma60/Purity/2a_sixty/event_purity-unc": 0.0011323132171168517,
        "haa_ma60/Purity/2a_sixty/a_sixty_purity": 0.21959551939733046,
        "haa_ma60/Purity/2a_sixty/a_sixty_purity-unc": 0.0009686280037634851
    },
    "haa_ma30": {
        "haa_ma30/Purity/*a_thirty/event_proportion": 0.1429258035998184,
        "haa_ma30/Purity/*a_thirty/event_proportion-unc": 0.0003355188737915341,
        "haa_ma30/Purity/*a_thirty/event_purity": 0.5576202202832948,
        "haa_ma30/Purity/*a_thirty/event_purity-unc": 0.0012594008828493916,
        "haa_ma30/Purity/*a_thirty/a_thirty_purity": 0.5802437162641078,
        "haa_ma30/Purity/*a_thirty/a_thirty_purity-unc": 0.0010519659859175728,
        "haa_ma30/Purity/0a_thirty/event_proportion": 0.8570741964001816,
        "haa_ma30/Purity/0a_thirty/event_proportion-unc": 0.0003355188737915341,
        "haa_ma30/Purity/0a_thirty/event_purity": 1.0,
        "haa_ma30/Purity/0a_thirty/event_purity-unc": 0.0,
        "haa_ma30/Purity/0a_thirty/a_thirty_purity": 0,
        "haa_ma30/Purity/0a_thirty/a_thirty_purity-unc": 0,
        "haa_ma30/Purity/1a_thirty/event_proportion": 0.08359202548140633,
        "haa_ma30/Purity/1a_thirty/event_proportion-unc": 0.0002653256751852556,
        "haa_ma30/Purity/1a_thirty/event_purity": 0.7147380224709219,
        "haa_ma30/Purity/1a_thirty/event_purity-unc": 0.0014971502495394018,
        "haa_ma30/Purity/1a_thirty/a_thirty_purity": 0.7147380224709219,
        "haa_ma30/Purity/1a_thirty/a_thirty_purity-unc": 0.0014971502495394018,
        "haa_ma30/Purity/2a_thirty/event_proportion": 0.05933377811841208,
        "haa_ma30/Purity/2a_thirty/event_proportion-unc": 0.00022647548595270417,
        "haa_ma30/Purity/2a_thirty/event_purity": 0.33626577867265545,
        "haa_ma30/Purity/2a_thirty/event_purity-unc": 0.0018592588751644274,
        "haa_ma30/Purity/2a_thirty/a_thirty_purity": 0.48550298149152016,
        "haa_ma30/Purity/2a_thirty/a_thirty_purity-unc": 0.0013908292202987752
    }
}