{
    "30": {
        "classification": 0.5283982157707214,
        "segmentation": 1.124599575996399,
        "total_loss": 1.6529977917671204
    }
}