{
    "40": {
        "classification": 0.49529585242271423,
        "segmentation": 1.329403281211853,
        "total_loss": 1.8246991336345673
    },
    "30": {
        "classification": 0.5283000469207764,
        "segmentation": 1.124617576599121,
        "total_loss": 1.6529176235198975
    },
    "60": {
        "classification": 0.5315733551979065,
        "segmentation": 1.6298757791519165,
        "total_loss": 2.161449134349823
    }
}