{
    "haa_ma30": [
        0.047907335793919814,
        0.06025706567838513,
        0.08664582119334471,
        0.11951413135677026,
        0.15995744757953378
    ],
    "haa_ma40": [
        0.035971185812912386,
        0.04753179184503713,
        0.06523678910304558,
        0.0873430536378769,
        0.11947357820609109
    ],
    "haa_ma60": [
        0.030612352222870873,
        0.03828535479889297,
        0.05522470444574172,
        0.07474795578146225,
        0.10518703096474828
    ]
}