{
    "haa_ma30": [
        0.025601265464500627,
        0.030601265464500642,
        0.04680828040254447,
        0.06020253092900128,
        0.08135951242026535
    ],
    "haa_ma40": [
        0.02560013380776358,
        0.030600133807763594,
        0.0465536703526644,
        0.060200267615527187,
        0.08504376278633179
    ],
    "haa_ma60": [
        0.025596032559684685,
        0.0305960325596847,
        0.040550183822009124,
        0.0601920651193694,
        0.07726116941495753
    ]
}