{
  "syst_jes": 0.0,
  "syst_tag": 48,
  "syst_met_px": 0.42122218012809753,
  "syst_met_py": 2.316378116607666
}