{
  "All Four True":{
    "Count":14485,
    "Total":17593,
    "Percentage":82.3338827943
  },
  "All Events":{
    "Count":14485,
    "Total":20252,
    "Percentage":71.5238001185
  }
}