{
    "haa_ma30": [
        0.03407585627182784,
        0.046319645490858284,
        0.060233558822790884,
        0.08436602053303777,
        0.1144671176455817
    ],
    "haa_ma40": [
        0.030611128560685458,
        0.03754515354940906,
        0.05522225712137089,
        0.07211145260812488,
        0.09825103093554935
    ],
    "haa_ma60": [
        0.0256063577912593,
        0.03804799349859066,
        0.04633197040251475,
        0.06736704186087461,
        0.08826528245611186
    ]
}