{
  "All Four True":{
    "Count":14470,
    "Total":17591,
    "Percentage":82.257972827
  },
  "All Events":{
    "Count":14470,
    "Total":20249,
    "Percentage":71.4603190281
  }
}