{
    "haa_ma30": [
        0.04803050878381741,
        0.06025773298146939,
        0.08769234650640603,
        0.11951546596293879,
        0.1614205506072058
    ],
    "haa_ma40": [
        0.03654334809111044,
        0.05024449709410887,
        0.06898593163933862,
        0.09843721152763073,
        0.1298626964849772
    ],
    "haa_ma60": [
        0.03596939100651687,
        0.05013039748509888,
        0.06673452743422585,
        0.0968273671335682,
        0.1282462622017601
    ]
}