{
    "haa_ma60": {
        "haa_ma60/Purity/*a_sixty/event_proportion": 0.15773325447286707,
        "haa_ma60/Purity/*a_sixty/event_proportion-unc": 0.0003460946145084003,
        "haa_ma60/Purity/*a_sixty/event_purity": 0.6019251544753554,
        "haa_ma60/Purity/*a_sixty/event_purity-unc": 0.0011703085132978243,
        "haa_ma60/Purity/*a_sixty/a_sixty_purity": 0.6911339447336202,
        "haa_ma60/Purity/*a_sixty/a_sixty_purity-unc": 0.0008953685206324638,
        "haa_ma60/Purity/0a_sixty/event_proportion": 0.8422667455271329,
        "haa_ma60/Purity/0a_sixty/event_proportion-unc": 0.0003460946145084004,
        "haa_ma60/Purity/0a_sixty/event_purity": 1.0,
        "haa_ma60/Purity/0a_sixty/event_purity-unc": 0.0,
        "haa_ma60/Purity/0a_sixty/a_sixty_purity": 0,
        "haa_ma60/Purity/0a_sixty/a_sixty_purity-unc": 0,
        "haa_ma60/Purity/1a_sixty/event_proportion": 0.07539228874471209,
        "haa_ma60/Purity/1a_sixty/event_proportion-unc": 0.0002506978455371137,
        "haa_ma60/Purity/1a_sixty/event_purity": 0.7104042095192538,
        "haa_ma60/Purity/1a_sixty/event_purity-unc": 0.001568533519036734,
        "haa_ma60/Purity/1a_sixty/a_sixty_purity": 0.7104042095192538,
        "haa_ma60/Purity/1a_sixty/a_sixty_purity-unc": 0.001568533519036734,
        "haa_ma60/Purity/2a_sixty/event_proportion": 0.08234096572815498,
        "haa_ma60/Purity/2a_sixty/event_proportion-unc": 0.0002610099314998339,
        "haa_ma60/Purity/2a_sixty/event_purity": 0.5026005452932868,
        "haa_ma60/Purity/2a_sixty/event_purity-unc": 0.0016544914769843907,
        "haa_ma60/Purity/2a_sixty/a_sixty_purity": 0.682311912139893,
        "haa_ma60/Purity/2a_sixty/a_sixty_purity-unc": 0.0010893748593258322
    },
    "haa_ma40": {
        "haa_ma40/Purity/*a_forty/event_proportion": 0.15903639352804305,
        "haa_ma40/Purity/*a_forty/event_proportion-unc": 0.00034663133355516235,
        "haa_ma40/Purity/*a_forty/event_purity": 0.7016636068351928,
        "haa_ma40/Purity/*a_forty/event_purity-unc": 0.0010874274499255993,
        "haa_ma40/Purity/*a_forty/a_forty_purity": 0.7601478804858248,
        "haa_ma40/Purity/*a_forty/a_forty_purity-unc": 0.000851801511555736,
        "haa_ma40/Purity/0a_forty/event_proportion": 0.840963606471957,
        "haa_ma40/Purity/0a_forty/event_proportion-unc": 0.0003466313335551623,
        "haa_ma40/Purity/0a_forty/event_purity": 1.0,
        "haa_ma40/Purity/0a_forty/event_purity-unc": 0.0,
        "haa_ma40/Purity/0a_forty/a_forty_purity": 0,
        "haa_ma40/Purity/0a_forty/a_forty_purity-unc": 0,
        "haa_ma40/Purity/1a_forty/event_proportion": 0.092323310364654,
        "haa_ma40/Purity/1a_forty/event_proportion-unc": 0.00027437986184125564,
        "haa_ma40/Purity/1a_forty/event_purity": 0.7840628223342351,
        "haa_ma40/Purity/1a_forty/event_purity-unc": 0.0012835547990817414,
        "haa_ma40/Purity/1a_forty/a_forty_purity": 0.7840628223342351,
        "haa_ma40/Purity/1a_forty/a_forty_purity-unc": 0.0012835547990817414,
        "haa_ma40/Purity/2a_forty/event_proportion": 0.06671308316338906,
        "haa_ma40/Purity/2a_forty/event_proportion-unc": 0.00023650702913292774,
        "haa_ma40/Purity/2a_forty/event_purity": 0.5876324755248522,
        "haa_ma40/Purity/2a_forty/event_purity-unc": 0.0018064276579965411,
        "haa_ma40/Purity/2a_forty/a_forty_purity": 0.7436001023444969,
        "haa_ma40/Purity/2a_forty/a_forty_purity-unc": 0.001133023970724292
    },
    "haa_ma30": {
        "haa_ma30/Purity/*a_thirty/event_proportion": 0.1429258035998184,
        "haa_ma30/Purity/*a_thirty/event_proportion-unc": 0.0003355188737915341,
        "haa_ma30/Purity/*a_thirty/event_purity": 0.7678280941572846,
        "haa_ma30/Purity/*a_thirty/event_purity-unc": 0.0010706165067329678,
        "haa_ma30/Purity/*a_thirty/a_thirty_purity": 0.8204160078512622,
        "haa_ma30/Purity/*a_thirty/a_thirty_purity-unc": 0.0008181797853157134,
        "haa_ma30/Purity/0a_thirty/event_proportion": 0.8570741964001816,
        "haa_ma30/Purity/0a_thirty/event_proportion-unc": 0.0003355188737915341,
        "haa_ma30/Purity/0a_thirty/event_purity": 1.0,
        "haa_ma30/Purity/0a_thirty/event_purity-unc": 0.0,
        "haa_ma30/Purity/0a_thirty/a_thirty_purity": 0,
        "haa_ma30/Purity/0a_thirty/a_thirty_purity-unc": 0,
        "haa_ma30/Purity/1a_thirty/event_proportion": 0.08359202548140633,
        "haa_ma30/Purity/1a_thirty/event_proportion-unc": 0.0002653256751852556,
        "haa_ma30/Purity/1a_thirty/event_purity": 0.852608781689057,
        "haa_ma30/Purity/1a_thirty/event_purity-unc": 0.0011753865174301222,
        "haa_ma30/Purity/1a_thirty/a_thirty_purity": 0.852608781689057,
        "haa_ma30/Purity/1a_thirty/a_thirty_purity-unc": 0.0011753865174301222,
        "haa_ma30/Purity/2a_thirty/event_proportion": 0.05933377811841208,
        "haa_ma30/Purity/2a_thirty/event_proportion-unc": 0.00022647548595270417,
        "haa_ma30/Purity/2a_thirty/event_purity": 0.6483853480988151,
        "haa_ma30/Purity/2a_thirty/event_purity-unc": 0.0018791069571047166,
        "haa_ma30/Purity/2a_thirty/a_thirty_purity": 0.7977387129249593,
        "haa_ma30/Purity/2a_thirty/a_thirty_purity-unc": 0.0011178232587512322
    }
}