{
    "30": {
        "classification": 0.5309258699417114,
        "assignment": 2.2255327701568604,
        "segmentation": 1.170430064201355,
        "total_loss": 3.9268887042999268
    }
}