{
    "60": {
        "classification": 0.504506528377533,
        "segmentation": 1.6105778217315674,
        "total_loss": 2.1150843501091003
    },
    "30": {
        "classification": 0.530810534954071,
        "segmentation": 1.1706950664520264,
        "total_loss": 1.7015056014060974
    },
    "40": {
        "classification": 0.4942028522491455,
        "segmentation": 1.3431422710418701,
        "total_loss": 1.8373451232910156
    }
}