{
    "haa_ma30": {
        "haa_ma30/Purity/*a_thirty/event_proportion": 0.1429258035998184,
        "haa_ma30/Purity/*a_thirty/event_proportion-unc": 0.0003355188737915341,
        "haa_ma30/Purity/*a_thirty/event_purity": 0.5981855240569162,
        "haa_ma30/Purity/*a_thirty/event_purity-unc": 0.0012431623291035935,
        "haa_ma30/Purity/*a_thirty/a_thirty_purity": 0.6247614633880377,
        "haa_ma30/Purity/*a_thirty/a_thirty_purity-unc": 0.0010320689325889541,
        "haa_ma30/Purity/0a_thirty/event_proportion": 0.8570741964001816,
        "haa_ma30/Purity/0a_thirty/event_proportion-unc": 0.0003355188737915341,
        "haa_ma30/Purity/0a_thirty/event_purity": 1.0,
        "haa_ma30/Purity/0a_thirty/event_purity-unc": 0.0,
        "haa_ma30/Purity/0a_thirty/a_thirty_purity": 0,
        "haa_ma30/Purity/0a_thirty/a_thirty_purity-unc": 0,
        "haa_ma30/Purity/1a_thirty/event_proportion": 0.08359202548140633,
        "haa_ma30/Purity/1a_thirty/event_proportion-unc": 0.0002653256751852556,
        "haa_ma30/Purity/1a_thirty/event_purity": 0.7481145973043689,
        "haa_ma30/Purity/1a_thirty/event_purity-unc": 0.0014393140473648964,
        "haa_ma30/Purity/1a_thirty/a_thirty_purity": 0.7481145973043689,
        "haa_ma30/Purity/1a_thirty/a_thirty_purity-unc": 0.0014393140473648964,
        "haa_ma30/Purity/2a_thirty/event_proportion": 0.05933377811841208,
        "haa_ma30/Purity/2a_thirty/event_proportion-unc": 0.00022647548595270417,
        "haa_ma30/Purity/2a_thirty/event_purity": 0.3869588786494231,
        "haa_ma30/Purity/2a_thirty/event_purity-unc": 0.0019168080901875903,
        "haa_ma30/Purity/2a_thirty/a_thirty_purity": 0.5378688143731124,
        "haa_ma30/Purity/2a_thirty/a_thirty_purity-unc": 0.0013874177460295768
    },
    "haa_ma60": {
        "haa_ma60/Purity/*a_sixty/event_proportion": 0.15773325447286707,
        "haa_ma60/Purity/*a_sixty/event_proportion-unc": 0.0003460946145084003,
        "haa_ma60/Purity/*a_sixty/event_purity": 0.31127712964497817,
        "haa_ma60/Purity/*a_sixty/event_purity-unc": 0.0011069872253824048,
        "haa_ma60/Purity/*a_sixty/a_sixty_purity": 0.3444309245363798,
        "haa_ma60/Purity/*a_sixty/a_sixty_purity-unc": 0.0009208648944303345,
        "haa_ma60/Purity/0a_sixty/event_proportion": 0.8422667455271329,
        "haa_ma60/Purity/0a_sixty/event_proportion-unc": 0.0003460946145084004,
        "haa_ma60/Purity/0a_sixty/event_purity": 1.0,
        "haa_ma60/Purity/0a_sixty/event_purity-unc": 0.0,
        "haa_ma60/Purity/0a_sixty/a_sixty_purity": 0,
        "haa_ma60/Purity/0a_sixty/a_sixty_purity-unc": 0,
        "haa_ma60/Purity/1a_sixty/event_proportion": 0.07539228874471209,
        "haa_ma60/Purity/1a_sixty/event_proportion-unc": 0.0002506978455371137,
        "haa_ma60/Purity/1a_sixty/event_purity": 0.4584070796460177,
        "haa_ma60/Purity/1a_sixty/event_purity-unc": 0.0017230864444936149,
        "haa_ma60/Purity/1a_sixty/a_sixty_purity": 0.4584070796460177,
        "haa_ma60/Purity/1a_sixty/a_sixty_purity-unc": 0.0017230864444936149,
        "haa_ma60/Purity/2a_sixty/event_proportion": 0.08234096572815498,
        "haa_ma60/Purity/2a_sixty/event_proportion-unc": 0.0002610099314998339,
        "haa_ma60/Purity/2a_sixty/event_purity": 0.17656333833368007,
        "haa_ma60/Purity/2a_sixty/event_purity-unc": 0.0012617280828260554,
        "haa_ma60/Purity/2a_sixty/a_sixty_purity": 0.29225201747566437,
        "haa_ma60/Purity/2a_sixty/a_sixty_purity-unc": 0.0010641515581164835
    },
    "haa_ma40": {
        "haa_ma40/Purity/*a_forty/event_proportion": 0.15903639352804305,
        "haa_ma40/Purity/*a_forty/event_proportion-unc": 0.00034663133355516235,
        "haa_ma40/Purity/*a_forty/event_purity": 0.4778590594548793,
        "haa_ma40/Purity/*a_forty/event_purity-unc": 0.0011872070967571188,
        "haa_ma40/Purity/*a_forty/a_forty_purity": 0.5053326117062765,
        "haa_ma40/Purity/*a_forty/a_forty_purity-unc": 0.0009973851201703755,
        "haa_ma40/Purity/0a_forty/event_proportion": 0.840963606471957,
        "haa_ma40/Purity/0a_forty/event_proportion-unc": 0.0003466313335551623,
        "haa_ma40/Purity/0a_forty/event_purity": 1.0,
        "haa_ma40/Purity/0a_forty/event_purity-unc": 0.0,
        "haa_ma40/Purity/0a_forty/a_forty_purity": 0,
        "haa_ma40/Purity/0a_forty/a_forty_purity-unc": 0,
        "haa_ma40/Purity/1a_forty/event_proportion": 0.092323310364654,
        "haa_ma40/Purity/1a_forty/event_proportion-unc": 0.00027437986184125564,
        "haa_ma40/Purity/1a_forty/event_purity": 0.6165852519315727,
        "haa_ma40/Purity/1a_forty/event_purity-unc": 0.0015167229107226215,
        "haa_ma40/Purity/1a_forty/a_forty_purity": 0.6165852519315727,
        "haa_ma40/Purity/1a_forty/a_forty_purity-unc": 0.0015167229107226215,
        "haa_ma40/Purity/2a_forty/event_proportion": 0.06671308316338906,
        "haa_ma40/Purity/2a_forty/event_proportion-unc": 0.00023650702913292774,
        "haa_ma40/Purity/2a_forty/event_purity": 0.2858778060571783,
        "haa_ma40/Purity/2a_forty/event_purity-unc": 0.0016580664711986725,
        "haa_ma40/Purity/2a_forty/a_forty_purity": 0.4283521189350786,
        "haa_ma40/Purity/2a_forty/a_forty_purity-unc": 0.0012840301242006528
    }
}