{
  "All Four True":{
    "Count":14416,
    "Total":17512,
    "Percentage":82.320694381
  },
  "All Events":{
    "Count":14416,
    "Total":20156,
    "Percentage":71.5221274062
  }
}