{
  "syst_jes": 0.0,
  "syst_tag": 9,
  "syst_met_px": 0.7422182559967041,
  "syst_met_py": 0.5210462212562561
}