{
    "30": {
        "classification": 0.5196282863616943,
        "total_loss": 0.5196282863616943
    }
}