{
    "40": {
        "classification": 0.5351665616035461,
        "total_loss": 0.5351665616035461
    },
    "60": {
        "classification": 0.5459284782409668,
        "total_loss": 0.5459284782409668
    },
    "30": {
        "classification": 0.519282341003418,
        "total_loss": 0.519282341003418
    }
}