{
  "All Four True":{
    "Count":13984,
    "Total":16978,
    "Percentage":82.3654140653
  },
  "All Events":{
    "Count":13984,
    "Total":19515,
    "Percentage":71.6576992057
  }
}