{
    "40": {
        "classification": 0.5132771134376526,
        "segmentation": 1.5422337055206299,
        "total_loss": 2.0555108189582825
    },
    "60": {
        "classification": 0.5855134725570679,
        "segmentation": 1.8066891431808472,
        "total_loss": 2.392202615737915
    },
    "30": {
        "classification": 0.5724731087684631,
        "segmentation": 1.280455470085144,
        "total_loss": 1.8529285788536072
    }
}