{
    "30": {
        "classification": 0.5723477005958557,
        "assignment": 2.4993722438812256,
        "segmentation": 1.2802399396896362,
        "total_loss": 4.3519598841667175
    }
}