{
    "30": {
        "classification": 0.40853646397590637,
        "assignment": 1.8237725496292114,
        "segmentation": 0.8242005109786987,
        "total_loss": 3.0565095245838165
    }
}