{
  "All Four True":{
    "Count":13982,
    "Total":16970,
    "Percentage":82.3924572775
  },
  "All Events":{
    "Count":13982,
    "Total":19507,
    "Percentage":71.676833957
  }
}