{
  "All Four True":{
    "Count":14549,
    "Total":17692,
    "Percentage":82.2349084332
  },
  "All Events":{
    "Count":14549,
    "Total":20372,
    "Percentage":71.4166503043
  }
}