{
  "syst_jes": 0.0,
  "syst_tag": 15,
  "syst_met_px": 0.2730947732925415,
  "syst_met_py": 0.3959592580795288
}