{
  "All Four True":{
    "Count":14040,
    "Total":17100,
    "Percentage":82.1052631579
  },
  "All Events":{
    "Count":14040,
    "Total":19657,
    "Percentage":71.4249376812
  }
}