{
    "haa_ma40": {
        "haa_ma40/Purity/*a_forty/event_proportion": 0.15903639352804305,
        "haa_ma40/Purity/*a_forty/event_proportion-unc": 0.00034663133355516235,
        "haa_ma40/Purity/*a_forty/event_purity": 0.5094873605422963,
        "haa_ma40/Purity/*a_forty/event_purity-unc": 0.0011881588495296087,
        "haa_ma40/Purity/*a_forty/a_forty_purity": 0.5339655529202019,
        "haa_ma40/Purity/*a_forty/a_forty_purity-unc": 0.0009951377734909665,
        "haa_ma40/Purity/0a_forty/event_proportion": 0.840963606471957,
        "haa_ma40/Purity/0a_forty/event_proportion-unc": 0.0003466313335551623,
        "haa_ma40/Purity/0a_forty/event_purity": 1.0,
        "haa_ma40/Purity/0a_forty/event_purity-unc": 0.0,
        "haa_ma40/Purity/0a_forty/a_forty_purity": 0,
        "haa_ma40/Purity/0a_forty/a_forty_purity-unc": 0,
        "haa_ma40/Purity/1a_forty/event_proportion": 0.092323310364654,
        "haa_ma40/Purity/1a_forty/event_proportion-unc": 0.00027437986184125564,
        "haa_ma40/Purity/1a_forty/event_purity": 0.6595080084852967,
        "haa_ma40/Purity/1a_forty/event_purity-unc": 0.0014782189359737795,
        "haa_ma40/Purity/1a_forty/a_forty_purity": 0.6595080084852967,
        "haa_ma40/Purity/1a_forty/a_forty_purity-unc": 0.0014782189359737795,
        "haa_ma40/Purity/2a_forty/event_proportion": 0.06671308316338906,
        "haa_ma40/Purity/2a_forty/event_proportion-unc": 0.00023650702913292774,
        "haa_ma40/Purity/2a_forty/event_purity": 0.30187586689828844,
        "haa_ma40/Purity/2a_forty/event_purity-unc": 0.0016846356035103728,
        "haa_ma40/Purity/2a_forty/a_forty_purity": 0.44709732153678344,
        "haa_ma40/Purity/2a_forty/a_forty_purity-unc": 0.0012901370126601937
    },
    "haa_ma30": {
        "haa_ma30/Purity/*a_thirty/event_proportion": 0.1429258035998184,
        "haa_ma30/Purity/*a_thirty/event_proportion-unc": 0.0003355188737915341,
        "haa_ma30/Purity/*a_thirty/event_purity": 0.6464408109202904,
        "haa_ma30/Purity/*a_thirty/event_purity-unc": 0.0012122509980141995,
        "haa_ma30/Purity/*a_thirty/a_thirty_purity": 0.6837776929647602,
        "haa_ma30/Purity/*a_thirty/a_thirty_purity-unc": 0.000991177847733267,
        "haa_ma30/Purity/0a_thirty/event_proportion": 0.8570741964001816,
        "haa_ma30/Purity/0a_thirty/event_proportion-unc": 0.0003355188737915341,
        "haa_ma30/Purity/0a_thirty/event_purity": 1.0,
        "haa_ma30/Purity/0a_thirty/event_purity-unc": 0.0,
        "haa_ma30/Purity/0a_thirty/a_thirty_purity": 0,
        "haa_ma30/Purity/0a_thirty/a_thirty_purity-unc": 0,
        "haa_ma30/Purity/1a_thirty/event_proportion": 0.08359202548140633,
        "haa_ma30/Purity/1a_thirty/event_proportion-unc": 0.0002653256751852556,
        "haa_ma30/Purity/1a_thirty/event_purity": 0.7655394560365867,
        "haa_ma30/Purity/1a_thirty/event_purity-unc": 0.0014047164665032207,
        "haa_ma30/Purity/1a_thirty/a_thirty_purity": 0.7655394560365867,
        "haa_ma30/Purity/1a_thirty/a_thirty_purity-unc": 0.0014047164665032207,
        "haa_ma30/Purity/2a_thirty/event_proportion": 0.05933377811841208,
        "haa_ma30/Purity/2a_thirty/event_proportion-unc": 0.00022647548595270417,
        "haa_ma30/Purity/2a_thirty/event_purity": 0.4786494230620305,
        "haa_ma30/Purity/2a_thirty/event_purity-unc": 0.0019659620105379923,
        "haa_ma30/Purity/2a_thirty/a_thirty_purity": 0.626182916440796,
        "haa_ma30/Purity/2a_thirty/a_thirty_purity-unc": 0.00134637675323046
    },
    "haa_ma60": {
        "haa_ma60/Purity/*a_sixty/event_proportion": 0.15773325447286707,
        "haa_ma60/Purity/*a_sixty/event_proportion-unc": 0.0003460946145084003,
        "haa_ma60/Purity/*a_sixty/event_purity": 0.40440819219535057,
        "haa_ma60/Purity/*a_sixty/event_purity-unc": 0.001173359463176249,
        "haa_ma60/Purity/*a_sixty/a_sixty_purity": 0.4478356880506546,
        "haa_ma60/Purity/*a_sixty/a_sixty_purity-unc": 0.0009636717666126332,
        "haa_ma60/Purity/0a_sixty/event_proportion": 0.8422667455271329,
        "haa_ma60/Purity/0a_sixty/event_proportion-unc": 0.0003460946145084004,
        "haa_ma60/Purity/0a_sixty/event_purity": 1.0,
        "haa_ma60/Purity/0a_sixty/event_purity-unc": 0.0,
        "haa_ma60/Purity/0a_sixty/a_sixty_purity": 0,
        "haa_ma60/Purity/0a_sixty/a_sixty_purity-unc": 0,
        "haa_ma60/Purity/1a_sixty/event_proportion": 0.07539228874471209,
        "haa_ma60/Purity/1a_sixty/event_proportion-unc": 0.0002506978455371137,
        "haa_ma60/Purity/1a_sixty/event_purity": 0.5782827074862473,
        "haa_ma60/Purity/1a_sixty/event_purity-unc": 0.0017077556311504798,
        "haa_ma60/Purity/1a_sixty/a_sixty_purity": 0.5782827074862473,
        "haa_ma60/Purity/1a_sixty/a_sixty_purity-unc": 0.0017077556311504798,
        "haa_ma60/Purity/2a_sixty/event_proportion": 0.08234096572815498,
        "haa_ma60/Purity/2a_sixty/event_proportion-unc": 0.0002610099314998339,
        "haa_ma60/Purity/2a_sixty/event_purity": 0.24520678441205776,
        "haa_ma60/Purity/2a_sixty/event_purity-unc": 0.001423575939318397,
        "haa_ma60/Purity/2a_sixty/a_sixty_purity": 0.38811632923450895,
        "haa_ma60/Purity/2a_sixty/a_sixty_purity-unc": 0.0011402518764462703
    }
}