{
    "haa_ma30": [
        0.03218715030623838,
        0.04453063530775756,
        0.06023207768119197,
        0.08264499054995064,
        0.11343170700362802
    ],
    "haa_ma40": [
        0.025608016607057468,
        0.04012981505909019,
        0.0490199603309178,
        0.06821832372898065,
        0.0922251952735777
    ],
    "haa_ma60": [
        0.02560431634428487,
        0.03568817372224869,
        0.0484452114028687,
        0.06940941958519543,
        0.08985486709300419
    ]
}