{
    "haa_ma30": {
        "haa_ma30/Purity/*a_thirty/event_proportion": 0.1429258035998184,
        "haa_ma30/Purity/*a_thirty/event_proportion-unc": 0.0003355188737915341,
        "haa_ma30/Purity/*a_thirty/event_purity": 0.7621892018749156,
        "haa_ma30/Purity/*a_thirty/event_purity-unc": 0.0010795537831268904,
        "haa_ma30/Purity/*a_thirty/a_thirty_purity": 0.8154998818675826,
        "haa_ma30/Purity/*a_thirty/a_thirty_purity-unc": 0.0008268146194318455,
        "haa_ma30/Purity/0a_thirty/event_proportion": 0.8570741964001816,
        "haa_ma30/Purity/0a_thirty/event_proportion-unc": 0.0003355188737915341,
        "haa_ma30/Purity/0a_thirty/event_purity": 1.0,
        "haa_ma30/Purity/0a_thirty/event_purity-unc": 0.0,
        "haa_ma30/Purity/0a_thirty/a_thirty_purity": 0,
        "haa_ma30/Purity/0a_thirty/a_thirty_purity-unc": 0,
        "haa_ma30/Purity/1a_thirty/event_proportion": 0.08359202548140633,
        "haa_ma30/Purity/1a_thirty/event_proportion-unc": 0.0002653256751852556,
        "haa_ma30/Purity/1a_thirty/event_purity": 0.8477276225236912,
        "haa_ma30/Purity/1a_thirty/event_purity-unc": 0.001191265957369715,
        "haa_ma30/Purity/1a_thirty/a_thirty_purity": 0.8477276225236912,
        "haa_ma30/Purity/1a_thirty/a_thirty_purity-unc": 0.001191265957369715,
        "haa_ma30/Purity/2a_thirty/event_proportion": 0.05933377811841208,
        "haa_ma30/Purity/2a_thirty/event_proportion-unc": 0.00022647548595270417,
        "haa_ma30/Purity/2a_thirty/event_purity": 0.6416789282118796,
        "haa_ma30/Purity/2a_thirty/event_purity-unc": 0.0018871068258688724,
        "haa_ma30/Purity/2a_thirty/a_thirty_purity": 0.7927979555486718,
        "haa_ma30/Purity/2a_thirty/a_thirty_purity-unc": 0.0011278846947551343
    },
    "haa_ma60": {
        "haa_ma60/Purity/*a_sixty/event_proportion": 0.15773325447286707,
        "haa_ma60/Purity/*a_sixty/event_proportion-unc": 0.0003460946145084003,
        "haa_ma60/Purity/*a_sixty/event_purity": 0.590464540689466,
        "haa_ma60/Purity/*a_sixty/event_purity-unc": 0.0011756807749869415,
        "haa_ma60/Purity/*a_sixty/a_sixty_purity": 0.6777830355198029,
        "haa_ma60/Purity/*a_sixty/a_sixty_purity-unc": 0.0009056391054547632,
        "haa_ma60/Purity/0a_sixty/event_proportion": 0.8422667455271329,
        "haa_ma60/Purity/0a_sixty/event_proportion-unc": 0.0003460946145084004,
        "haa_ma60/Purity/0a_sixty/event_purity": 1.0,
        "haa_ma60/Purity/0a_sixty/event_purity-unc": 0.0,
        "haa_ma60/Purity/0a_sixty/a_sixty_purity": 0,
        "haa_ma60/Purity/0a_sixty/a_sixty_purity-unc": 0,
        "haa_ma60/Purity/1a_sixty/event_proportion": 0.07539228874471209,
        "haa_ma60/Purity/1a_sixty/event_proportion-unc": 0.0002506978455371137,
        "haa_ma60/Purity/1a_sixty/event_purity": 0.693829227457546,
        "haa_ma60/Purity/1a_sixty/event_purity-unc": 0.0015938706689810386,
        "haa_ma60/Purity/1a_sixty/a_sixty_purity": 0.693829227457546,
        "haa_ma60/Purity/1a_sixty/a_sixty_purity-unc": 0.0015938706689810386,
        "haa_ma60/Purity/2a_sixty/event_proportion": 0.08234096572815498,
        "haa_ma60/Purity/2a_sixty/event_proportion-unc": 0.0002610099314998339,
        "haa_ma60/Purity/2a_sixty/event_purity": 0.495822703034152,
        "haa_ma60/Purity/2a_sixty/event_purity-unc": 0.0016544561126346081,
        "haa_ma60/Purity/2a_sixty/a_sixty_purity": 0.6704370011059161,
        "haa_ma60/Purity/2a_sixty/a_sixty_purity-unc": 0.0010998503991305685
    },
    "haa_ma40": {
        "haa_ma40/Purity/*a_forty/event_proportion": 0.15903639352804305,
        "haa_ma40/Purity/*a_forty/event_proportion-unc": 0.00034663133355516235,
        "haa_ma40/Purity/*a_forty/event_purity": 0.6788645671515323,
        "haa_ma40/Purity/*a_forty/event_purity-unc": 0.0011097326978786873,
        "haa_ma40/Purity/*a_forty/a_forty_purity": 0.740644052148167,
        "haa_ma40/Purity/*a_forty/a_forty_purity-unc": 0.000874320089739452,
        "haa_ma40/Purity/0a_forty/event_proportion": 0.840963606471957,
        "haa_ma40/Purity/0a_forty/event_proportion-unc": 0.0003466313335551623,
        "haa_ma40/Purity/0a_forty/event_purity": 1.0,
        "haa_ma40/Purity/0a_forty/event_purity-unc": 0.0,
        "haa_ma40/Purity/0a_forty/a_forty_purity": 0,
        "haa_ma40/Purity/0a_forty/a_forty_purity-unc": 0,
        "haa_ma40/Purity/1a_forty/event_proportion": 0.092323310364654,
        "haa_ma40/Purity/1a_forty/event_proportion-unc": 0.00027437986184125564,
        "haa_ma40/Purity/1a_forty/event_purity": 0.7567580717357881,
        "haa_ma40/Purity/1a_forty/event_purity-unc": 0.0013383602316535262,
        "haa_ma40/Purity/1a_forty/a_forty_purity": 0.7567580717357881,
        "haa_ma40/Purity/1a_forty/a_forty_purity-unc": 0.0013383602316535262,
        "haa_ma40/Purity/2a_forty/event_proportion": 0.06671308316338906,
        "haa_ma40/Purity/2a_forty/event_proportion-unc": 0.00023650702913292774,
        "haa_ma40/Purity/2a_forty/event_purity": 0.5710688266742079,
        "haa_ma40/Purity/2a_forty/event_purity-unc": 0.0018161992157703134,
        "haa_ma40/Purity/2a_forty/a_forty_purity": 0.7294940680590905,
        "haa_ma40/Purity/2a_forty/a_forty_purity-unc": 0.0011526825878781333
    }
}