{
    "haa_ma30": {
        "haa_ma30/Purity/*a_thirty/event_proportion": 0.1429258035998184,
        "haa_ma30/Purity/*a_thirty/event_proportion-unc": 0.0003355188737915341,
        "haa_ma30/Purity/*a_thirty/event_purity": 0.6573842483941695,
        "haa_ma30/Purity/*a_thirty/event_purity-unc": 0.0012034011224150755,
        "haa_ma30/Purity/*a_thirty/a_thirty_purity": 0.7047416534903586,
        "haa_ma30/Purity/*a_thirty/a_thirty_purity-unc": 0.0009723305556257577,
        "haa_ma30/Purity/0a_thirty/event_proportion": 0.8570741964001816,
        "haa_ma30/Purity/0a_thirty/event_proportion-unc": 0.0003355188737915341,
        "haa_ma30/Purity/0a_thirty/event_purity": 1.0,
        "haa_ma30/Purity/0a_thirty/event_purity-unc": 0.0,
        "haa_ma30/Purity/0a_thirty/a_thirty_purity": 0,
        "haa_ma30/Purity/0a_thirty/a_thirty_purity-unc": 0,
        "haa_ma30/Purity/1a_thirty/event_proportion": 0.08359202548140633,
        "haa_ma30/Purity/1a_thirty/event_proportion-unc": 0.0002653256751852556,
        "haa_ma30/Purity/1a_thirty/event_purity": 0.7766210065741739,
        "haa_ma30/Purity/1a_thirty/event_purity-unc": 0.001381006527047085,
        "haa_ma30/Purity/1a_thirty/a_thirty_purity": 0.7766210065741739,
        "haa_ma30/Purity/1a_thirty/a_thirty_purity-unc": 0.001381006527047085,
        "haa_ma30/Purity/2a_thirty/event_proportion": 0.05933377811841208,
        "haa_ma30/Purity/2a_thirty/event_proportion-unc": 0.00022647548595270417,
        "haa_ma30/Purity/2a_thirty/event_purity": 0.48939828080229225,
        "haa_ma30/Purity/2a_thirty/event_purity-unc": 0.001967314434201593,
        "haa_ma30/Purity/2a_thirty/a_thirty_purity": 0.6541082629907845,
        "haa_ma30/Purity/2a_thirty/a_thirty_purity-unc": 0.0013236749064994043
    },
    "haa_ma40": {
        "haa_ma40/Purity/*a_forty/event_proportion": 0.15903639352804305,
        "haa_ma40/Purity/*a_forty/event_proportion-unc": 0.00034663133355516235,
        "haa_ma40/Purity/*a_forty/event_purity": 0.4759271289365909,
        "haa_ma40/Purity/*a_forty/event_purity-unc": 0.0011869946690967656,
        "haa_ma40/Purity/*a_forty/a_forty_purity": 0.5046202702917814,
        "haa_ma40/Purity/*a_forty/a_forty_purity-unc": 0.0009973992643008186,
        "haa_ma40/Purity/0a_forty/event_proportion": 0.840963606471957,
        "haa_ma40/Purity/0a_forty/event_proportion-unc": 0.0003466313335551623,
        "haa_ma40/Purity/0a_forty/event_purity": 1.0,
        "haa_ma40/Purity/0a_forty/event_purity-unc": 0.0,
        "haa_ma40/Purity/0a_forty/a_forty_purity": 0,
        "haa_ma40/Purity/0a_forty/a_forty_purity-unc": 0,
        "haa_ma40/Purity/1a_forty/event_proportion": 0.092323310364654,
        "haa_ma40/Purity/1a_forty/event_proportion-unc": 0.00027437986184125564,
        "haa_ma40/Purity/1a_forty/event_purity": 0.6164392892590935,
        "haa_ma40/Purity/1a_forty/event_purity-unc": 0.0015168320150943002,
        "haa_ma40/Purity/1a_forty/a_forty_purity": 0.6164392892590935,
        "haa_ma40/Purity/1a_forty/a_forty_purity-unc": 0.0015168320150943002,
        "haa_ma40/Purity/2a_forty/event_proportion": 0.06671308316338906,
        "haa_ma40/Purity/2a_forty/event_proportion-unc": 0.00023650702913292774,
        "haa_ma40/Purity/2a_forty/event_purity": 0.28147429941151914,
        "haa_ma40/Purity/2a_forty/event_purity-unc": 0.0016503116996636085,
        "haa_ma40/Purity/2a_forty/a_forty_purity": 0.42724787567836897,
        "haa_ma40/Purity/2a_forty/a_forty_purity-unc": 0.0012836119874084537
    },
    "haa_ma60": {
        "haa_ma60/Purity/*a_sixty/event_proportion": 0.15773325447286707,
        "haa_ma60/Purity/*a_sixty/event_proportion-unc": 0.0003460946145084003,
        "haa_ma60/Purity/*a_sixty/event_purity": 0.2713278878746134,
        "haa_ma60/Purity/*a_sixty/event_purity-unc": 0.0010630655426065885,
        "haa_ma60/Purity/*a_sixty/a_sixty_purity": 0.29142161833299535,
        "haa_ma60/Purity/*a_sixty/a_sixty_purity-unc": 0.0008806238649451307,
        "haa_ma60/Purity/0a_sixty/event_proportion": 0.8422667455271329,
        "haa_ma60/Purity/0a_sixty/event_proportion-unc": 0.0003460946145084004,
        "haa_ma60/Purity/0a_sixty/event_purity": 1.0,
        "haa_ma60/Purity/0a_sixty/event_purity-unc": 0.0,
        "haa_ma60/Purity/0a_sixty/a_sixty_purity": 0,
        "haa_ma60/Purity/0a_sixty/a_sixty_purity-unc": 0,
        "haa_ma60/Purity/1a_sixty/event_proportion": 0.07539228874471209,
        "haa_ma60/Purity/1a_sixty/event_proportion-unc": 0.0002506978455371137,
        "haa_ma60/Purity/1a_sixty/event_purity": 0.40536952882085625,
        "haa_ma60/Purity/1a_sixty/event_purity-unc": 0.0016978293961021275,
        "haa_ma60/Purity/1a_sixty/a_sixty_purity": 0.40536952882085625,
        "haa_ma60/Purity/1a_sixty/a_sixty_purity-unc": 0.0016978293961021275,
        "haa_ma60/Purity/2a_sixty/event_proportion": 0.08234096572815498,
        "haa_ma60/Purity/2a_sixty/event_proportion-unc": 0.0002610099314998339,
        "haa_ma60/Purity/2a_sixty/event_purity": 0.1485978954745037,
        "haa_ma60/Purity/2a_sixty/event_purity-unc": 0.0011769935778789646,
        "haa_ma60/Purity/2a_sixty/a_sixty_purity": 0.2392556418145784,
        "haa_ma60/Purity/2a_sixty/a_sixty_purity-unc": 0.0009982420730383697
    }
}