{
  "syst_jes": 0.0,
  "syst_tag": 32,
  "syst_met_px": 0.43121010065078735,
  "syst_met_py": 2.0123209953308105
}