{
    "haa_ma30": [
        0.02057953833960728,
        0.025579538339607293,
        0.030579538339607307,
        0.04483681186024249,
        0.060159076679214614
    ],
    "haa_ma40": [
        0.020579838104721998,
        0.02557983810472201,
        0.030579838104722024,
        0.04497931864953607,
        0.06015967620944405
    ],
    "haa_ma60": [
        0.02058454512434707,
        0.02558454512434708,
        0.03691429401095477,
        0.0519355095641277,
        0.06579315094954992
    ]
}