{
    "60": {
        "classification": 0.4857790470123291,
        "segmentation": 1.4455543756484985,
        "total_loss": 1.9313334226608276
    },
    "30": {
        "classification": 0.4796586036682129,
        "segmentation": 1.024661660194397,
        "total_loss": 1.5043202638626099
    },
    "40": {
        "classification": 0.4823732376098633,
        "segmentation": 1.2303627729415894,
        "total_loss": 1.7127360105514526
    }
}