{
    "30": {
        "classification": 0.4797228276729584,
        "segmentation": 1.024685025215149,
        "total_loss": 1.5044078528881073
    }
}