{
    "haa_ma30": [
        0.02058550970725057,
        0.02558550970725058,
        0.037600719600411205,
        0.05221339965409527,
        0.06773748340835793
    ],
    "haa_ma40": [
        0.020583693532583637,
        0.02558369353258365,
        0.036301439835065716,
        0.05173283851855873,
        0.06887715169541221
    ],
    "haa_ma60": [
        0.020583817700055164,
        0.025583817700055175,
        0.03638540153601518,
        0.05175932234631263,
        0.06914722740747867
    ]
}