{
    "haa_ma30": [
        0.020587379889713802,
        0.025587379889713813,
        0.0389907824008476,
        0.05292532793860618,
        0.06806452122876974
    ],
    "haa_ma40": [
        0.020531084870680415,
        0.025578337435499213,
        0.030578337435499228,
        0.044218734482674035,
        0.060156674870998454
    ],
    "haa_ma60": [
        0.020586246078798342,
        0.025586246078798353,
        0.03814790257624681,
        0.05247066824563917,
        0.06889053460448842
    ]
}