{
  "All Four True":{
    "Count":13989,
    "Total":16986,
    "Percentage":82.3560579301
  },
  "All Events":{
    "Count":13989,
    "Total":19524,
    "Percentage":71.6502765827
  }
}