{
  "All Four True":{
    "Count":14469,
    "Total":17592,
    "Percentage":82.2476125512
  },
  "All Events":{
    "Count":14469,
    "Total":20250,
    "Percentage":71.4518518519
  }
}