{
  "syst_jes": 0.0,
  "syst_tag": 26,
  "syst_met_px": 1.498765230178833,
  "syst_met_py": 0.6053920984268188
}