{
  "All Four True":{
    "Count":14030,
    "Total":17070,
    "Percentage":82.1909783245
  },
  "All Events":{
    "Count":14030,
    "Total":19617,
    "Percentage":71.5196003466
  }
}