{
    "30": {
        "classification": 0.45891422033309937,
        "total_loss": 0.45891422033309937
    }
}