{
    "30": {
        "classification": 0.458948016166687,
        "total_loss": 0.458948016166687
    },
    "40": {
        "classification": 0.46675848960876465,
        "total_loss": 0.46675848960876465
    },
    "60": {
        "classification": 0.5066832304000854,
        "total_loss": 0.5066832304000854
    }
}