{
    "haa_ma30": [
        0.042564425897521664,
        0.06025439411845863,
        0.08031499500159721,
        0.11450878823691721,
        0.15412645138272776
    ],
    "haa_ma40": [
        0.03218503840612317,
        0.044526307184232713,
        0.06023211279404026,
        0.08264162433372228,
        0.11341517672943781
    ],
    "haa_ma60": [
        0.028096419330954057,
        0.04309641933095411,
        0.055226354526819024,
        0.08080485786261869,
        0.10670415479041497
    ]
}