{
    "30": {
        "classification": 0.579477071762085,
        "segmentation": 1.2792218923568726,
        "total_loss": 1.8586989641189575
    }
}