{
    "haa_ma30": [
        0.035938879686033195,
        0.040938879686033214,
        0.05522706944633431,
        0.08103453284433851,
        0.10747128031719648
    ],
    "haa_ma40": [
        0.03061120623308301,
        0.037585030147049094,
        0.05522241246616599,
        0.07219951331532537,
        0.09832338706992455
    ],
    "haa_ma60": [
        0.025608192457816734,
        0.040357543350068165,
        0.049294417339771336,
        0.06831540435266638,
        0.09261246266376501
    ]
}