{
  "All Four True":{
    "Count":14008,
    "Total":17030,
    "Percentage":82.2548443922
  },
  "All Events":{
    "Count":14008,
    "Total":19570,
    "Percentage":71.5789473684
  }
}