{
  "All Four True":{
    "Count":14037,
    "Total":17090,
    "Percentage":82.1357519017
  },
  "All Events":{
    "Count":14037,
    "Total":19641,
    "Percentage":71.4678478693
  }
}