{
  "All Four True":{
    "Count":14480,
    "Total":17595,
    "Percentage":82.2961068485
  },
  "All Events":{
    "Count":14480,
    "Total":20254,
    "Percentage":71.4920509529
  }
}