{
  "All Four True":{
    "Count":13991,
    "Total":16993,
    "Percentage":82.333902195
  },
  "All Events":{
    "Count":13991,
    "Total":19531,
    "Percentage":71.6348369259
  }
}