{
    "30": {
        "classification": 0.5728611350059509,
        "total_loss": 0.5728611350059509
    },
    "40": {
        "classification": 0.5786425471305847,
        "total_loss": 0.5786425471305847
    },
    "60": {
        "classification": 0.6032541990280151,
        "total_loss": 0.6032541990280151
    }
}