{
    "30": {
        "classification": 0.5727963447570801,
        "assignment": 2.8235273361206055,
        "total_loss": 3.3963236808776855
    }
}