{
    "haa_ma60": {
        "haa_ma60/Purity/*a_sixty/event_proportion": 0.15773325447286707,
        "haa_ma60/Purity/*a_sixty/event_proportion-unc": 0.0003460946145084003,
        "haa_ma60/Purity/*a_sixty/event_purity": 0.5379514938810039,
        "haa_ma60/Purity/*a_sixty/event_purity-unc": 0.0011919611330992528,
        "haa_ma60/Purity/*a_sixty/a_sixty_purity": 0.6236846256112125,
        "haa_ma60/Purity/*a_sixty/a_sixty_purity-unc": 0.0009388454782886665,
        "haa_ma60/Purity/0a_sixty/event_proportion": 0.8422667455271329,
        "haa_ma60/Purity/0a_sixty/event_proportion-unc": 0.0003460946145084004,
        "haa_ma60/Purity/0a_sixty/event_purity": 1.0,
        "haa_ma60/Purity/0a_sixty/event_purity-unc": 0.0,
        "haa_ma60/Purity/0a_sixty/a_sixty_purity": 0,
        "haa_ma60/Purity/0a_sixty/a_sixty_purity-unc": 0,
        "haa_ma60/Purity/1a_sixty/event_proportion": 0.07539228874471209,
        "haa_ma60/Purity/1a_sixty/event_proportion-unc": 0.0002506978455371137,
        "haa_ma60/Purity/1a_sixty/event_purity": 0.6368332934704616,
        "haa_ma60/Purity/1a_sixty/event_purity-unc": 0.0016630710829389573,
        "haa_ma60/Purity/1a_sixty/a_sixty_purity": 0.6368332934704616,
        "haa_ma60/Purity/1a_sixty/a_sixty_purity-unc": 0.0016630710829389573,
        "haa_ma60/Purity/2a_sixty/event_proportion": 0.08234096572815498,
        "haa_ma60/Purity/2a_sixty/event_proportion-unc": 0.0002610099314998339,
        "haa_ma60/Purity/2a_sixty/event_purity": 0.4474142367536435,
        "haa_ma60/Purity/2a_sixty/event_purity-unc": 0.0016453380813392794,
        "haa_ma60/Purity/2a_sixty/a_sixty_purity": 0.6176650935648822,
        "haa_ma60/Purity/2a_sixty/a_sixty_purity-unc": 0.0011370613839489063
    },
    "haa_ma40": {
        "haa_ma40/Purity/*a_forty/event_proportion": 0.15903639352804305,
        "haa_ma40/Purity/*a_forty/event_proportion-unc": 0.00034663133355516235,
        "haa_ma40/Purity/*a_forty/event_purity": 0.6009264228216353,
        "haa_ma40/Purity/*a_forty/event_purity-unc": 0.0011639111687477056,
        "haa_ma40/Purity/*a_forty/a_forty_purity": 0.6613433406026648,
        "haa_ma40/Purity/*a_forty/a_forty_purity-unc": 0.0009440845362105899,
        "haa_ma40/Purity/0a_forty/event_proportion": 0.840963606471957,
        "haa_ma40/Purity/0a_forty/event_proportion-unc": 0.0003466313335551623,
        "haa_ma40/Purity/0a_forty/event_purity": 1.0,
        "haa_ma40/Purity/0a_forty/event_purity-unc": 0.0,
        "haa_ma40/Purity/0a_forty/a_forty_purity": 0,
        "haa_ma40/Purity/0a_forty/a_forty_purity-unc": 0,
        "haa_ma40/Purity/1a_forty/event_proportion": 0.092323310364654,
        "haa_ma40/Purity/1a_forty/event_proportion-unc": 0.00027437986184125564,
        "haa_ma40/Purity/1a_forty/event_purity": 0.6818500282194501,
        "haa_ma40/Purity/1a_forty/event_purity-unc": 0.0014528997519050449,
        "haa_ma40/Purity/1a_forty/a_forty_purity": 0.6818500282194501,
        "haa_ma40/Purity/1a_forty/a_forty_purity-unc": 0.0014528997519050449,
        "haa_ma40/Purity/2a_forty/event_proportion": 0.06671308316338906,
        "haa_ma40/Purity/2a_forty/event_proportion-unc": 0.00023650702913292774,
        "haa_ma40/Purity/2a_forty/event_purity": 0.4889373678611347,
        "haa_ma40/Purity/2a_forty/event_purity-unc": 0.001834379255900034,
        "haa_ma40/Purity/2a_forty/a_forty_purity": 0.6471538803377368,
        "haa_ma40/Purity/2a_forty/a_forty_purity-unc": 0.0012399578047157511
    },
    "haa_ma30": {
        "haa_ma30/Purity/*a_thirty/event_proportion": 0.1429258035998184,
        "haa_ma30/Purity/*a_thirty/event_proportion-unc": 0.0003355188737915341,
        "haa_ma30/Purity/*a_thirty/event_purity": 0.7199843114057366,
        "haa_ma30/Purity/*a_thirty/event_purity-unc": 0.001138543953972486,
        "haa_ma30/Purity/*a_thirty/a_thirty_purity": 0.7778156407320576,
        "haa_ma30/Purity/*a_thirty/a_thirty_purity-unc": 0.0008861208373167086,
        "haa_ma30/Purity/0a_thirty/event_proportion": 0.8570741964001816,
        "haa_ma30/Purity/0a_thirty/event_proportion-unc": 0.0003355188737915341,
        "haa_ma30/Purity/0a_thirty/event_purity": 1.0,
        "haa_ma30/Purity/0a_thirty/event_purity-unc": 0.0,
        "haa_ma30/Purity/0a_thirty/a_thirty_purity": 0,
        "haa_ma30/Purity/0a_thirty/a_thirty_purity-unc": 0,
        "haa_ma30/Purity/1a_thirty/event_proportion": 0.08359202548140633,
        "haa_ma30/Purity/1a_thirty/event_proportion-unc": 0.0002653256751852556,
        "haa_ma30/Purity/1a_thirty/event_purity": 0.8092720036938502,
        "haa_ma30/Purity/1a_thirty/event_purity-unc": 0.0013026402134952988,
        "haa_ma30/Purity/1a_thirty/a_thirty_purity": 0.8092720036938502,
        "haa_ma30/Purity/1a_thirty/a_thirty_purity-unc": 0.0013026402134952988,
        "haa_ma30/Purity/2a_thirty/event_proportion": 0.05933377811841208,
        "haa_ma30/Purity/2a_thirty/event_proportion-unc": 0.00022647548595270417,
        "haa_ma30/Purity/2a_thirty/event_purity": 0.5941918996360257,
        "haa_ma30/Purity/2a_thirty/event_purity-unc": 0.0019325250926808678,
        "haa_ma30/Purity/2a_thirty/a_thirty_purity": 0.755657089754511,
        "haa_ma30/Purity/2a_thirty/a_thirty_purity-unc": 0.0011957728162304622
    }
}