{
  "All Four True":{
    "Count":14432,
    "Total":17546,
    "Percentage":82.2523652114
  },
  "All Events":{
    "Count":14432,
    "Total":20199,
    "Percentage":71.4490816377
  }
}