{
    "haa_ma30": [
        0.020585417443887113,
        0.025585417443887124,
        0.03755861387296476,
        0.052195221883377094,
        0.06765272207457906
    ],
    "haa_ma40": [
        0.02058109719559982,
        0.025581097195599832,
        0.030581097195599847,
        0.04562751642385986,
        0.06016219439119969
    ],
    "haa_ma60": [
        0.020589765695114965,
        0.025589765695114976,
        0.03873558707617465,
        0.05406320884935708,
        0.06919427821677698
    ]
}