{
    "haa_ma30": [
        0.04144543637995591,
        0.060253492684448164,
        0.0798457540077019,
        0.11348148366392403,
        0.1519099828206712
    ],
    "haa_ma40": [
        0.0334754613754848,
        0.046016963824623856,
        0.06023266784437952,
        0.08400506918231103,
        0.11438943080611785
    ],
    "haa_ma60": [
        0.032691113855237416,
        0.04269111385523745,
        0.05522743884513541,
        0.08117790538463887,
        0.10796333497845466
    ]
}