{
    "haa_ma30": [
        0.020590407237380825,
        0.025590407237380836,
        0.03893953652558401,
        0.054403698961449386,
        0.06945495819043478
    ],
    "haa_ma40": [
        0.020585751421076975,
        0.025585751421076986,
        0.037789373936655574,
        0.052299244639638615,
        0.06813149030714123
    ],
    "haa_ma60": [
        0.02058975924511035,
        0.025589759245110363,
        0.03873279286951392,
        0.05405979167377986,
        0.06919159731699007
    ]
}