{
  "All Four True":{
    "Count":14534,
    "Total":17651,
    "Percentage":82.3409438559
  },
  "All Events":{
    "Count":14534,
    "Total":20313,
    "Percentage":71.5502387634
  }
}