{
    "haa_ma30": [
        0.0198540933741819,
        0.02557511872844579,
        0.030575118728445805,
        0.04321479063859553,
        0.06015023745689161
    ],
    "haa_ma40": [
        0.02058282823782305,
        0.025582828237823062,
        0.03569007418756345,
        0.04653738234030938,
        0.06701412141554301
    ],
    "haa_ma60": [
        0.020587190889015224,
        0.025587190889015236,
        0.03884503624381507,
        0.05284199686857789,
        0.06795831114849078
    ]
}