{
  "All Four True":{
    "Count":13997,
    "Total":17000,
    "Percentage":82.3352941176
  },
  "All Events":{
    "Count":13997,
    "Total":19537,
    "Percentage":71.6435481394
  }
}