{
    "haa_ma30": [
        0.020579087525729928,
        0.02557908752572994,
        0.030579087525729954,
        0.04460031612495344,
        0.06015817505145991
    ],
    "haa_ma40": [
        0.02058540231852546,
        0.02558540231852547,
        0.037524603310660175,
        0.05217929274106124,
        0.06757825264365079
    ],
    "haa_ma60": [
        0.02058664875248303,
        0.02558664875248304,
        0.03845230167920989,
        0.05262760502915842,
        0.06766214747015012
    ]
}