{
  "All Four True":{
    "Count":13997,
    "Total":17009,
    "Percentage":82.2917279088
  },
  "All Events":{
    "Count":13997,
    "Total":19547,
    "Percentage":71.6068961989
  }
}