{
    "haa_ma30": [
        0.035817908122080605,
        0.04980932131465973,
        0.06585712339763564,
        0.0955634394794359,
        0.1268195913173314
    ],
    "haa_ma40": [
        0.03390331897756609,
        0.04622871603500375,
        0.060233313586626716,
        0.08426252908234289,
        0.11446662717325337
    ],
    "haa_ma60": [
        0.02560742000371089,
        0.03937729307097396,
        0.04809002953767512,
        0.06788406208349482,
        0.09089172831171385
    ]
}