{
    "30": {
        "classification": 0.47067126631736755,
        "total_loss": 0.47067126631736755
    },
    "40": {
        "classification": 0.46074748039245605,
        "total_loss": 0.46074748039245605
    },
    "60": {
        "classification": 0.49337324500083923,
        "total_loss": 0.49337324500083923
    }
}