{
    "30": {
        "classification": 0.47086554765701294,
        "assignment": 1.8617441654205322,
        "total_loss": 2.332609713077545
    }
}