{
    "haa_ma30": {
        "haa_ma30/Purity/*a_thirty/event_proportion": 0.1429258035998184,
        "haa_ma30/Purity/*a_thirty/event_proportion-unc": 0.0003355188737915341,
        "haa_ma30/Purity/*a_thirty/event_purity": 0.7564602930680846,
        "haa_ma30/Purity/*a_thirty/event_purity-unc": 0.001088366236209238,
        "haa_ma30/Purity/*a_thirty/a_thirty_purity": 0.8107836722825,
        "haa_ma30/Purity/*a_thirty/a_thirty_purity-unc": 0.0008348907961240689,
        "haa_ma30/Purity/0a_thirty/event_proportion": 0.8570741964001816,
        "haa_ma30/Purity/0a_thirty/event_proportion-unc": 0.0003355188737915341,
        "haa_ma30/Purity/0a_thirty/event_purity": 1.0,
        "haa_ma30/Purity/0a_thirty/event_purity-unc": 0.0,
        "haa_ma30/Purity/0a_thirty/a_thirty_purity": 0,
        "haa_ma30/Purity/0a_thirty/a_thirty_purity-unc": 0,
        "haa_ma30/Purity/1a_thirty/event_proportion": 0.08359202548140633,
        "haa_ma30/Purity/1a_thirty/event_proportion-unc": 0.0002653256751852556,
        "haa_ma30/Purity/1a_thirty/event_purity": 0.8442426507772477,
        "haa_ma30/Purity/1a_thirty/event_purity-unc": 0.001202341722279993,
        "haa_ma30/Purity/1a_thirty/a_thirty_purity": 0.8442426507772477,
        "haa_ma30/Purity/1a_thirty/a_thirty_purity-unc": 0.001202341722279993,
        "haa_ma30/Purity/2a_thirty/event_proportion": 0.05933377811841208,
        "haa_ma30/Purity/2a_thirty/event_proportion-unc": 0.00022647548595270417,
        "haa_ma30/Purity/2a_thirty/event_purity": 0.6327886625880895,
        "haa_ma30/Purity/2a_thirty/event_purity-unc": 0.0018970938131589769,
        "haa_ma30/Purity/2a_thirty/a_thirty_purity": 0.787214435065438,
        "haa_ma30/Purity/2a_thirty/a_thirty_purity-unc": 0.0011389483516437118
    },
    "haa_ma40": {
        "haa_ma40/Purity/*a_forty/event_proportion": 0.15903639352804305,
        "haa_ma40/Purity/*a_forty/event_proportion-unc": 0.00034663133355516235,
        "haa_ma40/Purity/*a_forty/event_purity": 0.6766275949724615,
        "haa_ma40/Purity/*a_forty/event_purity-unc": 0.0011117548421061376,
        "haa_ma40/Purity/*a_forty/a_forty_purity": 0.7382364177583929,
        "haa_ma40/Purity/*a_forty/a_forty_purity-unc": 0.0008769400949378192,
        "haa_ma40/Purity/0a_forty/event_proportion": 0.840963606471957,
        "haa_ma40/Purity/0a_forty/event_proportion-unc": 0.0003466313335551623,
        "haa_ma40/Purity/0a_forty/event_purity": 1.0,
        "haa_ma40/Purity/0a_forty/event_purity-unc": 0.0,
        "haa_ma40/Purity/0a_forty/a_forty_purity": 0,
        "haa_ma40/Purity/0a_forty/a_forty_purity-unc": 0,
        "haa_ma40/Purity/1a_forty/event_proportion": 0.092323310364654,
        "haa_ma40/Purity/1a_forty/event_proportion-unc": 0.00027437986184125564,
        "haa_ma40/Purity/1a_forty/event_purity": 0.7534982387170854,
        "haa_ma40/Purity/1a_forty/event_purity-unc": 0.0013443935115924166,
        "haa_ma40/Purity/1a_forty/a_forty_purity": 0.7534982387170854,
        "haa_ma40/Purity/1a_forty/a_forty_purity-unc": 0.0013443935115924166,
        "haa_ma40/Purity/2a_forty/event_proportion": 0.06671308316338906,
        "haa_ma40/Purity/2a_forty/event_proportion-unc": 0.00023650702913292774,
        "haa_ma40/Purity/2a_forty/event_purity": 0.5702473774222653,
        "haa_ma40/Purity/2a_forty/event_purity-unc": 0.0018166295230374909,
        "haa_ma40/Purity/2a_forty/a_forty_purity": 0.7276761065998734,
        "haa_ma40/Purity/2a_forty/a_forty_purity-unc": 0.0011551074507003241
    },
    "haa_ma60": {
        "haa_ma60/Purity/*a_sixty/event_proportion": 0.15773325447286707,
        "haa_ma60/Purity/*a_sixty/event_proportion-unc": 0.0003460946145084003,
        "haa_ma60/Purity/*a_sixty/event_purity": 0.5779235997187719,
        "haa_ma60/Purity/*a_sixty/event_purity-unc": 0.0011808031414446874,
        "haa_ma60/Purity/*a_sixty/a_sixty_purity": 0.6641016396644058,
        "haa_ma60/Purity/*a_sixty/a_sixty_purity-unc": 0.0009152860368115376,
        "haa_ma60/Purity/0a_sixty/event_proportion": 0.8422667455271329,
        "haa_ma60/Purity/0a_sixty/event_proportion-unc": 0.0003460946145084004,
        "haa_ma60/Purity/0a_sixty/event_purity": 1.0,
        "haa_ma60/Purity/0a_sixty/event_purity-unc": 0.0,
        "haa_ma60/Purity/0a_sixty/a_sixty_purity": 0,
        "haa_ma60/Purity/0a_sixty/a_sixty_purity-unc": 0,
        "haa_ma60/Purity/1a_sixty/event_proportion": 0.07539228874471209,
        "haa_ma60/Purity/1a_sixty/event_proportion-unc": 0.0002506978455371137,
        "haa_ma60/Purity/1a_sixty/event_purity": 0.6804113848361636,
        "haa_ma60/Purity/1a_sixty/event_purity-unc": 0.001612598881351041,
        "haa_ma60/Purity/1a_sixty/a_sixty_purity": 0.6804113848361636,
        "haa_ma60/Purity/1a_sixty/a_sixty_purity-unc": 0.001612598881351041,
        "haa_ma60/Purity/2a_sixty/event_proportion": 0.08234096572815498,
        "haa_ma60/Purity/2a_sixty/event_proportion-unc": 0.0002610099314998339,
        "haa_ma60/Purity/2a_sixty/event_purity": 0.484084662805085,
        "haa_ma60/Purity/2a_sixty/event_purity-unc": 0.001653675473170237,
        "haa_ma60/Purity/2a_sixty/a_sixty_purity": 0.6566349491388089,
        "haa_ma60/Purity/2a_sixty/a_sixty_purity-unc": 0.0011110291349262441
    }
}