{
    "haa_ma40": {
        "haa_ma40/Purity/*a_forty/event_proportion": 0.15903639352804305,
        "haa_ma40/Purity/*a_forty/event_proportion-unc": 0.00034663133355516235,
        "haa_ma40/Purity/*a_forty/event_purity": 0.7014432989690722,
        "haa_ma40/Purity/*a_forty/event_purity-unc": 0.0010876580924047271,
        "haa_ma40/Purity/*a_forty/a_forty_purity": 0.7607726715588736,
        "haa_ma40/Purity/*a_forty/a_forty_purity-unc": 0.000851040892827189,
        "haa_ma40/Purity/0a_forty/event_proportion": 0.840963606471957,
        "haa_ma40/Purity/0a_forty/event_proportion-unc": 0.0003466313335551623,
        "haa_ma40/Purity/0a_forty/event_purity": 1.0,
        "haa_ma40/Purity/0a_forty/event_purity-unc": 0.0,
        "haa_ma40/Purity/0a_forty/a_forty_purity": 0,
        "haa_ma40/Purity/0a_forty/a_forty_purity-unc": 0,
        "haa_ma40/Purity/1a_forty/event_proportion": 0.092323310364654,
        "haa_ma40/Purity/1a_forty/event_proportion-unc": 0.00027437986184125564,
        "haa_ma40/Purity/1a_forty/event_purity": 0.7823307319541483,
        "haa_ma40/Purity/1a_forty/event_purity-unc": 0.0012872681605741,
        "haa_ma40/Purity/1a_forty/a_forty_purity": 0.7823307319541483,
        "haa_ma40/Purity/1a_forty/a_forty_purity-unc": 0.0012872681605741,
        "haa_ma40/Purity/2a_forty/event_proportion": 0.06671308316338906,
        "haa_ma40/Purity/2a_forty/event_proportion-unc": 0.00023650702913292774,
        "haa_ma40/Purity/2a_forty/event_purity": 0.5895043025087868,
        "haa_ma40/Purity/2a_forty/event_purity-unc": 0.0018051913592841003,
        "haa_ma40/Purity/2a_forty/a_forty_purity": 0.745855721192044,
        "haa_ma40/Purity/2a_forty/a_forty_purity-unc": 0.0011297387761066958
    },
    "haa_ma30": {
        "haa_ma30/Purity/*a_thirty/event_proportion": 0.1429258035998184,
        "haa_ma30/Purity/*a_thirty/event_proportion-unc": 0.0003355188737915341,
        "haa_ma30/Purity/*a_thirty/event_purity": 0.7730361930725854,
        "haa_ma30/Purity/*a_thirty/event_purity-unc": 0.0010621242391621272,
        "haa_ma30/Purity/*a_thirty/a_thirty_purity": 0.8244824891409047,
        "haa_ma30/Purity/*a_thirty/a_thirty_purity-unc": 0.0008108654859301027,
        "haa_ma30/Purity/0a_thirty/event_proportion": 0.8570741964001816,
        "haa_ma30/Purity/0a_thirty/event_proportion-unc": 0.0003355188737915341,
        "haa_ma30/Purity/0a_thirty/event_purity": 1.0,
        "haa_ma30/Purity/0a_thirty/event_purity-unc": 0.0,
        "haa_ma30/Purity/0a_thirty/a_thirty_purity": 0,
        "haa_ma30/Purity/0a_thirty/a_thirty_purity-unc": 0,
        "haa_ma30/Purity/1a_thirty/event_proportion": 0.08359202548140633,
        "haa_ma30/Purity/1a_thirty/event_proportion-unc": 0.0002653256751852556,
        "haa_ma30/Purity/1a_thirty/event_purity": 0.857314043226842,
        "haa_ma30/Purity/1a_thirty/event_purity-unc": 0.0011596597517337544,
        "haa_ma30/Purity/1a_thirty/a_thirty_purity": 0.857314043226842,
        "haa_ma30/Purity/1a_thirty/a_thirty_purity-unc": 0.0011596597517337544,
        "haa_ma30/Purity/2a_thirty/event_proportion": 0.05933377811841208,
        "haa_ma30/Purity/2a_thirty/event_proportion-unc": 0.00022647548595270417,
        "haa_ma30/Purity/2a_thirty/event_purity": 0.6543018663362503,
        "haa_ma30/Purity/2a_thirty/event_purity-unc": 0.00187171197667114,
        "haa_ma30/Purity/2a_thirty/a_thirty_purity": 0.8013552234182607,
        "haa_ma30/Purity/2a_thirty/a_thirty_purity-unc": 0.0011102928302774981
    },
    "haa_ma60": {
        "haa_ma60/Purity/*a_sixty/event_proportion": 0.15773325447286707,
        "haa_ma60/Purity/*a_sixty/event_proportion-unc": 0.0003460946145084003,
        "haa_ma60/Purity/*a_sixty/event_purity": 0.6045430901930299,
        "haa_ma60/Purity/*a_sixty/event_purity-unc": 0.001168987763615882,
        "haa_ma60/Purity/*a_sixty/a_sixty_purity": 0.6941008134478018,
        "haa_ma60/Purity/*a_sixty/a_sixty_purity-unc": 0.0008929683301701397,
        "haa_ma60/Purity/0a_sixty/event_proportion": 0.8422667455271329,
        "haa_ma60/Purity/0a_sixty/event_proportion-unc": 0.0003460946145084004,
        "haa_ma60/Purity/0a_sixty/event_purity": 1.0,
        "haa_ma60/Purity/0a_sixty/event_purity-unc": 0.0,
        "haa_ma60/Purity/0a_sixty/a_sixty_purity": 0,
        "haa_ma60/Purity/0a_sixty/a_sixty_purity-unc": 0,
        "haa_ma60/Purity/1a_sixty/event_proportion": 0.07539228874471209,
        "haa_ma60/Purity/1a_sixty/event_proportion-unc": 0.0002506978455371137,
        "haa_ma60/Purity/1a_sixty/event_purity": 0.7127242286534322,
        "haa_ma60/Purity/1a_sixty/event_purity-unc": 0.0015647868198965964,
        "haa_ma60/Purity/1a_sixty/a_sixty_purity": 0.7127242286534322,
        "haa_ma60/Purity/1a_sixty/a_sixty_purity-unc": 0.0015647868198965964,
        "haa_ma60/Purity/2a_sixty/event_proportion": 0.08234096572815498,
        "haa_ma60/Purity/2a_sixty/event_proportion-unc": 0.0002610099314998339,
        "haa_ma60/Purity/2a_sixty/event_purity": 0.5054912566929823,
        "haa_ma60/Purity/2a_sixty/event_purity-unc": 0.0016544140724470127,
        "haa_ma60/Purity/2a_sixty/a_sixty_purity": 0.6855749121289433,
        "haa_ma60/Purity/2a_sixty/a_sixty_purity-unc": 0.0010863542309316502
    }
}