{
  "All Four True":{
    "Count":14474,
    "Total":17591,
    "Percentage":82.2807117276
  },
  "All Events":{
    "Count":14474,
    "Total":20250,
    "Percentage":71.4765432099
  }
}