{
  "syst_jes": 0.0,
  "syst_tag": 46,
  "syst_met_px": 0.4025537073612213,
  "syst_met_py": 0.3979220688343048
}