{
    "30": {
        "classification": 0.4832812547683716,
        "assignment": 2.356795072555542,
        "total_loss": 2.8400763273239136
    }
}