{
    "40": {
        "classification": 0.46482139825820923,
        "total_loss": 0.46482139825820923
    },
    "30": {
        "classification": 0.48322370648384094,
        "total_loss": 0.48322370648384094
    },
    "60": {
        "classification": 0.47525709867477417,
        "total_loss": 0.47525709867477417
    }
}