{
  "All Four True":{
    "Count":13995,
    "Total":17002,
    "Percentage":82.3138454299
  },
  "All Events":{
    "Count":13995,
    "Total":19541,
    "Percentage":71.6186479709
  }
}