{
  "syst_jes": 0.0,
  "syst_tag": 11,
  "syst_met_px": 3.0188167095184326,
  "syst_met_py": 4.349518775939941
}