{
    "haa_ma40": {
        "haa_ma40/Purity/*a_forty/event_proportion": 0.15903639352804305,
        "haa_ma40/Purity/*a_forty/event_proportion-unc": 0.00034663133355516235,
        "haa_ma40/Purity/*a_forty/event_purity": 0.6403954243750882,
        "haa_ma40/Purity/*a_forty/event_purity-unc": 0.0011405633524673696,
        "haa_ma40/Purity/*a_forty/a_forty_purity": 0.6957386861081486,
        "haa_ma40/Purity/*a_forty/a_forty_purity-unc": 0.0009178337562243748,
        "haa_ma40/Purity/0a_forty/event_proportion": 0.840963606471957,
        "haa_ma40/Purity/0a_forty/event_proportion-unc": 0.0003466313335551623,
        "haa_ma40/Purity/0a_forty/event_purity": 1.0,
        "haa_ma40/Purity/0a_forty/event_purity-unc": 0.0,
        "haa_ma40/Purity/0a_forty/a_forty_purity": 0,
        "haa_ma40/Purity/0a_forty/a_forty_purity-unc": 0,
        "haa_ma40/Purity/1a_forty/event_proportion": 0.092323310364654,
        "haa_ma40/Purity/1a_forty/event_proportion-unc": 0.00027437986184125564,
        "haa_ma40/Purity/1a_forty/event_purity": 0.7346787848120974,
        "haa_ma40/Purity/1a_forty/event_purity-unc": 0.0013772412188295176,
        "haa_ma40/Purity/1a_forty/a_forty_purity": 0.7346787848120974,
        "haa_ma40/Purity/1a_forty/a_forty_purity-unc": 0.0013772412188295176,
        "haa_ma40/Purity/2a_forty/event_proportion": 0.06671308316338906,
        "haa_ma40/Purity/2a_forty/event_proportion-unc": 0.00023650702913292774,
        "haa_ma40/Purity/2a_forty/event_purity": 0.5099179897386176,
        "haa_ma40/Purity/2a_forty/event_purity-unc": 0.0018344674033044781,
        "haa_ma40/Purity/2a_forty/a_forty_purity": 0.6687943548930096,
        "haa_ma40/Purity/2a_forty/a_forty_purity-unc": 0.0012212529292359128
    },
    "haa_ma60": {
        "haa_ma60/Purity/*a_sixty/event_proportion": 0.15773325447286707,
        "haa_ma60/Purity/*a_sixty/event_proportion-unc": 0.0003460946145084003,
        "haa_ma60/Purity/*a_sixty/event_purity": 0.5483660765831938,
        "haa_ma60/Purity/*a_sixty/event_purity-unc": 0.0011898037081270025,
        "haa_ma60/Purity/*a_sixty/a_sixty_purity": 0.6327992969647807,
        "haa_ma60/Purity/*a_sixty/a_sixty_purity-unc": 0.0009341580590188638,
        "haa_ma60/Purity/0a_sixty/event_proportion": 0.8422667455271329,
        "haa_ma60/Purity/0a_sixty/event_proportion-unc": 0.0003460946145084004,
        "haa_ma60/Purity/0a_sixty/event_purity": 1.0,
        "haa_ma60/Purity/0a_sixty/event_purity-unc": 0.0,
        "haa_ma60/Purity/0a_sixty/a_sixty_purity": 0,
        "haa_ma60/Purity/0a_sixty/a_sixty_purity-unc": 0,
        "haa_ma60/Purity/1a_sixty/event_proportion": 0.07539228874471209,
        "haa_ma60/Purity/1a_sixty/event_proportion-unc": 0.0002506978455371137,
        "haa_ma60/Purity/1a_sixty/event_purity": 0.6677589093518297,
        "haa_ma60/Purity/1a_sixty/event_purity-unc": 0.0016288512889649684,
        "haa_ma60/Purity/1a_sixty/a_sixty_purity": 0.6677589093518297,
        "haa_ma60/Purity/1a_sixty/a_sixty_purity-unc": 0.0016288512889649684,
        "haa_ma60/Purity/2a_sixty/event_proportion": 0.08234096572815498,
        "haa_ma60/Purity/2a_sixty/event_proportion-unc": 0.0002610099314998339,
        "haa_ma60/Purity/2a_sixty/event_purity": 0.43904869315755474,
        "haa_ma60/Purity/2a_sixty/event_purity-unc": 0.0016421746004078252,
        "haa_ma60/Purity/2a_sixty/a_sixty_purity": 0.6167945952456557,
        "haa_ma60/Purity/2a_sixty/a_sixty_purity-unc": 0.0011375526301706663
    },
    "haa_ma30": {
        "haa_ma30/Purity/*a_thirty/event_proportion": 0.1429258035998184,
        "haa_ma30/Purity/*a_thirty/event_proportion-unc": 0.0003355188737915341,
        "haa_ma30/Purity/*a_thirty/event_purity": 0.734316228050435,
        "haa_ma30/Purity/*a_thirty/event_purity-unc": 0.0011200081418508486,
        "haa_ma30/Purity/*a_thirty/a_thirty_purity": 0.7870072515130037,
        "haa_ma30/Purity/*a_thirty/a_thirty_purity-unc": 0.0008727093871827072,
        "haa_ma30/Purity/0a_thirty/event_proportion": 0.8570741964001816,
        "haa_ma30/Purity/0a_thirty/event_proportion-unc": 0.0003355188737915341,
        "haa_ma30/Purity/0a_thirty/event_purity": 1.0,
        "haa_ma30/Purity/0a_thirty/event_purity-unc": 0.0,
        "haa_ma30/Purity/0a_thirty/a_thirty_purity": 0,
        "haa_ma30/Purity/0a_thirty/a_thirty_purity-unc": 0,
        "haa_ma30/Purity/1a_thirty/event_proportion": 0.08359202548140633,
        "haa_ma30/Purity/1a_thirty/event_proportion-unc": 0.0002653256751852556,
        "haa_ma30/Purity/1a_thirty/event_purity": 0.8236296475451287,
        "haa_ma30/Purity/1a_thirty/event_purity-unc": 0.0012637139412404444,
        "haa_ma30/Purity/1a_thirty/a_thirty_purity": 0.8236296475451287,
        "haa_ma30/Purity/1a_thirty/a_thirty_purity-unc": 0.0012637139412404444,
        "haa_ma30/Purity/2a_thirty/event_proportion": 0.05933377811841208,
        "haa_ma30/Purity/2a_thirty/event_proportion-unc": 0.00022647548595270417,
        "haa_ma30/Purity/2a_thirty/event_purity": 0.6084875706652211,
        "haa_ma30/Purity/2a_thirty/event_purity-unc": 0.00192087920563841,
        "haa_ma30/Purity/2a_thirty/a_thirty_purity": 0.7612096337024704,
        "haa_ma30/Purity/2a_thirty/a_thirty_purity-unc": 0.0011864432322108362
    }
}