{
    "haa_ma40": {
        "haa_ma40/Purity/*a_forty/event_proportion": 0.15903639352804305,
        "haa_ma40/Purity/*a_forty/event_proportion-unc": 0.00034663133355516235,
        "haa_ma40/Purity/*a_forty/event_purity": 0.3083575766134727,
        "haa_ma40/Purity/*a_forty/event_purity-unc": 0.0010976169937048118,
        "haa_ma40/Purity/*a_forty/a_forty_purity": 0.35239012432148487,
        "haa_ma40/Purity/*a_forty/a_forty_purity-unc": 0.0009529852472110014,
        "haa_ma40/Purity/0a_forty/event_proportion": 0.840963606471957,
        "haa_ma40/Purity/0a_forty/event_proportion-unc": 0.0003466313335551623,
        "haa_ma40/Purity/0a_forty/event_purity": 1.0,
        "haa_ma40/Purity/0a_forty/event_purity-unc": 0.0,
        "haa_ma40/Purity/0a_forty/a_forty_purity": 0,
        "haa_ma40/Purity/0a_forty/a_forty_purity-unc": 0,
        "haa_ma40/Purity/1a_forty/event_proportion": 0.092323310364654,
        "haa_ma40/Purity/1a_forty/event_proportion-unc": 0.00027437986184125564,
        "haa_ma40/Purity/1a_forty/event_purity": 0.38362882665473014,
        "haa_ma40/Purity/1a_forty/event_purity-unc": 0.0015168828810096853,
        "haa_ma40/Purity/1a_forty/a_forty_purity": 0.38362882665473014,
        "haa_ma40/Purity/1a_forty/a_forty_purity-unc": 0.0015168828810096853,
        "haa_ma40/Purity/2a_forty/event_proportion": 0.06671308316338906,
        "haa_ma40/Purity/2a_forty/event_proportion-unc": 0.00023650702913292774,
        "haa_ma40/Purity/2a_forty/event_purity": 0.20419073782302483,
        "haa_ma40/Purity/2a_forty/event_purity-unc": 0.0014792717573408644,
        "haa_ma40/Purity/2a_forty/a_forty_purity": 0.33077472090925003,
        "haa_ma40/Purity/2a_forty/a_forty_purity-unc": 0.0012208513238608748
    },
    "haa_ma30": {
        "haa_ma30/Purity/*a_thirty/event_proportion": 0.1429258035998184,
        "haa_ma30/Purity/*a_thirty/event_proportion-unc": 0.0003355188737915341,
        "haa_ma30/Purity/*a_thirty/event_purity": 0.24895355790312937,
        "haa_ma30/Purity/*a_thirty/event_purity-unc": 0.001096452110364775,
        "haa_ma30/Purity/*a_thirty/a_thirty_purity": 0.3023644657688603,
        "haa_ma30/Purity/*a_thirty/a_thirty_purity-unc": 0.0009789883951573535,
        "haa_ma30/Purity/0a_thirty/event_proportion": 0.8570741964001816,
        "haa_ma30/Purity/0a_thirty/event_proportion-unc": 0.0003355188737915341,
        "haa_ma30/Purity/0a_thirty/event_purity": 1.0,
        "haa_ma30/Purity/0a_thirty/event_purity-unc": 0.0,
        "haa_ma30/Purity/0a_thirty/a_thirty_purity": 0,
        "haa_ma30/Purity/0a_thirty/a_thirty_purity-unc": 0,
        "haa_ma30/Purity/1a_thirty/event_proportion": 0.08359202548140633,
        "haa_ma30/Purity/1a_thirty/event_proportion-unc": 0.0002653256751852556,
        "haa_ma30/Purity/1a_thirty/event_purity": 0.32592731030540223,
        "haa_ma30/Purity/1a_thirty/event_purity-unc": 0.0015541171103786156,
        "haa_ma30/Purity/1a_thirty/a_thirty_purity": 0.32592731030540223,
        "haa_ma30/Purity/1a_thirty/a_thirty_purity-unc": 0.0015541171103786156,
        "haa_ma30/Purity/2a_thirty/event_proportion": 0.05933377811841208,
        "haa_ma30/Purity/2a_thirty/event_proportion-unc": 0.00022647548595270417,
        "haa_ma30/Purity/2a_thirty/event_purity": 0.140509564005266,
        "haa_ma30/Purity/2a_thirty/event_purity-unc": 0.0013676497474760605,
        "haa_ma30/Purity/2a_thirty/a_thirty_purity": 0.2857662820413537,
        "haa_ma30/Purity/2a_thirty/a_thirty_purity-unc": 0.0012572223445423756
    },
    "haa_ma60": {
        "haa_ma60/Purity/*a_sixty/event_proportion": 0.15773325447286707,
        "haa_ma60/Purity/*a_sixty/event_proportion-unc": 0.0003460946145084003,
        "haa_ma60/Purity/*a_sixty/event_purity": 0.19584788535956604,
        "haa_ma60/Purity/*a_sixty/event_purity-unc": 0.0009488013582038906,
        "haa_ma60/Purity/*a_sixty/a_sixty_purity": 0.2301501460901177,
        "haa_ma60/Purity/*a_sixty/a_sixty_purity-unc": 0.000815725919482333,
        "haa_ma60/Purity/0a_sixty/event_proportion": 0.8422667455271329,
        "haa_ma60/Purity/0a_sixty/event_proportion-unc": 0.0003460946145084004,
        "haa_ma60/Purity/0a_sixty/event_purity": 1.0,
        "haa_ma60/Purity/0a_sixty/event_purity-unc": 0.0,
        "haa_ma60/Purity/0a_sixty/a_sixty_purity": 0,
        "haa_ma60/Purity/0a_sixty/a_sixty_purity-unc": 0,
        "haa_ma60/Purity/1a_sixty/event_proportion": 0.07539228874471209,
        "haa_ma60/Purity/1a_sixty/event_proportion-unc": 0.0002506978455371137,
        "haa_ma60/Purity/1a_sixty/event_purity": 0.28555369528820856,
        "haa_ma60/Purity/1a_sixty/event_purity-unc": 0.001561973307146888,
        "haa_ma60/Purity/1a_sixty/a_sixty_purity": 0.28555369528820856,
        "haa_ma60/Purity/1a_sixty/a_sixty_purity-unc": 0.001561973307146888,
        "haa_ma60/Purity/2a_sixty/event_proportion": 0.08234096572815498,
        "haa_ma60/Purity/2a_sixty/event_proportion-unc": 0.0002610099314998339,
        "haa_ma60/Purity/2a_sixty/event_purity": 0.11371226471908635,
        "haa_ma60/Purity/2a_sixty/event_purity-unc": 0.0010504888047543164,
        "haa_ma60/Purity/2a_sixty/a_sixty_purity": 0.2047860983060869,
        "haa_ma60/Purity/2a_sixty/a_sixty_purity-unc": 0.000944229628820475
    }
}