{
    "haa_ma30": {
        "haa_ma30/Purity/*a_thirty/event_proportion": 0.1429258035998184,
        "haa_ma30/Purity/*a_thirty/event_proportion-unc": 0.0003355188737915341,
        "haa_ma30/Purity/*a_thirty/event_purity": 0.5780025333221884,
        "haa_ma30/Purity/*a_thirty/event_purity-unc": 0.001252324553030404,
        "haa_ma30/Purity/*a_thirty/a_thirty_purity": 0.6002898787779656,
        "haa_ma30/Purity/*a_thirty/a_thirty_purity-unc": 0.0010441212982486951,
        "haa_ma30/Purity/0a_thirty/event_proportion": 0.8570741964001816,
        "haa_ma30/Purity/0a_thirty/event_proportion-unc": 0.0003355188737915341,
        "haa_ma30/Purity/0a_thirty/event_purity": 1.0,
        "haa_ma30/Purity/0a_thirty/event_purity-unc": 0.0,
        "haa_ma30/Purity/0a_thirty/a_thirty_purity": 0,
        "haa_ma30/Purity/0a_thirty/a_thirty_purity-unc": 0,
        "haa_ma30/Purity/1a_thirty/event_proportion": 0.08359202548140633,
        "haa_ma30/Purity/1a_thirty/event_proportion-unc": 0.0002653256751852556,
        "haa_ma30/Purity/1a_thirty/event_purity": 0.7280622677601636,
        "haa_ma30/Purity/1a_thirty/event_purity-unc": 0.0014753294014905405,
        "haa_ma30/Purity/1a_thirty/a_thirty_purity": 0.7280622677601636,
        "haa_ma30/Purity/1a_thirty/a_thirty_purity-unc": 0.0014753294014905405,
        "haa_ma30/Purity/2a_thirty/event_proportion": 0.05933377811841208,
        "haa_ma30/Purity/2a_thirty/event_proportion-unc": 0.00022647548595270417,
        "haa_ma30/Purity/2a_thirty/event_purity": 0.3665918067064199,
        "haa_ma30/Purity/2a_thirty/event_purity-unc": 0.0018964204848455396,
        "haa_ma30/Purity/2a_thirty/a_thirty_purity": 0.5102842097111439,
        "haa_ma30/Purity/2a_thirty/a_thirty_purity-unc": 0.001391119835449798
    },
    "haa_ma60": {
        "haa_ma60/Purity/*a_sixty/event_proportion": 0.15773325447286707,
        "haa_ma60/Purity/*a_sixty/event_proportion-unc": 0.0003460946145084003,
        "haa_ma60/Purity/*a_sixty/event_purity": 0.36523061269984625,
        "haa_ma60/Purity/*a_sixty/event_purity-unc": 0.0011511669782655193,
        "haa_ma60/Purity/*a_sixty/a_sixty_purity": 0.39818758121333664,
        "haa_ma60/Purity/*a_sixty/a_sixty_purity-unc": 0.0009486588160552496,
        "haa_ma60/Purity/0a_sixty/event_proportion": 0.8422667455271329,
        "haa_ma60/Purity/0a_sixty/event_proportion-unc": 0.0003460946145084004,
        "haa_ma60/Purity/0a_sixty/event_purity": 1.0,
        "haa_ma60/Purity/0a_sixty/event_purity-unc": 0.0,
        "haa_ma60/Purity/0a_sixty/a_sixty_purity": 0,
        "haa_ma60/Purity/0a_sixty/a_sixty_purity-unc": 0,
        "haa_ma60/Purity/1a_sixty/event_proportion": 0.07539228874471209,
        "haa_ma60/Purity/1a_sixty/event_proportion-unc": 0.0002506978455371137,
        "haa_ma60/Purity/1a_sixty/event_purity": 0.5252929921071514,
        "haa_ma60/Purity/1a_sixty/event_purity-unc": 0.001726865620552288,
        "haa_ma60/Purity/1a_sixty/a_sixty_purity": 0.5252929921071514,
        "haa_ma60/Purity/1a_sixty/a_sixty_purity-unc": 0.001726865620552288,
        "haa_ma60/Purity/2a_sixty/event_proportion": 0.08234096572815498,
        "haa_ma60/Purity/2a_sixty/event_proportion-unc": 0.0002610099314998339,
        "haa_ma60/Purity/2a_sixty/event_purity": 0.2186757475883364,
        "haa_ma60/Purity/2a_sixty/event_purity-unc": 0.001367780370189483,
        "haa_ma60/Purity/2a_sixty/a_sixty_purity": 0.3399980290604093,
        "haa_ma60/Purity/2a_sixty/a_sixty_purity-unc": 0.0011083992475047215
    },
    "haa_ma40": {
        "haa_ma40/Purity/*a_forty/event_proportion": 0.15903639352804305,
        "haa_ma40/Purity/*a_forty/event_proportion-unc": 0.00034663133355516235,
        "haa_ma40/Purity/*a_forty/event_purity": 0.4779042508120322,
        "haa_ma40/Purity/*a_forty/event_purity-unc": 0.001187211852803182,
        "haa_ma40/Purity/*a_forty/a_forty_purity": 0.503318953853011,
        "haa_ma40/Purity/*a_forty/a_forty_purity-unc": 0.0009974198749948568,
        "haa_ma40/Purity/0a_forty/event_proportion": 0.840963606471957,
        "haa_ma40/Purity/0a_forty/event_proportion-unc": 0.0003466313335551623,
        "haa_ma40/Purity/0a_forty/event_purity": 1.0,
        "haa_ma40/Purity/0a_forty/event_purity-unc": 0.0,
        "haa_ma40/Purity/0a_forty/a_forty_purity": 0,
        "haa_ma40/Purity/0a_forty/a_forty_purity-unc": 0,
        "haa_ma40/Purity/1a_forty/event_proportion": 0.092323310364654,
        "haa_ma40/Purity/1a_forty/event_proportion-unc": 0.00027437986184125564,
        "haa_ma40/Purity/1a_forty/event_purity": 0.6200007784675866,
        "haa_ma40/Purity/1a_forty/event_purity-unc": 0.001514128536276156,
        "haa_ma40/Purity/1a_forty/a_forty_purity": 0.6200007784675866,
        "haa_ma40/Purity/1a_forty/a_forty_purity-unc": 0.001514128536276156,
        "haa_ma40/Purity/2a_forty/event_proportion": 0.06671308316338906,
        "haa_ma40/Purity/2a_forty/event_proportion-unc": 0.00023650702913292774,
        "haa_ma40/Purity/2a_forty/event_purity": 0.28125883731264895,
        "haa_ma40/Purity/2a_forty/event_purity-unc": 0.0016499272646201984,
        "haa_ma40/Purity/2a_forty/a_forty_purity": 0.4225817745997118,
        "haa_ma40/Purity/2a_forty/a_forty_purity-unc": 0.001281772881610881
    }
}