{
  "syst_jes": 0.0,
  "syst_tag": 20,
  "syst_met_px": 3.43892240524292,
  "syst_met_py": 0.7812038660049438
}