{
  "All Four True":{
    "Count":14485,
    "Total":17591,
    "Percentage":82.3432437042
  },
  "All Events":{
    "Count":14485,
    "Total":20250,
    "Percentage":71.5308641975
  }
}