{
  "syst_jes": 0.0,
  "syst_tag": 36,
  "syst_met_px": 0.3340151607990265,
  "syst_met_py": 0.5560649037361145
}