{
    "30": {
        "classification": 0.5634886622428894,
        "segmentation": 1.4987642765045166,
        "total_loss": 2.062252938747406
    }
}