{
  "All Four True":{
    "Count":13993,
    "Total":16997,
    "Percentage":82.3262928752
  },
  "All Events":{
    "Count":13993,
    "Total":19536,
    "Percentage":71.6267403767
  }
}