{
  "syst_jes": 0.0,
  "syst_tag": 39,
  "syst_met_px": 0.541972279548645,
  "syst_met_py": 1.6176724433898926
}