{
  "All Four True":{
    "Count":14472,
    "Total":17591,
    "Percentage":82.2693422773
  },
  "All Events":{
    "Count":14472,
    "Total":20249,
    "Percentage":71.4701960591
  }
}