{
  "syst_jes": 0.0,
  "syst_tag": 18,
  "syst_met_px": 0.7892107963562012,
  "syst_met_py": 0.1617516130208969
}