{
  "All Four True":{
    "Count":14481,
    "Total":17592,
    "Percentage":82.3158253752
  },
  "All Events":{
    "Count":14481,
    "Total":20250,
    "Percentage":71.5111111111
  }
}