{
  "syst_jes": 0.0,
  "syst_tag": 47,
  "syst_met_px": 0.7404332756996155,
  "syst_met_py": 3.1848249435424805
}