{
    "haa_ma30": [
        0.025595463159990693,
        0.030595463159990708,
        0.04040127176825079,
        0.060190926319981415,
        0.07698031294587285
    ],
    "haa_ma40": [
        0.025595643747617632,
        0.030595643747617647,
        0.04044402201152141,
        0.06019128749523529,
        0.07705876953555948
    ],
    "haa_ma60": [
        0.025598561424844735,
        0.03059856142484475,
        0.0411824372957375,
        0.0601971228496895,
        0.08337563780669177
    ]
}