{
    "haa_ma60": {
        "haa_ma60/Purity/*a_sixty/event_proportion": 0.15773325447286707,
        "haa_ma60/Purity/*a_sixty/event_proportion-unc": 0.0003460946145084003,
        "haa_ma60/Purity/*a_sixty/event_purity": 0.48223176161923326,
        "haa_ma60/Purity/*a_sixty/event_purity-unc": 0.001194654597503953,
        "haa_ma60/Purity/*a_sixty/a_sixty_purity": 0.5520216018086632,
        "haa_ma60/Purity/*a_sixty/a_sixty_purity-unc": 0.0009637007380083264,
        "haa_ma60/Purity/0a_sixty/event_proportion": 0.8422667455271329,
        "haa_ma60/Purity/0a_sixty/event_proportion-unc": 0.0003460946145084004,
        "haa_ma60/Purity/0a_sixty/event_purity": 1.0,
        "haa_ma60/Purity/0a_sixty/event_purity-unc": 0.0,
        "haa_ma60/Purity/0a_sixty/a_sixty_purity": 0,
        "haa_ma60/Purity/0a_sixty/a_sixty_purity-unc": 0,
        "haa_ma60/Purity/1a_sixty/event_proportion": 0.07539228874471209,
        "haa_ma60/Purity/1a_sixty/event_proportion-unc": 0.0002506978455371137,
        "haa_ma60/Purity/1a_sixty/event_purity": 0.6343817268596029,
        "haa_ma60/Purity/1a_sixty/event_purity-unc": 0.0016654599647301653,
        "haa_ma60/Purity/1a_sixty/a_sixty_purity": 0.6343817268596029,
        "haa_ma60/Purity/1a_sixty/a_sixty_purity-unc": 0.0016654599647301653,
        "haa_ma60/Purity/2a_sixty/event_proportion": 0.08234096572815498,
        "haa_ma60/Purity/2a_sixty/event_proportion-unc": 0.0002610099314998339,
        "haa_ma60/Purity/2a_sixty/event_purity": 0.34292158945328327,
        "haa_ma60/Purity/2a_sixty/event_purity-unc": 0.0015707476444477325,
        "haa_ma60/Purity/2a_sixty/a_sixty_purity": 0.5143166861935682,
        "haa_ma60/Purity/2a_sixty/a_sixty_purity-unc": 0.0011694382781534743
    },
    "haa_ma40": {
        "haa_ma40/Purity/*a_forty/event_proportion": 0.15903639352804305,
        "haa_ma40/Purity/*a_forty/event_proportion-unc": 0.00034663133355516235,
        "haa_ma40/Purity/*a_forty/event_purity": 0.569139951984183,
        "haa_ma40/Purity/*a_forty/event_purity-unc": 0.0011769563264047767,
        "haa_ma40/Purity/*a_forty/a_forty_purity": 0.6140343197338469,
        "haa_ma40/Purity/*a_forty/a_forty_purity-unc": 0.0009711543260100963,
        "haa_ma40/Purity/0a_forty/event_proportion": 0.840963606471957,
        "haa_ma40/Purity/0a_forty/event_proportion-unc": 0.0003466313335551623,
        "haa_ma40/Purity/0a_forty/event_purity": 1.0,
        "haa_ma40/Purity/0a_forty/event_purity-unc": 0.0,
        "haa_ma40/Purity/0a_forty/a_forty_purity": 0,
        "haa_ma40/Purity/0a_forty/a_forty_purity-unc": 0,
        "haa_ma40/Purity/1a_forty/event_proportion": 0.092323310364654,
        "haa_ma40/Purity/1a_forty/event_proportion-unc": 0.00027437986184125564,
        "haa_ma40/Purity/1a_forty/event_purity": 0.6866376038767685,
        "haa_ma40/Purity/1a_forty/event_purity-unc": 0.001446979923268879,
        "haa_ma40/Purity/1a_forty/a_forty_purity": 0.6866376038767685,
        "haa_ma40/Purity/1a_forty/a_forty_purity-unc": 0.001446979923268879,
        "haa_ma40/Purity/2a_forty/event_proportion": 0.06671308316338906,
        "haa_ma40/Purity/2a_forty/event_proportion-unc": 0.00023650702913292774,
        "haa_ma40/Purity/2a_forty/event_purity": 0.4065365814244738,
        "haa_ma40/Purity/2a_forty/event_purity-unc": 0.0018024874273595208,
        "haa_ma40/Purity/2a_forty/a_forty_purity": 0.5637969808373395,
        "haa_ma40/Purity/2a_forty/a_forty_purity-unc": 0.0012868151355136367
    },
    "haa_ma30": {
        "haa_ma30/Purity/*a_thirty/event_proportion": 0.1429258035998184,
        "haa_ma30/Purity/*a_thirty/event_proportion-unc": 0.0003355188737915341,
        "haa_ma30/Purity/*a_thirty/event_purity": 0.6944710564725096,
        "haa_ma30/Purity/*a_thirty/event_purity-unc": 0.0011680202088059386,
        "haa_ma30/Purity/*a_thirty/a_thirty_purity": 0.7411582429165985,
        "haa_ma30/Purity/*a_thirty/a_thirty_purity-unc": 0.0009336207870391967,
        "haa_ma30/Purity/0a_thirty/event_proportion": 0.8570741964001816,
        "haa_ma30/Purity/0a_thirty/event_proportion-unc": 0.0003355188737915341,
        "haa_ma30/Purity/0a_thirty/event_purity": 1.0,
        "haa_ma30/Purity/0a_thirty/event_purity-unc": 0.0,
        "haa_ma30/Purity/0a_thirty/a_thirty_purity": 0,
        "haa_ma30/Purity/0a_thirty/a_thirty_purity-unc": 0,
        "haa_ma30/Purity/1a_thirty/event_proportion": 0.08359202548140633,
        "haa_ma30/Purity/1a_thirty/event_proportion-unc": 0.0002653256751852556,
        "haa_ma30/Purity/1a_thirty/event_purity": 0.8003012246872321,
        "haa_ma30/Purity/1a_thirty/event_purity-unc": 0.0013255143725151074,
        "haa_ma30/Purity/1a_thirty/a_thirty_purity": 0.8003012246872321,
        "haa_ma30/Purity/1a_thirty/a_thirty_purity-unc": 0.0013255143725151074,
        "haa_ma30/Purity/2a_thirty/event_proportion": 0.05933377811841208,
        "haa_ma30/Purity/2a_thirty/event_proportion-unc": 0.00022647548595270417,
        "haa_ma30/Purity/2a_thirty/event_purity": 0.5453728800433671,
        "haa_ma30/Purity/2a_thirty/event_purity-unc": 0.001959638037990074,
        "haa_ma30/Purity/2a_thirty/a_thirty_purity": 0.6994966313017889,
        "haa_ma30/Purity/2a_thirty/a_thirty_purity-unc": 0.00127586261075691
    }
}