{
    "haa_ma60": {
        "haa_ma60/Purity/*a_sixty/event_proportion": 0.15773325447286707,
        "haa_ma60/Purity/*a_sixty/event_proportion-unc": 0.0003460946145084003,
        "haa_ma60/Purity/*a_sixty/event_purity": 0.5070221267012295,
        "haa_ma60/Purity/*a_sixty/event_purity-unc": 0.0011952917444740677,
        "haa_ma60/Purity/*a_sixty/a_sixty_purity": 0.5828545032560445,
        "haa_ma60/Purity/*a_sixty/a_sixty_purity-unc": 0.000955563333316472,
        "haa_ma60/Purity/0a_sixty/event_proportion": 0.8422667455271329,
        "haa_ma60/Purity/0a_sixty/event_proportion-unc": 0.0003460946145084004,
        "haa_ma60/Purity/0a_sixty/event_purity": 1.0,
        "haa_ma60/Purity/0a_sixty/event_purity-unc": 0.0,
        "haa_ma60/Purity/0a_sixty/a_sixty_purity": 0,
        "haa_ma60/Purity/0a_sixty/a_sixty_purity-unc": 0,
        "haa_ma60/Purity/1a_sixty/event_proportion": 0.07539228874471209,
        "haa_ma60/Purity/1a_sixty/event_proportion-unc": 0.0002506978455371137,
        "haa_ma60/Purity/1a_sixty/event_purity": 0.6084429562305669,
        "haa_ma60/Purity/1a_sixty/event_purity-unc": 0.0016879219962541504,
        "haa_ma60/Purity/1a_sixty/a_sixty_purity": 0.6084429562305669,
        "haa_ma60/Purity/1a_sixty/a_sixty_purity-unc": 0.0016879219962541504,
        "haa_ma60/Purity/2a_sixty/event_proportion": 0.08234096572815498,
        "haa_ma60/Purity/2a_sixty/event_proportion-unc": 0.0002610099314998339,
        "haa_ma60/Purity/2a_sixty/event_purity": 0.4141601059927513,
        "haa_ma60/Purity/2a_sixty/event_purity-unc": 0.0016299489667009033,
        "haa_ma60/Purity/2a_sixty/a_sixty_purity": 0.571139969559933,
        "haa_ma60/Purity/2a_sixty/a_sixty_purity-unc": 0.001158015758414826
    },
    "haa_ma30": {
        "haa_ma30/Purity/*a_thirty/event_proportion": 0.1429258035998184,
        "haa_ma30/Purity/*a_thirty/event_proportion-unc": 0.0003355188737915341,
        "haa_ma30/Purity/*a_thirty/event_purity": 0.6964514200106734,
        "haa_ma30/Purity/*a_thirty/event_purity-unc": 0.0011658874285926763,
        "haa_ma30/Purity/*a_thirty/a_thirty_purity": 0.744711302546208,
        "haa_ma30/Purity/*a_thirty/a_thirty_purity-unc": 0.0009294106354083923,
        "haa_ma30/Purity/0a_thirty/event_proportion": 0.8570741964001816,
        "haa_ma30/Purity/0a_thirty/event_proportion-unc": 0.0003355188737915341,
        "haa_ma30/Purity/0a_thirty/event_purity": 1.0,
        "haa_ma30/Purity/0a_thirty/event_purity-unc": 0.0,
        "haa_ma30/Purity/0a_thirty/a_thirty_purity": 0,
        "haa_ma30/Purity/0a_thirty/a_thirty_purity-unc": 0,
        "haa_ma30/Purity/1a_thirty/event_proportion": 0.08359202548140633,
        "haa_ma30/Purity/1a_thirty/event_proportion-unc": 0.0002653256751852556,
        "haa_ma30/Purity/1a_thirty/event_purity": 0.8024229898199248,
        "haa_ma30/Purity/1a_thirty/event_purity-unc": 0.001320200478207006,
        "haa_ma30/Purity/1a_thirty/a_thirty_purity": 0.8024229898199248,
        "haa_ma30/Purity/1a_thirty/a_thirty_purity-unc": 0.001320200478207006,
        "haa_ma30/Purity/2a_thirty/event_proportion": 0.05933377811841208,
        "haa_ma30/Purity/2a_thirty/event_proportion-unc": 0.00022647548595270417,
        "haa_ma30/Purity/2a_thirty/event_purity": 0.5471540308216526,
        "haa_ma30/Purity/2a_thirty/event_purity-unc": 0.001958986652737379,
        "haa_ma30/Purity/2a_thirty/a_thirty_purity": 0.7040579261209634,
        "haa_ma30/Purity/2a_thirty/a_thirty_purity-unc": 0.0012702639615146756
    },
    "haa_ma40": {
        "haa_ma40/Purity/*a_forty/event_proportion": 0.15903639352804305,
        "haa_ma40/Purity/*a_forty/event_proportion-unc": 0.00034663133355516235,
        "haa_ma40/Purity/*a_forty/event_purity": 0.5985990679282587,
        "haa_ma40/Purity/*a_forty/event_purity-unc": 0.0011650375008978881,
        "haa_ma40/Purity/*a_forty/a_forty_purity": 0.6481550755320673,
        "haa_ma40/Purity/*a_forty/a_forty_purity-unc": 0.0009526485045298095,
        "haa_ma40/Purity/0a_forty/event_proportion": 0.840963606471957,
        "haa_ma40/Purity/0a_forty/event_proportion-unc": 0.0003466313335551623,
        "haa_ma40/Purity/0a_forty/event_purity": 1.0,
        "haa_ma40/Purity/0a_forty/event_purity-unc": 0.0,
        "haa_ma40/Purity/0a_forty/a_forty_purity": 0,
        "haa_ma40/Purity/0a_forty/a_forty_purity-unc": 0,
        "haa_ma40/Purity/1a_forty/event_proportion": 0.092323310364654,
        "haa_ma40/Purity/1a_forty/event_proportion-unc": 0.00027437986184125564,
        "haa_ma40/Purity/1a_forty/event_purity": 0.7045715509020494,
        "haa_ma40/Purity/1a_forty/event_purity-unc": 0.0014231936017421252,
        "haa_ma40/Purity/1a_forty/a_forty_purity": 0.7045715509020494,
        "haa_ma40/Purity/1a_forty/a_forty_purity-unc": 0.0014231936017421252,
        "haa_ma40/Purity/2a_forty/event_proportion": 0.06671308316338906,
        "haa_ma40/Purity/2a_forty/event_proportion-unc": 0.00023650702913292774,
        "haa_ma40/Purity/2a_forty/event_purity": 0.45194521876136223,
        "haa_ma40/Purity/2a_forty/event_purity-unc": 0.0018263345510921,
        "haa_ma40/Purity/2a_forty/a_forty_purity": 0.609118086696562,
        "haa_ma40/Purity/2a_forty/a_forty_purity-unc": 0.00126614658878239
    }
}