{
  "All Four True":{
    "Count":14479,
    "Total":17592,
    "Percentage":82.3044565712
  },
  "All Events":{
    "Count":14479,
    "Total":20251,
    "Percentage":71.4977038171
  }
}