{
    "haa_ma30": [
        0.025601608136734715,
        0.03060160813673473,
        0.04715664825731874,
        0.06520321627346949,
        0.08174441876598879
    ],
    "haa_ma40": [
        0.025598880436315394,
        0.03059888043631541,
        0.04125537149211399,
        0.06019776087263082,
        0.0834955911011182
    ],
    "haa_ma60": [
        0.025600302289330912,
        0.030600302289330927,
        0.04658854249223115,
        0.06020060457866185,
        0.08521317676099484
    ]
}