{
    "haa_ma60": {
        "haa_ma60/Purity/*a_sixty/event_proportion": 0.15773325447286707,
        "haa_ma60/Purity/*a_sixty/event_proportion-unc": 0.0003460946145084003,
        "haa_ma60/Purity/*a_sixty/event_purity": 0.21959793537471348,
        "haa_ma60/Purity/*a_sixty/event_purity-unc": 0.0009897376273513513,
        "haa_ma60/Purity/*a_sixty/a_sixty_purity": 0.2634954971195085,
        "haa_ma60/Purity/*a_sixty/a_sixty_purity-unc": 0.0008537091201355986,
        "haa_ma60/Purity/0a_sixty/event_proportion": 0.8422667455271329,
        "haa_ma60/Purity/0a_sixty/event_proportion-unc": 0.0003460946145084004,
        "haa_ma60/Purity/0a_sixty/event_purity": 1.0,
        "haa_ma60/Purity/0a_sixty/event_purity-unc": 0.0,
        "haa_ma60/Purity/0a_sixty/a_sixty_purity": 0,
        "haa_ma60/Purity/0a_sixty/a_sixty_purity-unc": 0,
        "haa_ma60/Purity/1a_sixty/event_proportion": 0.07539228874471209,
        "haa_ma60/Purity/1a_sixty/event_proportion-unc": 0.0002506978455371137,
        "haa_ma60/Purity/1a_sixty/event_purity": 0.34069600574025355,
        "haa_ma60/Purity/1a_sixty/event_purity-unc": 0.0016389710890436745,
        "haa_ma60/Purity/1a_sixty/a_sixty_purity": 0.34069600574025355,
        "haa_ma60/Purity/1a_sixty/a_sixty_purity-unc": 0.0016389710890436745,
        "haa_ma60/Purity/2a_sixty/event_proportion": 0.08234096572815498,
        "haa_ma60/Purity/2a_sixty/event_proportion-unc": 0.0002610099314998339,
        "haa_ma60/Purity/2a_sixty/event_purity": 0.10871921775597577,
        "haa_ma60/Purity/2a_sixty/event_purity-unc": 0.0010300559966907397,
        "haa_ma60/Purity/2a_sixty/a_sixty_purity": 0.22815268212029302,
        "haa_ma60/Purity/2a_sixty/a_sixty_purity-unc": 0.000981892392648733
    },
    "haa_ma40": {
        "haa_ma40/Purity/*a_forty/event_proportion": 0.15903639352804305,
        "haa_ma40/Purity/*a_forty/event_proportion-unc": 0.00034663133355516235,
        "haa_ma40/Purity/*a_forty/event_purity": 0.25048439485948315,
        "haa_ma40/Purity/*a_forty/event_purity-unc": 0.0010298248694013002,
        "haa_ma40/Purity/*a_forty/a_forty_purity": 0.2999235924292832,
        "haa_ma40/Purity/*a_forty/a_forty_purity-unc": 0.0009141040170829572,
        "haa_ma40/Purity/0a_forty/event_proportion": 0.840963606471957,
        "haa_ma40/Purity/0a_forty/event_proportion-unc": 0.0003466313335551623,
        "haa_ma40/Purity/0a_forty/event_purity": 1.0,
        "haa_ma40/Purity/0a_forty/event_purity-unc": 0.0,
        "haa_ma40/Purity/0a_forty/a_forty_purity": 0,
        "haa_ma40/Purity/0a_forty/a_forty_purity-unc": 0,
        "haa_ma40/Purity/1a_forty/event_proportion": 0.092323310364654,
        "haa_ma40/Purity/1a_forty/event_proportion-unc": 0.00027437986184125564,
        "haa_ma40/Purity/1a_forty/event_purity": 0.3334079364770449,
        "haa_ma40/Purity/1a_forty/event_purity-unc": 0.0014705957610331665,
        "haa_ma40/Purity/1a_forty/a_forty_purity": 0.3334079364770449,
        "haa_ma40/Purity/1a_forty/a_forty_purity-unc": 0.0014705957610331665,
        "haa_ma40/Purity/2a_forty/event_proportion": 0.06671308316338906,
        "haa_ma40/Purity/2a_forty/event_proportion-unc": 0.00023650702913292774,
        "haa_ma40/Purity/2a_forty/event_purity": 0.1357276559070281,
        "haa_ma40/Purity/2a_forty/event_purity-unc": 0.001256854296656389,
        "haa_ma40/Purity/2a_forty/a_forty_purity": 0.2767543328081445,
        "haa_ma40/Purity/2a_forty/a_forty_purity-unc": 0.0011609154434796222
    },
    "haa_ma30": {
        "haa_ma30/Purity/*a_thirty/event_proportion": 0.1429258035998184,
        "haa_ma30/Purity/*a_thirty/event_proportion-unc": 0.0003355188737915341,
        "haa_ma30/Purity/*a_thirty/event_purity": 0.5567907823078951,
        "haa_ma30/Purity/*a_thirty/event_purity-unc": 0.0012596431029393202,
        "haa_ma30/Purity/*a_thirty/a_thirty_purity": 0.6058829943841666,
        "haa_ma30/Purity/*a_thirty/a_thirty_purity-unc": 0.0010416092796294344,
        "haa_ma30/Purity/0a_thirty/event_proportion": 0.8570741964001816,
        "haa_ma30/Purity/0a_thirty/event_proportion-unc": 0.0003355188737915341,
        "haa_ma30/Purity/0a_thirty/event_purity": 1.0,
        "haa_ma30/Purity/0a_thirty/event_purity-unc": 0.0,
        "haa_ma30/Purity/0a_thirty/a_thirty_purity": 0,
        "haa_ma30/Purity/0a_thirty/a_thirty_purity-unc": 0,
        "haa_ma30/Purity/1a_thirty/event_proportion": 0.08359202548140633,
        "haa_ma30/Purity/1a_thirty/event_proportion-unc": 0.0002653256751852556,
        "haa_ma30/Purity/1a_thirty/event_purity": 0.6631450495811437,
        "haa_ma30/Purity/1a_thirty/event_purity-unc": 0.0015670964712496196,
        "haa_ma30/Purity/1a_thirty/a_thirty_purity": 0.6631450495811437,
        "haa_ma30/Purity/1a_thirty/a_thirty_purity-unc": 0.0015670964712496196,
        "haa_ma30/Purity/2a_thirty/event_proportion": 0.05933377811841208,
        "haa_ma30/Purity/2a_thirty/event_proportion-unc": 0.00022647548595270417,
        "haa_ma30/Purity/2a_thirty/event_purity": 0.4069542321691319,
        "haa_ma30/Purity/2a_thirty/event_purity-unc": 0.0019333848559708337,
        "haa_ma30/Purity/2a_thirty/a_thirty_purity": 0.5655463486409045,
        "haa_ma30/Purity/2a_thirty/a_thirty_purity-unc": 0.001379406447739983
    }
}