{
    "30": {
        "classification": 0.5276082754135132,
        "assignment": 2.620598316192627,
        "total_loss": 3.14820659160614
    }
}