{
    "30": {
        "classification": 0.5277639031410217,
        "total_loss": 0.5277639031410217
    },
    "60": {
        "classification": 0.494033545255661,
        "total_loss": 0.494033545255661
    },
    "40": {
        "classification": 0.49621227383613586,
        "total_loss": 0.49621227383613586
    }
}