{
  "All Four True":{
    "Count":14486,
    "Total":17592,
    "Percentage":82.3442473852
  },
  "All Events":{
    "Count":14486,
    "Total":20250,
    "Percentage":71.5358024691
  }
}