{
  "syst_jes": 0.0,
  "syst_tag": 23,
  "syst_met_px": 0.33420610427856445,
  "syst_met_py": 2.712360143661499
}