{
  "All Four True":{
    "Count":13989,
    "Total":16992,
    "Percentage":82.3269774011
  },
  "All Events":{
    "Count":13989,
    "Total":19531,
    "Percentage":71.6245967948
  }
}