{
    "30": {
        "classification": 0.45075932145118713,
        "segmentation": 0.8950031399726868,
        "total_loss": 1.345762461423874
    }
}