{
    "40": {
        "classification": 0.4461607038974762,
        "segmentation": 1.1026240587234497,
        "total_loss": 1.548784762620926
    },
    "30": {
        "classification": 0.45093834400177,
        "segmentation": 0.8950343728065491,
        "total_loss": 1.345972716808319
    },
    "60": {
        "classification": 0.4694991111755371,
        "segmentation": 1.2846168279647827,
        "total_loss": 1.7541159391403198
    }
}