{
  "All Four True":{
    "Count":13993,
    "Total":16996,
    "Percentage":82.3311367381
  },
  "All Events":{
    "Count":13993,
    "Total":19534,
    "Percentage":71.6340739224
  }
}