{
  "syst_jes": 0.0,
  "syst_tag": 31,
  "syst_met_px": 0.14434316754341125,
  "syst_met_py": 0.6712011694908142
}