{
    "haa_ma40": {
        "haa_ma40/Purity/*a_forty/event_proportion": 0.15903639352804305,
        "haa_ma40/Purity/*a_forty/event_proportion-unc": 0.00034663133355516235,
        "haa_ma40/Purity/*a_forty/event_purity": 0.636220872758085,
        "haa_ma40/Purity/*a_forty/event_purity-unc": 0.0011434193654827477,
        "haa_ma40/Purity/*a_forty/a_forty_purity": 0.690047913914137,
        "haa_ma40/Purity/*a_forty/a_forty_purity-unc": 0.0009225809592499186,
        "haa_ma40/Purity/0a_forty/event_proportion": 0.840963606471957,
        "haa_ma40/Purity/0a_forty/event_proportion-unc": 0.0003466313335551623,
        "haa_ma40/Purity/0a_forty/event_purity": 1.0,
        "haa_ma40/Purity/0a_forty/event_purity-unc": 0.0,
        "haa_ma40/Purity/0a_forty/a_forty_purity": 0,
        "haa_ma40/Purity/0a_forty/a_forty_purity-unc": 0,
        "haa_ma40/Purity/1a_forty/event_proportion": 0.092323310364654,
        "haa_ma40/Purity/1a_forty/event_proportion-unc": 0.00027437986184125564,
        "haa_ma40/Purity/1a_forty/event_purity": 0.7320903800867992,
        "haa_ma40/Purity/1a_forty/event_purity-unc": 0.0013815028266531523,
        "haa_ma40/Purity/1a_forty/a_forty_purity": 0.7320903800867992,
        "haa_ma40/Purity/1a_forty/a_forty_purity-unc": 0.0013815028266531523,
        "haa_ma40/Purity/2a_forty/event_proportion": 0.06671308316338906,
        "haa_ma40/Purity/2a_forty/event_proportion-unc": 0.00023650702913292774,
        "haa_ma40/Purity/2a_forty/event_purity": 0.5035483914407681,
        "haa_ma40/Purity/2a_forty/event_purity-unc": 0.001834782204660599,
        "haa_ma40/Purity/2a_forty/a_forty_purity": 0.6609569210466072,
        "haa_ma40/Purity/2a_forty/a_forty_purity-unc": 0.0012283566259792427
    },
    "haa_ma60": {
        "haa_ma60/Purity/*a_sixty/event_proportion": 0.15773325447286707,
        "haa_ma60/Purity/*a_sixty/event_proportion-unc": 0.0003460946145084003,
        "haa_ma60/Purity/*a_sixty/event_purity": 0.5642794674958702,
        "haa_ma60/Purity/*a_sixty/event_purity-unc": 0.0011854899783690514,
        "haa_ma60/Purity/*a_sixty/a_sixty_purity": 0.6492823182135695,
        "haa_ma60/Purity/*a_sixty/a_sixty_purity-unc": 0.0009247646875727381,
        "haa_ma60/Purity/0a_sixty/event_proportion": 0.8422667455271329,
        "haa_ma60/Purity/0a_sixty/event_proportion-unc": 0.0003460946145084004,
        "haa_ma60/Purity/0a_sixty/event_purity": 1.0,
        "haa_ma60/Purity/0a_sixty/event_purity-unc": 0.0,
        "haa_ma60/Purity/0a_sixty/a_sixty_purity": 0,
        "haa_ma60/Purity/0a_sixty/a_sixty_purity-unc": 0,
        "haa_ma60/Purity/1a_sixty/event_proportion": 0.07539228874471209,
        "haa_ma60/Purity/1a_sixty/event_proportion-unc": 0.0002506978455371137,
        "haa_ma60/Purity/1a_sixty/event_purity": 0.6721717292513752,
        "haa_ma60/Purity/1a_sixty/event_purity-unc": 0.0016233353317222491,
        "haa_ma60/Purity/1a_sixty/a_sixty_purity": 0.6721717292513752,
        "haa_ma60/Purity/1a_sixty/a_sixty_purity-unc": 0.0016233353317222491,
        "haa_ma60/Purity/2a_sixty/event_proportion": 0.08234096572815498,
        "haa_ma60/Purity/2a_sixty/event_proportion-unc": 0.0002610099314998339,
        "haa_ma60/Purity/2a_sixty/event_purity": 0.46549213266613376,
        "haa_ma60/Purity/2a_sixty/event_purity-unc": 0.0016505687854474372,
        "haa_ma60/Purity/2a_sixty/a_sixty_purity": 0.6388034206751563,
        "haa_ma60/Purity/2a_sixty/a_sixty_purity-unc": 0.0011239340723799385
    },
    "haa_ma30": {
        "haa_ma30/Purity/*a_thirty/event_proportion": 0.1429258035998184,
        "haa_ma30/Purity/*a_thirty/event_proportion-unc": 0.0003355188737915341,
        "haa_ma30/Purity/*a_thirty/event_purity": 0.7366695171899413,
        "haa_ma30/Purity/*a_thirty/event_purity-unc": 0.0011168221532130002,
        "haa_ma30/Purity/*a_thirty/a_thirty_purity": 0.788252185449721,
        "haa_ma30/Purity/*a_thirty/a_thirty_purity-unc": 0.0008708431331169026,
        "haa_ma30/Purity/0a_thirty/event_proportion": 0.8570741964001816,
        "haa_ma30/Purity/0a_thirty/event_proportion-unc": 0.0003355188737915341,
        "haa_ma30/Purity/0a_thirty/event_purity": 1.0,
        "haa_ma30/Purity/0a_thirty/event_purity-unc": 0.0,
        "haa_ma30/Purity/0a_thirty/a_thirty_purity": 0,
        "haa_ma30/Purity/0a_thirty/a_thirty_purity-unc": 0,
        "haa_ma30/Purity/1a_thirty/event_proportion": 0.08359202548140633,
        "haa_ma30/Purity/1a_thirty/event_proportion-unc": 0.0002653256751852556,
        "haa_ma30/Purity/1a_thirty/event_purity": 0.8292363844242651,
        "haa_ma30/Purity/1a_thirty/event_purity-unc": 0.0012476904332400739,
        "haa_ma30/Purity/1a_thirty/a_thirty_purity": 0.8292363844242651,
        "haa_ma30/Purity/1a_thirty/a_thirty_purity-unc": 0.0012476904332400739,
        "haa_ma30/Purity/2a_thirty/event_proportion": 0.05933377811841208,
        "haa_ma30/Purity/2a_thirty/event_proportion-unc": 0.00022647548595270417,
        "haa_ma30/Purity/2a_thirty/event_purity": 0.606257260125455,
        "haa_ma30/Purity/2a_thirty/event_purity-unc": 0.0019228091408634931,
        "haa_ma30/Purity/2a_thirty/a_thirty_purity": 0.7593820181212732,
        "haa_ma30/Purity/2a_thirty/a_thirty_purity-unc": 0.001189544296313481
    }
}