{
  "All Four True":{
    "Count":14475,
    "Total":17591,
    "Percentage":82.2863964527
  },
  "All Events":{
    "Count":14475,
    "Total":20249,
    "Percentage":71.4850116055
  }
}