{
  "syst_jes": 0.0,
  "syst_tag": 5,
  "syst_met_px": 1.3094147443771362,
  "syst_met_py": 1.03567636013031
}