{
    "haa_ma40": {
        "haa_ma40/Purity/*a_forty/event_proportion": 0.15903639352804305,
        "haa_ma40/Purity/*a_forty/event_proportion-unc": 0.00034663133355516235,
        "haa_ma40/Purity/*a_forty/event_purity": 0.6992119757096456,
        "haa_ma40/Purity/*a_forty/event_purity-unc": 0.0010899771611108697,
        "haa_ma40/Purity/*a_forty/a_forty_purity": 0.7575213702424348,
        "haa_ma40/Purity/*a_forty/a_forty_purity-unc": 0.0008549717417840261,
        "haa_ma40/Purity/0a_forty/event_proportion": 0.840963606471957,
        "haa_ma40/Purity/0a_forty/event_proportion-unc": 0.0003466313335551623,
        "haa_ma40/Purity/0a_forty/event_purity": 1.0,
        "haa_ma40/Purity/0a_forty/event_purity-unc": 0.0,
        "haa_ma40/Purity/0a_forty/a_forty_purity": 0,
        "haa_ma40/Purity/0a_forty/a_forty_purity-unc": 0,
        "haa_ma40/Purity/1a_forty/event_proportion": 0.092323310364654,
        "haa_ma40/Purity/1a_forty/event_proportion-unc": 0.00027437986184125564,
        "haa_ma40/Purity/1a_forty/event_purity": 0.7807056808672129,
        "haa_ma40/Purity/1a_forty/event_purity-unc": 0.0012907217669086504,
        "haa_ma40/Purity/1a_forty/a_forty_purity": 0.7807056808672129,
        "haa_ma40/Purity/1a_forty/a_forty_purity-unc": 0.0012907217669086504,
        "haa_ma40/Purity/2a_forty/event_proportion": 0.06671308316338906,
        "haa_ma40/Purity/2a_forty/event_proportion-unc": 0.00023650702913292774,
        "haa_ma40/Purity/2a_forty/event_purity": 0.5864339675998869,
        "haa_ma40/Purity/2a_forty/event_purity-unc": 0.00180720509078857,
        "haa_ma40/Purity/2a_forty/a_forty_purity": 0.7414791473087438,
        "haa_ma40/Purity/2a_forty/a_forty_purity-unc": 0.0011360768615329164
    },
    "haa_ma60": {
        "haa_ma60/Purity/*a_sixty/event_proportion": 0.15773325447286707,
        "haa_ma60/Purity/*a_sixty/event_proportion-unc": 0.0003460946145084003,
        "haa_ma60/Purity/*a_sixty/event_purity": 0.6049203473051838,
        "haa_ma60/Purity/*a_sixty/event_purity-unc": 0.0011687945511719344,
        "haa_ma60/Purity/*a_sixty/a_sixty_purity": 0.6939843920172454,
        "haa_ma60/Purity/*a_sixty/a_sixty_purity-unc": 0.0008930633342162725,
        "haa_ma60/Purity/0a_sixty/event_proportion": 0.8422667455271329,
        "haa_ma60/Purity/0a_sixty/event_proportion-unc": 0.0003460946145084004,
        "haa_ma60/Purity/0a_sixty/event_purity": 1.0,
        "haa_ma60/Purity/0a_sixty/event_purity-unc": 0.0,
        "haa_ma60/Purity/0a_sixty/a_sixty_purity": 0,
        "haa_ma60/Purity/0a_sixty/a_sixty_purity-unc": 0,
        "haa_ma60/Purity/1a_sixty/event_proportion": 0.07539228874471209,
        "haa_ma60/Purity/1a_sixty/event_proportion-unc": 0.0002506978455371137,
        "haa_ma60/Purity/1a_sixty/event_purity": 0.7150442477876107,
        "haa_ma60/Purity/1a_sixty/event_purity-unc": 0.0015609898930571298,
        "haa_ma60/Purity/1a_sixty/a_sixty_purity": 0.7150442477876107,
        "haa_ma60/Purity/1a_sixty/a_sixty_purity-unc": 0.0015609898930571298,
        "haa_ma60/Purity/2a_sixty/event_proportion": 0.08234096572815498,
        "haa_ma60/Purity/2a_sixty/event_proportion-unc": 0.0002610099314998339,
        "haa_ma60/Purity/2a_sixty/event_purity": 0.5040896996507057,
        "haa_ma60/Purity/2a_sixty/event_purity-unc": 0.0016544585090042107,
        "haa_ma60/Purity/2a_sixty/a_sixty_purity": 0.6843430748847548,
        "haa_ma60/Purity/2a_sixty/a_sixty_purity-unc": 0.001087501852768564
    },
    "haa_ma30": {
        "haa_ma30/Purity/*a_thirty/event_proportion": 0.1429258035998184,
        "haa_ma30/Purity/*a_thirty/event_proportion-unc": 0.0003355188737915341,
        "haa_ma30/Purity/*a_thirty/event_purity": 0.769596275887788,
        "haa_ma30/Purity/*a_thirty/event_purity-unc": 0.001067759215918658,
        "haa_ma30/Purity/*a_thirty/a_thirty_purity": 0.8220789488032277,
        "haa_ma30/Purity/*a_thirty/a_thirty_purity-unc": 0.0008152077562267989,
        "haa_ma30/Purity/0a_thirty/event_proportion": 0.8570741964001816,
        "haa_ma30/Purity/0a_thirty/event_proportion-unc": 0.0003355188737915341,
        "haa_ma30/Purity/0a_thirty/event_purity": 1.0,
        "haa_ma30/Purity/0a_thirty/event_purity-unc": 0.0,
        "haa_ma30/Purity/0a_thirty/a_thirty_purity": 0,
        "haa_ma30/Purity/0a_thirty/a_thirty_purity-unc": 0,
        "haa_ma30/Purity/1a_thirty/event_proportion": 0.08359202548140633,
        "haa_ma30/Purity/1a_thirty/event_proportion-unc": 0.0002653256751852556,
        "haa_ma30/Purity/1a_thirty/event_purity": 0.8546096172027879,
        "haa_ma30/Purity/1a_thirty/event_purity-unc": 0.0011687502789395872,
        "haa_ma30/Purity/1a_thirty/a_thirty_purity": 0.8546096172027879,
        "haa_ma30/Purity/1a_thirty/a_thirty_purity-unc": 0.0011687502789395872,
        "haa_ma30/Purity/2a_thirty/event_proportion": 0.05933377811841208,
        "haa_ma30/Purity/2a_thirty/event_proportion-unc": 0.00022647548595270417,
        "haa_ma30/Purity/2a_thirty/event_purity": 0.6498257569890807,
        "haa_ma30/Purity/2a_thirty/event_purity-unc": 0.0018773358873574897,
        "haa_ma30/Purity/2a_thirty/a_thirty_purity": 0.7991636335475877,
        "haa_ma30/Purity/2a_thirty/a_thirty_purity-unc": 0.0011148731560713236
    }
}