{
  "All Four True":{
    "Count":14476,
    "Total":17593,
    "Percentage":82.2827260842
  },
  "All Events":{
    "Count":14476,
    "Total":20251,
    "Percentage":71.4828897338
  }
}