{
  "All Four True":{
    "Count":14038,
    "Total":17094,
    "Percentage":82.1223821224
  },
  "All Events":{
    "Count":14038,
    "Total":19650,
    "Percentage":71.4402035623
  }
}