{
    "haa_ma30": [
        0.02560865280335419,
        0.03576963194709446,
        0.04997030384826387,
        0.06855082616600912,
        0.09355138784391123
    ],
    "haa_ma40": [
        0.02560567164986464,
        0.03717020808147223,
        0.0451530349272901,
        0.06768727126145554,
        0.08622993985391716
    ],
    "haa_ma60": [
        0.025602013742547405,
        0.03060201374254742,
        0.04731811539552478,
        0.06520402748509486,
        0.08713132369344162
    ]
}