{
    "haa_ma30": {
        "haa_ma30/Purity/*a_thirty/event_proportion": 0.1429258035998184,
        "haa_ma30/Purity/*a_thirty/event_proportion-unc": 0.0003355188737915341,
        "haa_ma30/Purity/*a_thirty/event_purity": 0.7116513531412552,
        "haa_ma30/Purity/*a_thirty/event_purity-unc": 0.0011486552480752584,
        "haa_ma30/Purity/*a_thirty/a_thirty_purity": 0.7620722243425476,
        "haa_ma30/Purity/*a_thirty/a_thirty_purity-unc": 0.0009076502053749466,
        "haa_ma30/Purity/0a_thirty/event_proportion": 0.8570741964001816,
        "haa_ma30/Purity/0a_thirty/event_proportion-unc": 0.0003355188737915341,
        "haa_ma30/Purity/0a_thirty/event_purity": 1.0,
        "haa_ma30/Purity/0a_thirty/event_purity-unc": 0.0,
        "haa_ma30/Purity/0a_thirty/a_thirty_purity": 0,
        "haa_ma30/Purity/0a_thirty/a_thirty_purity-unc": 0,
        "haa_ma30/Purity/1a_thirty/event_proportion": 0.08359202548140633,
        "haa_ma30/Purity/1a_thirty/event_proportion-unc": 0.0002653256751852556,
        "haa_ma30/Purity/1a_thirty/event_purity": 0.8143400540885205,
        "haa_ma30/Purity/1a_thirty/event_purity-unc": 0.0012892347640591896,
        "haa_ma30/Purity/1a_thirty/a_thirty_purity": 0.8143400540885205,
        "haa_ma30/Purity/1a_thirty/a_thirty_purity-unc": 0.0012892347640591896,
        "haa_ma30/Purity/2a_thirty/event_proportion": 0.05933377811841208,
        "haa_ma30/Purity/2a_thirty/event_proportion-unc": 0.00022647548595270417,
        "haa_ma30/Purity/2a_thirty/event_purity": 0.5669790133973515,
        "haa_ma30/Purity/2a_thirty/event_purity-unc": 0.0019500214422541083,
        "haa_ma30/Purity/2a_thirty/a_thirty_purity": 0.7252536203825602,
        "haa_ma30/Purity/2a_thirty/a_thirty_purity-unc": 0.0012422167083000638
    },
    "haa_ma60": {
        "haa_ma60/Purity/*a_sixty/event_proportion": 0.15773325447286707,
        "haa_ma60/Purity/*a_sixty/event_proportion-unc": 0.0003460946145084003,
        "haa_ma60/Purity/*a_sixty/event_purity": 0.45632677325132753,
        "haa_ma60/Purity/*a_sixty/event_purity-unc": 0.0011908407801905308,
        "haa_ma60/Purity/*a_sixty/a_sixty_purity": 0.5261422444549599,
        "haa_ma60/Purity/*a_sixty/a_sixty_purity-unc": 0.0009676341827548248,
        "haa_ma60/Purity/0a_sixty/event_proportion": 0.8422667455271329,
        "haa_ma60/Purity/0a_sixty/event_proportion-unc": 0.0003460946145084004,
        "haa_ma60/Purity/0a_sixty/event_purity": 1.0,
        "haa_ma60/Purity/0a_sixty/event_purity-unc": 0.0,
        "haa_ma60/Purity/0a_sixty/a_sixty_purity": 0,
        "haa_ma60/Purity/0a_sixty/a_sixty_purity-unc": 0,
        "haa_ma60/Purity/1a_sixty/event_proportion": 0.07539228874471209,
        "haa_ma60/Purity/1a_sixty/event_proportion-unc": 0.0002506978455371137,
        "haa_ma60/Purity/1a_sixty/event_purity": 0.5885075340827554,
        "haa_ma60/Purity/1a_sixty/event_purity-unc": 0.0017017739678856117,
        "haa_ma60/Purity/1a_sixty/a_sixty_purity": 0.5885075340827554,
        "haa_ma60/Purity/1a_sixty/a_sixty_purity-unc": 0.0017017739678856117,
        "haa_ma60/Purity/2a_sixty/event_proportion": 0.08234096572815498,
        "haa_ma60/Purity/2a_sixty/event_proportion-unc": 0.0002610099314998339,
        "haa_ma60/Purity/2a_sixty/event_purity": 0.33530062303590397,
        "haa_ma60/Purity/2a_sixty/event_purity-unc": 0.0015621769309466323,
        "haa_ma60/Purity/2a_sixty/a_sixty_purity": 0.497591073833587,
        "haa_ma60/Purity/2a_sixty/a_sixty_purity-unc": 0.0011699043888524247
    },
    "haa_ma40": {
        "haa_ma40/Purity/*a_forty/event_proportion": 0.15903639352804305,
        "haa_ma40/Purity/*a_forty/event_proportion-unc": 0.00034663133355516235,
        "haa_ma40/Purity/*a_forty/event_purity": 0.5943284846773055,
        "haa_ma40/Purity/*a_forty/event_purity-unc": 0.0011670332462344842,
        "haa_ma40/Purity/*a_forty/a_forty_purity": 0.6433716432403177,
        "haa_ma40/Purity/*a_forty/a_forty_purity-unc": 0.0009555567300158321,
        "haa_ma40/Purity/0a_forty/event_proportion": 0.840963606471957,
        "haa_ma40/Purity/0a_forty/event_proportion-unc": 0.0003466313335551623,
        "haa_ma40/Purity/0a_forty/event_purity": 1.0,
        "haa_ma40/Purity/0a_forty/event_purity-unc": 0.0,
        "haa_ma40/Purity/0a_forty/a_forty_purity": 0,
        "haa_ma40/Purity/0a_forty/a_forty_purity-unc": 0,
        "haa_ma40/Purity/1a_forty/event_proportion": 0.092323310364654,
        "haa_ma40/Purity/1a_forty/event_proportion-unc": 0.00027437986184125564,
        "haa_ma40/Purity/1a_forty/event_purity": 0.7025280734873401,
        "haa_ma40/Purity/1a_forty/event_purity-unc": 0.0014260347495886948,
        "haa_ma40/Purity/1a_forty/a_forty_purity": 0.7025280734873401,
        "haa_ma40/Purity/1a_forty/a_forty_purity-unc": 0.0014260347495886948,
        "haa_ma40/Purity/2a_forty/event_proportion": 0.06671308316338906,
        "haa_ma40/Purity/2a_forty/event_proportion-unc": 0.00023650702913292774,
        "haa_ma40/Purity/2a_forty/event_purity": 0.4445925746374177,
        "haa_ma40/Purity/2a_forty/event_purity-unc": 0.0018235278271650469,
        "haa_ma40/Purity/2a_forty/a_forty_purity": 0.6024387616315867,
        "haa_ma40/Purity/2a_forty/a_forty_purity-unc": 0.0012698982502976647
    }
}