{
    "haa_ma30": {
        "haa_ma30/Purity/*a_thirty/event_proportion": 0.1429258035998184,
        "haa_ma30/Purity/*a_thirty/event_proportion-unc": 0.0003355188737915341,
        "haa_ma30/Purity/*a_thirty/event_purity": 0.7087129565927459,
        "haa_ma30/Purity/*a_thirty/event_purity-unc": 0.0011521071518034636,
        "haa_ma30/Purity/*a_thirty/a_thirty_purity": 0.7660796394235138,
        "haa_ma30/Purity/*a_thirty/a_thirty_purity-unc": 0.0009023371622112934,
        "haa_ma30/Purity/0a_thirty/event_proportion": 0.8570741964001816,
        "haa_ma30/Purity/0a_thirty/event_proportion-unc": 0.0003355188737915341,
        "haa_ma30/Purity/0a_thirty/event_purity": 1.0,
        "haa_ma30/Purity/0a_thirty/event_purity-unc": 0.0,
        "haa_ma30/Purity/0a_thirty/a_thirty_purity": 0,
        "haa_ma30/Purity/0a_thirty/a_thirty_purity-unc": 0,
        "haa_ma30/Purity/1a_thirty/event_proportion": 0.08359202548140633,
        "haa_ma30/Purity/1a_thirty/event_proportion-unc": 0.0002653256751852556,
        "haa_ma30/Purity/1a_thirty/event_purity": 0.8006200391372221,
        "haa_ma30/Purity/1a_thirty/event_purity-unc": 0.0013247196576395956,
        "haa_ma30/Purity/1a_thirty/a_thirty_purity": 0.8006200391372221,
        "haa_ma30/Purity/1a_thirty/a_thirty_purity-unc": 0.0013247196576395956,
        "haa_ma30/Purity/2a_thirty/event_proportion": 0.05933377811841208,
        "haa_ma30/Purity/2a_thirty/event_proportion-unc": 0.00022647548595270417,
        "haa_ma30/Purity/2a_thirty/event_purity": 0.5792302330984279,
        "haa_ma30/Purity/2a_thirty/event_purity-unc": 0.0019428948494268031,
        "haa_ma30/Purity/2a_thirty/a_thirty_purity": 0.7417486254162472,
        "haa_ma30/Purity/2a_thirty/a_thirty_purity-unc": 0.0012179686796922088
    },
    "haa_ma40": {
        "haa_ma40/Purity/*a_forty/event_proportion": 0.15903639352804305,
        "haa_ma40/Purity/*a_forty/event_proportion-unc": 0.00034663133355516235,
        "haa_ma40/Purity/*a_forty/event_purity": 0.58517158593419,
        "haa_ma40/Purity/*a_forty/event_purity-unc": 0.001171004493377608,
        "haa_ma40/Purity/*a_forty/a_forty_purity": 0.6448560194839306,
        "haa_ma40/Purity/*a_forty/a_forty_purity-unc": 0.0009546654155750249,
        "haa_ma40/Purity/0a_forty/event_proportion": 0.840963606471957,
        "haa_ma40/Purity/0a_forty/event_proportion-unc": 0.0003466313335551623,
        "haa_ma40/Purity/0a_forty/event_purity": 1.0,
        "haa_ma40/Purity/0a_forty/event_purity-unc": 0.0,
        "haa_ma40/Purity/0a_forty/a_forty_purity": 0,
        "haa_ma40/Purity/0a_forty/a_forty_purity-unc": 0,
        "haa_ma40/Purity/1a_forty/event_proportion": 0.092323310364654,
        "haa_ma40/Purity/1a_forty/event_proportion-unc": 0.00027437986184125564,
        "haa_ma40/Purity/1a_forty/event_purity": 0.6747951657162875,
        "haa_ma40/Purity/1a_forty/event_purity-unc": 0.0014613012353555522,
        "haa_ma40/Purity/1a_forty/a_forty_purity": 0.6747951657162875,
        "haa_ma40/Purity/1a_forty/a_forty_purity-unc": 0.0014613012353555522,
        "haa_ma40/Purity/2a_forty/event_proportion": 0.06671308316338906,
        "haa_ma40/Purity/2a_forty/event_proportion-unc": 0.00023650702913292774,
        "haa_ma40/Purity/2a_forty/event_purity": 0.4611427571068827,
        "haa_ma40/Purity/2a_forty/event_purity-unc": 0.0018292792579372278,
        "haa_ma40/Purity/2a_forty/a_forty_purity": 0.6241398349021667,
        "haa_ma40/Purity/2a_forty/a_forty_purity-unc": 0.0012567953200759779
    },
    "haa_ma60": {
        "haa_ma60/Purity/*a_sixty/event_proportion": 0.15773325447286707,
        "haa_ma60/Purity/*a_sixty/event_proportion-unc": 0.0003460946145084003,
        "haa_ma60/Purity/*a_sixty/event_purity": 0.4468724813800751,
        "haa_ma60/Purity/*a_sixty/event_purity-unc": 0.0011886423201168724,
        "haa_ma60/Purity/*a_sixty/a_sixty_purity": 0.5148831654611415,
        "haa_ma60/Purity/*a_sixty/a_sixty_purity-unc": 0.0009685301349148651,
        "haa_ma60/Purity/0a_sixty/event_proportion": 0.8422667455271329,
        "haa_ma60/Purity/0a_sixty/event_proportion-unc": 0.0003460946145084004,
        "haa_ma60/Purity/0a_sixty/event_purity": 1.0,
        "haa_ma60/Purity/0a_sixty/event_purity-unc": 0.0,
        "haa_ma60/Purity/0a_sixty/a_sixty_purity": 0,
        "haa_ma60/Purity/0a_sixty/a_sixty_purity-unc": 0,
        "haa_ma60/Purity/1a_sixty/event_proportion": 0.07539228874471209,
        "haa_ma60/Purity/1a_sixty/event_proportion-unc": 0.0002506978455371137,
        "haa_ma60/Purity/1a_sixty/event_purity": 0.5630112413298254,
        "haa_ma60/Purity/1a_sixty/event_purity-unc": 0.001715294061554559,
        "haa_ma60/Purity/1a_sixty/a_sixty_purity": 0.5630112413298254,
        "haa_ma60/Purity/1a_sixty/a_sixty_purity-unc": 0.001715294061554559,
        "haa_ma60/Purity/2a_sixty/event_proportion": 0.08234096572815498,
        "haa_ma60/Purity/2a_sixty/event_proportion-unc": 0.0002610099314998339,
        "haa_ma60/Purity/2a_sixty/event_purity": 0.34053456261565584,
        "haa_ma60/Purity/2a_sixty/event_purity-unc": 0.001568111797925201,
        "haa_ma60/Purity/2a_sixty/a_sixty_purity": 0.4928498691515105,
        "haa_ma60/Purity/2a_sixty/a_sixty_purity-unc": 0.0011697983380673355
    }
}