{
    "haa_ma30": {
        "haa_ma30/Purity/*a_thirty/event_proportion": 0.1429258035998184,
        "haa_ma30/Purity/*a_thirty/event_proportion-unc": 0.0003355188737915341,
        "haa_ma30/Purity/*a_thirty/event_purity": 0.7224404765731995,
        "haa_ma30/Purity/*a_thirty/event_purity-unc": 0.0011354714119619872,
        "haa_ma30/Purity/*a_thirty/a_thirty_purity": 0.7722997655525871,
        "haa_ma30/Purity/*a_thirty/a_thirty_purity-unc": 0.0008938662955747723,
        "haa_ma30/Purity/0a_thirty/event_proportion": 0.8570741964001816,
        "haa_ma30/Purity/0a_thirty/event_proportion-unc": 0.0003355188737915341,
        "haa_ma30/Purity/0a_thirty/event_purity": 1.0,
        "haa_ma30/Purity/0a_thirty/event_purity-unc": 0.0,
        "haa_ma30/Purity/0a_thirty/a_thirty_purity": 0,
        "haa_ma30/Purity/0a_thirty/a_thirty_purity-unc": 0,
        "haa_ma30/Purity/1a_thirty/event_proportion": 0.08359202548140633,
        "haa_ma30/Purity/1a_thirty/event_proportion-unc": 0.0002653256751852556,
        "haa_ma30/Purity/1a_thirty/event_purity": 0.8181328466832304,
        "haa_ma30/Purity/1a_thirty/event_purity-unc": 0.001278966145529992,
        "haa_ma30/Purity/1a_thirty/a_thirty_purity": 0.8181328466832304,
        "haa_ma30/Purity/1a_thirty/a_thirty_purity-unc": 0.001278966145529992,
        "haa_ma30/Purity/2a_thirty/event_proportion": 0.05933377811841208,
        "haa_ma30/Purity/2a_thirty/event_proportion-unc": 0.00022647548595270417,
        "haa_ma30/Purity/2a_thirty/event_purity": 0.5876248741578255,
        "haa_ma30/Purity/2a_thirty/event_purity-unc": 0.0019373038362464432,
        "haa_ma30/Purity/2a_thirty/a_thirty_purity": 0.7400139394408736,
        "haa_ma30/Purity/2a_thirty/a_thirty_purity-unc": 0.0012206225992215172
    },
    "haa_ma60": {
        "haa_ma60/Purity/*a_sixty/event_proportion": 0.15773325447286707,
        "haa_ma60/Purity/*a_sixty/event_proportion-unc": 0.0003460946145084003,
        "haa_ma60/Purity/*a_sixty/event_purity": 0.535379286298136,
        "haa_ma60/Purity/*a_sixty/event_purity-unc": 0.0011924133131116352,
        "haa_ma60/Purity/*a_sixty/a_sixty_purity": 0.6134170065421333,
        "haa_ma60/Purity/*a_sixty/a_sixty_purity-unc": 0.0009437020474758971,
        "haa_ma60/Purity/0a_sixty/event_proportion": 0.8422667455271329,
        "haa_ma60/Purity/0a_sixty/event_proportion-unc": 0.0003460946145084004,
        "haa_ma60/Purity/0a_sixty/event_purity": 1.0,
        "haa_ma60/Purity/0a_sixty/event_purity-unc": 0.0,
        "haa_ma60/Purity/0a_sixty/a_sixty_purity": 0,
        "haa_ma60/Purity/0a_sixty/a_sixty_purity-unc": 0,
        "haa_ma60/Purity/1a_sixty/event_proportion": 0.07539228874471209,
        "haa_ma60/Purity/1a_sixty/event_proportion-unc": 0.0002506978455371137,
        "haa_ma60/Purity/1a_sixty/event_purity": 0.6637168141592921,
        "haa_ma60/Purity/1a_sixty/event_purity-unc": 0.0016337624304171264,
        "haa_ma60/Purity/1a_sixty/a_sixty_purity": 0.6637168141592921,
        "haa_ma60/Purity/1a_sixty/a_sixty_purity-unc": 0.0016337624304171264,
        "haa_ma60/Purity/2a_sixty/event_proportion": 0.08234096572815498,
        "haa_ma60/Purity/2a_sixty/event_proportion-unc": 0.0002610099314998339,
        "haa_ma60/Purity/2a_sixty/event_purity": 0.4178720422219059,
        "haa_ma60/Purity/2a_sixty/event_purity-unc": 0.0016320418487291825,
        "haa_ma60/Purity/2a_sixty/a_sixty_purity": 0.5903894795624514,
        "haa_ma60/Purity/2a_sixty/a_sixty_purity-unc": 0.0011506421065917102
    },
    "haa_ma40": {
        "haa_ma40/Purity/*a_forty/event_proportion": 0.15903639352804305,
        "haa_ma40/Purity/*a_forty/event_proportion-unc": 0.00034663133355516235,
        "haa_ma40/Purity/*a_forty/event_purity": 0.6232848467730546,
        "haa_ma40/Purity/*a_forty/event_purity-unc": 0.0011516818634356258,
        "haa_ma40/Purity/*a_forty/a_forty_purity": 0.6739267124050875,
        "haa_ma40/Purity/*a_forty/a_forty_purity-unc": 0.0009351505383163072,
        "haa_ma40/Purity/0a_forty/event_proportion": 0.840963606471957,
        "haa_ma40/Purity/0a_forty/event_proportion-unc": 0.0003466313335551623,
        "haa_ma40/Purity/0a_forty/event_purity": 1.0,
        "haa_ma40/Purity/0a_forty/event_purity-unc": 0.0,
        "haa_ma40/Purity/0a_forty/a_forty_purity": 0,
        "haa_ma40/Purity/0a_forty/a_forty_purity-unc": 0,
        "haa_ma40/Purity/1a_forty/event_proportion": 0.092323310364654,
        "haa_ma40/Purity/1a_forty/event_proportion-unc": 0.00027437986184125564,
        "haa_ma40/Purity/1a_forty/event_purity": 0.7266605686705719,
        "haa_ma40/Purity/1a_forty/event_purity-unc": 0.0013902477924632962,
        "haa_ma40/Purity/1a_forty/a_forty_purity": 0.7266605686705719,
        "haa_ma40/Purity/1a_forty/a_forty_purity-unc": 0.0013902477924632962,
        "haa_ma40/Purity/2a_forty/event_proportion": 0.06671308316338906,
        "haa_ma40/Purity/2a_forty/event_proportion-unc": 0.00023650702913292774,
        "haa_ma40/Purity/2a_forty/event_purity": 0.48022461923807214,
        "haa_ma40/Purity/2a_forty/event_purity-unc": 0.0018333927716874348,
        "haa_ma40/Purity/2a_forty/a_forty_purity": 0.6374378863168101,
        "haa_ma40/Purity/2a_forty/a_forty_purity-unc": 0.0012474426833557948
    }
}