{
  "All Four True":{
    "Count":13968,
    "Total":16946,
    "Percentage":82.4265313348
  },
  "All Events":{
    "Count":13968,
    "Total":19481,
    "Percentage":71.7006313844
  }
}