{
    "60": {
        "classification": 0.48177292943000793,
        "segmentation": 1.424025535583496,
        "total_loss": 1.905798465013504
    },
    "40": {
        "classification": 0.45946526527404785,
        "segmentation": 1.159016489982605,
        "total_loss": 1.6184817552566528
    },
    "30": {
        "classification": 0.449750691652298,
        "segmentation": 0.9380163550376892,
        "total_loss": 1.3877670466899872
    }
}