{
    "30": {
        "classification": 0.4495120048522949,
        "segmentation": 0.9376742839813232,
        "total_loss": 1.3871862888336182
    }
}