{
    "60": {
        "classification": 0.5152759552001953,
        "total_loss": 0.5152759552001953
    },
    "30": {
        "classification": 0.5340234637260437,
        "total_loss": 0.5340234637260437
    },
    "40": {
        "classification": 0.494009405374527,
        "total_loss": 0.494009405374527
    }
}