{
    "30": {
        "classification": 0.5340399742126465,
        "total_loss": 0.5340399742126465
    }
}