{
  "All Four True":{
    "Count":14019,
    "Total":17046,
    "Percentage":82.2421682506
  },
  "All Events":{
    "Count":14019,
    "Total":19587,
    "Percentage":71.57298208
  }
}