{
    "haa_ma30": [
        0.042820422996941,
        0.06025542852666263,
        0.08085693672768086,
        0.1145108570533252,
        0.15672302253247944
    ],
    "haa_ma40": [
        0.03183350019249685,
        0.04183350019249689,
        0.05522721624646028,
        0.0811073396356528,
        0.10771292459320009
    ],
    "haa_ma60": [
        0.03061222320690839,
        0.03858976911657426,
        0.055224446413816755,
        0.0744693527607816,
        0.10500132532318018
    ]
}