{
  "All Four True":{
    "Count":14481,
    "Total":17593,
    "Percentage":82.3111464787
  },
  "All Events":{
    "Count":14481,
    "Total":20251,
    "Percentage":71.5075798726
  }
}