{
  "syst_jes": 0.0,
  "syst_tag": 1,
  "syst_met_px": 1.9071670770645142,
  "syst_met_py": 0.34911903738975525
}