{
    "haa_ma40": {
        "haa_ma40/Purity/*a_forty/event_proportion": 0.15903639352804305,
        "haa_ma40/Purity/*a_forty/event_proportion-unc": 0.00034663133355516235,
        "haa_ma40/Purity/*a_forty/event_purity": 0.3208473379466177,
        "haa_ma40/Purity/*a_forty/event_purity-unc": 0.0011094701503734194,
        "haa_ma40/Purity/*a_forty/a_forty_purity": 0.37323506470766143,
        "haa_ma40/Purity/*a_forty/a_forty_purity-unc": 0.0009648529889338424,
        "haa_ma40/Purity/0a_forty/event_proportion": 0.840963606471957,
        "haa_ma40/Purity/0a_forty/event_proportion-unc": 0.0003466313335551623,
        "haa_ma40/Purity/0a_forty/event_purity": 1.0,
        "haa_ma40/Purity/0a_forty/event_purity-unc": 0.0,
        "haa_ma40/Purity/0a_forty/a_forty_purity": 0,
        "haa_ma40/Purity/0a_forty/a_forty_purity-unc": 0,
        "haa_ma40/Purity/1a_forty/event_proportion": 0.092323310364654,
        "haa_ma40/Purity/1a_forty/event_proportion-unc": 0.00027437986184125564,
        "haa_ma40/Purity/1a_forty/event_purity": 0.4005799583519841,
        "haa_ma40/Purity/1a_forty/event_purity-unc": 0.0015285706341637993,
        "haa_ma40/Purity/1a_forty/a_forty_purity": 0.4005799583519841,
        "haa_ma40/Purity/1a_forty/a_forty_purity-unc": 0.0015285706341637993,
        "haa_ma40/Purity/2a_forty/event_proportion": 0.06671308316338906,
        "haa_ma40/Purity/2a_forty/event_proportion-unc": 0.00023650702913292774,
        "haa_ma40/Purity/2a_forty/event_purity": 0.2105064705961567,
        "haa_ma40/Purity/2a_forty/event_purity-unc": 0.0014960029988291374,
        "haa_ma40/Purity/2a_forty/a_forty_purity": 0.3543139552108162,
        "haa_ma40/Purity/2a_forty/a_forty_purity-unc": 0.0012411243120075356
    },
    "haa_ma30": {
        "haa_ma30/Purity/*a_thirty/event_proportion": 0.1429258035998184,
        "haa_ma30/Purity/*a_thirty/event_proportion-unc": 0.0003355188737915341,
        "haa_ma30/Purity/*a_thirty/event_purity": 0.6678968925009805,
        "haa_ma30/Purity/*a_thirty/event_purity-unc": 0.0011942308437815426,
        "haa_ma30/Purity/*a_thirty/a_thirty_purity": 0.7257147011249842,
        "haa_ma30/Purity/*a_thirty/a_thirty_purity-unc": 0.0009510034609401914,
        "haa_ma30/Purity/0a_thirty/event_proportion": 0.8570741964001816,
        "haa_ma30/Purity/0a_thirty/event_proportion-unc": 0.0003355188737915341,
        "haa_ma30/Purity/0a_thirty/event_purity": 1.0,
        "haa_ma30/Purity/0a_thirty/event_purity-unc": 0.0,
        "haa_ma30/Purity/0a_thirty/a_thirty_purity": 0,
        "haa_ma30/Purity/0a_thirty/a_thirty_purity-unc": 0,
        "haa_ma30/Purity/1a_thirty/event_proportion": 0.08359202548140633,
        "haa_ma30/Purity/1a_thirty/event_proportion-unc": 0.0002653256751852556,
        "haa_ma30/Purity/1a_thirty/event_purity": 0.755139508805875,
        "haa_ma30/Purity/1a_thirty/event_purity-unc": 0.0014257486018675214,
        "haa_ma30/Purity/1a_thirty/a_thirty_purity": 0.755139508805875,
        "haa_ma30/Purity/1a_thirty/a_thirty_purity-unc": 0.0014257486018675214,
        "haa_ma30/Purity/2a_thirty/event_proportion": 0.05933377811841208,
        "haa_ma30/Purity/2a_thirty/event_proportion-unc": 0.00022647548595270417,
        "haa_ma30/Purity/2a_thirty/event_purity": 0.5449856733524355,
        "haa_ma30/Purity/2a_thirty/event_purity-unc": 0.0019597762971108167,
        "haa_ma30/Purity/2a_thirty/a_thirty_purity": 0.7049872221791993,
        "haa_ma30/Purity/2a_thirty/a_thirty_purity-unc": 0.0012691047239920287
    },
    "haa_ma60": {
        "haa_ma60/Purity/*a_sixty/event_proportion": 0.15773325447286707,
        "haa_ma60/Purity/*a_sixty/event_proportion-unc": 0.0003460946145084003,
        "haa_ma60/Purity/*a_sixty/event_purity": 0.2430450364967676,
        "haa_ma60/Purity/*a_sixty/event_purity-unc": 0.0010254751692895835,
        "haa_ma60/Purity/*a_sixty/a_sixty_purity": 0.29784357466369227,
        "haa_ma60/Purity/*a_sixty/a_sixty_purity-unc": 0.0008862304620600218,
        "haa_ma60/Purity/0a_sixty/event_proportion": 0.8422667455271329,
        "haa_ma60/Purity/0a_sixty/event_proportion-unc": 0.0003460946145084004,
        "haa_ma60/Purity/0a_sixty/event_purity": 1.0,
        "haa_ma60/Purity/0a_sixty/event_purity-unc": 0.0,
        "haa_ma60/Purity/0a_sixty/a_sixty_purity": 0,
        "haa_ma60/Purity/0a_sixty/a_sixty_purity-unc": 0,
        "haa_ma60/Purity/1a_sixty/event_proportion": 0.07539228874471209,
        "haa_ma60/Purity/1a_sixty/event_proportion-unc": 0.0002506978455371137,
        "haa_ma60/Purity/1a_sixty/event_purity": 0.33218129634058835,
        "haa_ma60/Purity/1a_sixty/event_purity-unc": 0.0016287776273820657,
        "haa_ma60/Purity/1a_sixty/a_sixty_purity": 0.33218129634058835,
        "haa_ma60/Purity/1a_sixty/a_sixty_purity-unc": 0.0016287776273820657,
        "haa_ma60/Purity/2a_sixty/event_proportion": 0.08234096572815498,
        "haa_ma60/Purity/2a_sixty/event_proportion-unc": 0.0002610099314998339,
        "haa_ma60/Purity/2a_sixty/event_purity": 0.16143090214284933,
        "haa_ma60/Purity/2a_sixty/event_purity-unc": 0.0012174837354012734,
        "haa_ma60/Purity/2a_sixty/a_sixty_purity": 0.282123577912337,
        "haa_ma60/Purity/2a_sixty/a_sixty_purity-unc": 0.0010530038100506995
    }
}