{
    "30": {
        "classification": 0.40718913078308105,
        "segmentation": 0.8106575012207031,
        "total_loss": 1.2178466320037842
    }
}