{
    "30": {
        "classification": 0.4074224829673767,
        "segmentation": 0.8108674883842468,
        "total_loss": 1.2182899713516235
    },
    "60": {
        "classification": 0.4646507799625397,
        "segmentation": 1.2819504737854004,
        "total_loss": 1.74660125374794
    },
    "40": {
        "classification": 0.4208531379699707,
        "segmentation": 1.039300799369812,
        "total_loss": 1.4601539373397827
    }
}