{
    "haa_ma30": {
        "haa_ma30/Purity/*a_thirty/event_proportion": 0.1429258035998184,
        "haa_ma30/Purity/*a_thirty/event_proportion-unc": 0.0003355188737915341,
        "haa_ma30/Purity/*a_thirty/event_purity": 0.047535154667678284,
        "haa_ma30/Purity/*a_thirty/event_purity-unc": 0.00053954669404629,
        "haa_ma30/Purity/*a_thirty/a_thirty_purity": 0.061288006833505985,
        "haa_ma30/Purity/*a_thirty/a_thirty_purity-unc": 0.0005112717582002331,
        "haa_ma30/Purity/0a_thirty/event_proportion": 0.8570741964001816,
        "haa_ma30/Purity/0a_thirty/event_proportion-unc": 0.0003355188737915341,
        "haa_ma30/Purity/0a_thirty/event_purity": 1.0,
        "haa_ma30/Purity/0a_thirty/event_purity-unc": 0.0,
        "haa_ma30/Purity/0a_thirty/a_thirty_purity": 0,
        "haa_ma30/Purity/0a_thirty/a_thirty_purity-unc": 0,
        "haa_ma30/Purity/1a_thirty/event_proportion": 0.08359202548140633,
        "haa_ma30/Purity/1a_thirty/event_proportion-unc": 0.0002653256751852556,
        "haa_ma30/Purity/1a_thirty/event_purity": 0.07838438029067082,
        "haa_ma30/Purity/1a_thirty/event_purity-unc": 0.0008911681929876387,
        "haa_ma30/Purity/1a_thirty/a_thirty_purity": 0.07838438029067082,
        "haa_ma30/Purity/1a_thirty/a_thirty_purity-unc": 0.0008911681929876387,
        "haa_ma30/Purity/2a_thirty/event_proportion": 0.05933377811841208,
        "haa_ma30/Purity/2a_thirty/event_proportion-unc": 0.00022647548595270417,
        "haa_ma30/Purity/2a_thirty/event_purity": 0.004073414388600635,
        "haa_ma30/Purity/2a_thirty/event_purity-unc": 0.00025066539449164824,
        "haa_ma30/Purity/2a_thirty/a_thirty_purity": 0.04924494695268334,
        "haa_ma30/Purity/2a_thirty/a_thirty_purity-unc": 0.0006021456906431304
    },
    "haa_ma40": {
        "haa_ma40/Purity/*a_forty/event_proportion": 0.15903639352804305,
        "haa_ma40/Purity/*a_forty/event_proportion-unc": 0.00034663133355516235,
        "haa_ma40/Purity/*a_forty/event_purity": 0.3666939697782799,
        "haa_ma40/Purity/*a_forty/event_purity-unc": 0.0011453583707831776,
        "haa_ma40/Purity/*a_forty/a_forty_purity": 0.40581970996959615,
        "haa_ma40/Purity/*a_forty/a_forty_purity-unc": 0.000979587580693665,
        "haa_ma40/Purity/0a_forty/event_proportion": 0.840963606471957,
        "haa_ma40/Purity/0a_forty/event_proportion-unc": 0.0003466313335551623,
        "haa_ma40/Purity/0a_forty/event_purity": 1.0,
        "haa_ma40/Purity/0a_forty/event_purity-unc": 0.0,
        "haa_ma40/Purity/0a_forty/a_forty_purity": 0,
        "haa_ma40/Purity/0a_forty/a_forty_purity-unc": 0,
        "haa_ma40/Purity/1a_forty/event_proportion": 0.092323310364654,
        "haa_ma40/Purity/1a_forty/event_proportion-unc": 0.00027437986184125564,
        "haa_ma40/Purity/1a_forty/event_purity": 0.46854990950314307,
        "haa_ma40/Purity/1a_forty/event_purity-unc": 0.0015566265928751767,
        "haa_ma40/Purity/1a_forty/a_forty_purity": 0.46854990950314307,
        "haa_ma40/Purity/1a_forty/a_forty_purity-unc": 0.0015566265928751767,
        "haa_ma40/Purity/2a_forty/event_proportion": 0.06671308316338906,
        "haa_ma40/Purity/2a_forty/event_proportion-unc": 0.00023650702913292774,
        "haa_ma40/Purity/2a_forty/event_purity": 0.22573694771004188,
        "haa_ma40/Purity/2a_forty/event_purity-unc": 0.0015341613718893624,
        "haa_ma40/Purity/2a_forty/a_forty_purity": 0.3624139834902167,
        "haa_ma40/Purity/2a_forty/a_forty_purity-unc": 0.0012473327312676496
    },
    "haa_ma60": {
        "haa_ma60/Purity/*a_sixty/event_proportion": 0.15773325447286707,
        "haa_ma60/Purity/*a_sixty/event_proportion-unc": 0.0003460946145084003,
        "haa_ma60/Purity/*a_sixty/event_purity": 0.23123002966612746,
        "haa_ma60/Purity/*a_sixty/event_purity-unc": 0.0010080151814640507,
        "haa_ma60/Purity/*a_sixty/a_sixty_purity": 0.2642804028932603,
        "haa_ma60/Purity/*a_sixty/a_sixty_purity-unc": 0.0008545239928442099,
        "haa_ma60/Purity/0a_sixty/event_proportion": 0.8422667455271329,
        "haa_ma60/Purity/0a_sixty/event_proportion-unc": 0.0003460946145084004,
        "haa_ma60/Purity/0a_sixty/event_purity": 1.0,
        "haa_ma60/Purity/0a_sixty/event_purity-unc": 0.0,
        "haa_ma60/Purity/0a_sixty/a_sixty_purity": 0,
        "haa_ma60/Purity/0a_sixty/a_sixty_purity-unc": 0,
        "haa_ma60/Purity/1a_sixty/event_proportion": 0.07539228874471209,
        "haa_ma60/Purity/1a_sixty/event_proportion-unc": 0.0002506978455371137,
        "haa_ma60/Purity/1a_sixty/event_purity": 0.33727577134656783,
        "haa_ma60/Purity/1a_sixty/event_purity-unc": 0.001634947888189632,
        "haa_ma60/Purity/1a_sixty/a_sixty_purity": 0.33727577134656783,
        "haa_ma60/Purity/1a_sixty/a_sixty_purity-unc": 0.001634947888189632,
        "haa_ma60/Purity/2a_sixty/event_proportion": 0.08234096572815498,
        "haa_ma60/Purity/2a_sixty/event_proportion-unc": 0.0002610099314998339,
        "haa_ma60/Purity/2a_sixty/event_purity": 0.13413338881163292,
        "haa_ma60/Purity/2a_sixty/event_purity-unc": 0.0011277019960457834,
        "haa_ma60/Purity/2a_sixty/a_sixty_purity": 0.23086272405750763,
        "haa_ma60/Purity/2a_sixty/a_sixty_purity-unc": 0.0009859712331524888
    }
}