{
    "30": {
        "classification": 0.4688151776790619,
        "assignment": 1.732404351234436,
        "segmentation": 0.9427614212036133,
        "total_loss": 3.143980950117111
    }
}