{
    "haa_ma30": [
        0.04957602090766711,
        0.06616925178650124,
        0.08890036460227883,
        0.12696339403521995,
        0.16453202094243935
    ],
    "haa_ma40": [
        0.04860091206557707,
        0.06575270562886516,
        0.09071881573360611,
        0.12451872368137637,
        0.16554904033950033
    ],
    "haa_ma60": [
        0.03668440797614415,
        0.05524501025316314,
        0.06940329981446117,
        0.09887891891158569,
        0.13117243103731066
    ]
}