{
    "haa_ma30": [
        0.020585301787701554,
        0.025585301787701565,
        0.03745069974511313,
        0.05214914823019377,
        0.06743491583842902
    ],
    "haa_ma40": [
        0.020586122538934725,
        0.025586122538934736,
        0.03805383331704978,
        0.05242414696417651,
        0.06868790980602728
    ],
    "haa_ma60": [
        0.02559340597317144,
        0.030593405973171454,
        0.03984104573209182,
        0.05518681194634288,
        0.07550706239894718
    ]
}