{
  "All Four True":{
    "Count":14001,
    "Total":17010,
    "Percentage":82.3104056437
  },
  "All Events":{
    "Count":14001,
    "Total":19548,
    "Percentage":71.6236955187
  }
}