{
  "All Four True":{
    "Count":14018,
    "Total":17037,
    "Percentage":82.2797440864
  },
  "All Events":{
    "Count":14018,
    "Total":19579,
    "Percentage":71.5971193626
  }
}