{
  "syst_jes": 0.0,
  "syst_tag": 37,
  "syst_met_px": 1.7659235000610352,
  "syst_met_py": 0.843368411064148
}