{
    "haa_ma30": [
        0.030655415285184298,
        0.03830289721673606,
        0.05522476125799724,
        0.0747917598240434,
        0.10521493125369576
    ],
    "haa_ma40": [
        0.025606488079199748,
        0.03815226225354272,
        0.04647514822607961,
        0.06746951809636238,
        0.08848323181231649
    ],
    "haa_ma60": [
        0.025603225604822824,
        0.035603225604822854,
        0.04788510482152519,
        0.0669430583548219,
        0.08476314915094713
    ]
}