{
  "All Four True":{
    "Count":14544,
    "Total":17691,
    "Percentage":82.2112938782
  },
  "All Events":{
    "Count":14544,
    "Total":20370,
    "Percentage":71.3991163476
  }
}