{
  "All Four True":{
    "Count":14022,
    "Total":17053,
    "Percentage":82.2260012901
  },
  "All Events":{
    "Count":14022,
    "Total":19594,
    "Percentage":71.5627232826
  }
}