{
    "30": {
        "classification": 0.40911340713500977,
        "segmentation": 0.8074486255645752,
        "total_loss": 1.216562032699585
    }
}