{
    "60": {
        "classification": 0.44026824831962585,
        "segmentation": 1.194930076599121,
        "total_loss": 1.635198324918747
    },
    "30": {
        "classification": 0.4009532332420349,
        "segmentation": 0.8067169785499573,
        "total_loss": 1.2076702117919922
    },
    "40": {
        "classification": 0.42316505312919617,
        "segmentation": 1.0403603315353394,
        "total_loss": 1.4635253846645355
    }
}