{
    "30": {
        "classification": 0.40920519828796387,
        "segmentation": 0.8077289462089539,
        "total_loss": 1.2169341444969177
    }
}