{
  "All Four True":{
    "Count":14017,
    "Total":17042,
    "Percentage":82.2497359465
  },
  "All Events":{
    "Count":14017,
    "Total":19584,
    "Percentage":71.5737336601
  }
}