{
    "haa_ma30": [
        0.060270326278455945,
        0.08056331427844107,
        0.10882940781638263,
        0.15296565503522114,
        0.2075058167620707
    ],
    "haa_ma40": [
        0.04598042604356844,
        0.06775203866449171,
        0.0896247293864268,
        0.1254539013917918,
        0.16835468241845278
    ],
    "haa_ma60": [
        0.0383708771692876,
        0.05525072140203752,
        0.07832204613557416,
        0.10489916397598908,
        0.14498999026141624
    ]
}