{
    "haa_ma30": [
        0.025596408123716163,
        0.030596408123716178,
        0.040642725671212715,
        0.060192816247432356,
        0.07743344042205012
    ],
    "haa_ma40": [
        0.02559715135993704,
        0.030597151359937055,
        0.04083312760136336,
        0.06019430271987411,
        0.0777777584204574
    ],
    "haa_ma60": [
        0.020592095258882063,
        0.03059209525888209,
        0.03945958255040771,
        0.05518419051776415,
        0.07008133377840187
    ]
}