{
  "All Four True":{
    "Count":14466,
    "Total":17591,
    "Percentage":82.2352339264
  },
  "All Events":{
    "Count":14466,
    "Total":20249,
    "Percentage":71.4405649662
  }
}