{
  "syst_jes": 0.0,
  "syst_tag": 44,
  "syst_met_px": 0.8862058520317078,
  "syst_met_py": 0.8880037069320679
}