{
    "30": {
        "classification": 0.4052649736404419,
        "total_loss": 0.4052649736404419
    }
}