{
    "30": {
        "classification": 0.4016949236392975,
        "total_loss": 0.4016949236392975
    }
}