{
    "40": {
        "classification": 0.41752052307128906,
        "total_loss": 0.41752052307128906
    },
    "60": {
        "classification": 0.4292661249637604,
        "total_loss": 0.4292661249637604
    },
    "30": {
        "classification": 0.39818066358566284,
        "total_loss": 0.39818066358566284
    }
}