{
    "haa_ma40": {
        "haa_ma40/Purity/*a_forty/event_proportion": 0.15903639352804305,
        "haa_ma40/Purity/*a_forty/event_proportion-unc": 0.00034663133355516235,
        "haa_ma40/Purity/*a_forty/event_purity": 0.5661460245728005,
        "haa_ma40/Purity/*a_forty/event_purity-unc": 0.001177927931710832,
        "haa_ma40/Purity/*a_forty/a_forty_purity": 0.606588561149934,
        "haa_ma40/Purity/*a_forty/a_forty_purity-unc": 0.0009745142217955695,
        "haa_ma40/Purity/0a_forty/event_proportion": 0.840963606471957,
        "haa_ma40/Purity/0a_forty/event_proportion-unc": 0.0003466313335551623,
        "haa_ma40/Purity/0a_forty/event_purity": 1.0,
        "haa_ma40/Purity/0a_forty/event_purity-unc": 0.0,
        "haa_ma40/Purity/0a_forty/a_forty_purity": 0,
        "haa_ma40/Purity/0a_forty/a_forty_purity-unc": 0,
        "haa_ma40/Purity/1a_forty/event_proportion": 0.092323310364654,
        "haa_ma40/Purity/1a_forty/event_proportion-unc": 0.00027437986184125564,
        "haa_ma40/Purity/1a_forty/event_purity": 0.6890703150847557,
        "haa_ma40/Purity/1a_forty/event_purity-unc": 0.0014439033951466418,
        "haa_ma40/Purity/1a_forty/a_forty_purity": 0.6890703150847557,
        "haa_ma40/Purity/1a_forty/a_forty_purity-unc": 0.0014439033951466418,
        "haa_ma40/Purity/2a_forty/event_proportion": 0.06671308316338906,
        "haa_ma40/Purity/2a_forty/event_proportion-unc": 0.00023650702913292774,
        "haa_ma40/Purity/2a_forty/event_purity": 0.396032804104553,
        "haa_ma40/Purity/2a_forty/event_purity-unc": 0.0017947241531931094,
        "haa_ma40/Purity/2a_forty/a_forty_purity": 0.5495158835966011,
        "haa_ma40/Purity/2a_forty/a_forty_purity-unc": 0.0012910418497094013
    },
    "haa_ma30": {
        "haa_ma30/Purity/*a_thirty/event_proportion": 0.1429258035998184,
        "haa_ma30/Purity/*a_thirty/event_proportion-unc": 0.0003355188737915341,
        "haa_ma30/Purity/*a_thirty/event_purity": 0.6876169411099038,
        "haa_ma30/Purity/*a_thirty/event_purity-unc": 0.0011752063332295438,
        "haa_ma30/Purity/*a_thirty/a_thirty_purity": 0.7348745070243353,
        "haa_ma30/Purity/*a_thirty/a_thirty_purity-unc": 0.0009408712692970464,
        "haa_ma30/Purity/0a_thirty/event_proportion": 0.8570741964001816,
        "haa_ma30/Purity/0a_thirty/event_proportion-unc": 0.0003355188737915341,
        "haa_ma30/Purity/0a_thirty/event_purity": 1.0,
        "haa_ma30/Purity/0a_thirty/event_purity-unc": 0.0,
        "haa_ma30/Purity/0a_thirty/a_thirty_purity": 0,
        "haa_ma30/Purity/0a_thirty/a_thirty_purity-unc": 0,
        "haa_ma30/Purity/1a_thirty/event_proportion": 0.08359202548140633,
        "haa_ma30/Purity/1a_thirty/event_proportion-unc": 0.0002653256751852556,
        "haa_ma30/Purity/1a_thirty/event_purity": 0.7940898397132868,
        "haa_ma30/Purity/1a_thirty/event_purity-unc": 0.0013407373487555373,
        "haa_ma30/Purity/1a_thirty/a_thirty_purity": 0.7940898397132868,
        "haa_ma30/Purity/1a_thirty/a_thirty_purity-unc": 0.0013407373487555373,
        "haa_ma30/Purity/2a_thirty/event_proportion": 0.05933377811841208,
        "haa_ma30/Purity/2a_thirty/event_proportion-unc": 0.00022647548595270417,
        "haa_ma30/Purity/2a_thirty/event_purity": 0.5376132579570975,
        "haa_ma30/Purity/2a_thirty/event_purity-unc": 0.0019621811260842515,
        "haa_ma30/Purity/2a_thirty/a_thirty_purity": 0.6931619298381476,
        "haa_ma30/Purity/2a_thirty/a_thirty_purity-unc": 0.0012833892490359967
    },
    "haa_ma60": {
        "haa_ma60/Purity/*a_sixty/event_proportion": 0.15773325447286707,
        "haa_ma60/Purity/*a_sixty/event_proportion-unc": 0.0003460946145084003,
        "haa_ma60/Purity/*a_sixty/event_purity": 0.3962057080144272,
        "haa_ma60/Purity/*a_sixty/event_purity-unc": 0.001169369105675107,
        "haa_ma60/Purity/*a_sixty/a_sixty_purity": 0.443550628300172,
        "haa_ma60/Purity/*a_sixty/a_sixty_purity-unc": 0.0009627644517436258,
        "haa_ma60/Purity/0a_sixty/event_proportion": 0.8422667455271329,
        "haa_ma60/Purity/0a_sixty/event_proportion-unc": 0.0003460946145084004,
        "haa_ma60/Purity/0a_sixty/event_purity": 1.0,
        "haa_ma60/Purity/0a_sixty/event_purity-unc": 0.0,
        "haa_ma60/Purity/0a_sixty/a_sixty_purity": 0,
        "haa_ma60/Purity/0a_sixty/a_sixty_purity-unc": 0,
        "haa_ma60/Purity/1a_sixty/event_proportion": 0.07539228874471209,
        "haa_ma60/Purity/1a_sixty/event_proportion-unc": 0.0002506978455371137,
        "haa_ma60/Purity/1a_sixty/event_purity": 0.5746113370007175,
        "haa_ma60/Purity/1a_sixty/event_purity-unc": 0.001709719910283906,
        "haa_ma60/Purity/1a_sixty/a_sixty_purity": 0.5746113370007175,
        "haa_ma60/Purity/1a_sixty/a_sixty_purity-unc": 0.001709719910283906,
        "haa_ma60/Purity/2a_sixty/event_proportion": 0.08234096572815498,
        "haa_ma60/Purity/2a_sixty/event_proportion-unc": 0.0002610099314998339,
        "haa_ma60/Purity/2a_sixty/event_purity": 0.23285556297699475,
        "haa_ma60/Purity/2a_sixty/event_purity-unc": 0.001398563800527996,
        "haa_ma60/Purity/2a_sixty/a_sixty_purity": 0.38355031918271704,
        "haa_ma60/Purity/2a_sixty/a_sixty_purity-unc": 0.0011377462076027473
    }
}