{
    "30": {
        "classification": 0.523886501789093,
        "assignment": 2.3310422897338867,
        "segmentation": 1.2508445978164673,
        "total_loss": 4.105773389339447
    }
}