{
    "30": {
        "classification": 0.661013662815094,
        "assignment": 3.34785532951355,
        "total_loss": 4.008868992328644
    }
}