{
    "40": {
        "classification": 0.5909456610679626,
        "total_loss": 0.5909456610679626
    },
    "30": {
        "classification": 0.6609169840812683,
        "total_loss": 0.6609169840812683
    },
    "60": {
        "classification": 0.6075641512870789,
        "total_loss": 0.6075641512870789
    }
}