{
    "haa_ma30": [
        0.039448278165137934,
        0.05525214605611372,
        0.07910581532714508,
        0.11165324163018164,
        0.1484750255762569
    ],
    "haa_ma40": [
        0.03176652756907508,
        0.04176652756907512,
        0.055227193061095546,
        0.08110181414035908,
        0.10769237340549781
    ],
    "haa_ma60": [
        0.03061029021083879,
        0.03678946676340629,
        0.05522058042167755,
        0.0704767599856282,
        0.09677909111950625
    ]
}