{
    "60": {
        "classification": 0.4378085732460022,
        "total_loss": 0.4378085732460022
    },
    "30": {
        "classification": 0.41210073232650757,
        "total_loss": 0.41210073232650757
    },
    "40": {
        "classification": 0.42342162132263184,
        "total_loss": 0.42342162132263184
    }
}