{
    "30": {
        "classification": 0.4172641336917877,
        "total_loss": 0.4172641336917877
    }
}