{
    "30": {
        "classification": 0.4175247848033905,
        "assignment": 1.876671552658081,
        "total_loss": 2.2941963374614716
    }
}