{
    "haa_ma30": [
        0.025606289804341088,
        0.037941658326512376,
        0.04618415189330331,
        0.06726130891822646,
        0.08803863115764347
    ],
    "haa_ma40": [
        0.025606507774523102,
        0.038206352896657074,
        0.04654939017213517,
        0.0675230309667009,
        0.08859631998653295
    ],
    "haa_ma60": [
        0.02560137191386613,
        0.030601371913866145,
        0.046842510083243485,
        0.06020274382773229,
        0.08151968222423919
    ]
}