{
    "haa_ma30": [
        0.04550262823595006,
        0.06719478150070168,
        0.08936606697355284,
        0.12921464724177165,
        0.16710598708009738
    ],
    "haa_ma40": [
        0.040933759789949904,
        0.05524792473053356,
        0.07151634149251535,
        0.10154894884657778,
        0.1370084817059779
    ],
    "haa_ma60": [
        0.0365230025186312,
        0.05024445405621722,
        0.0689307268220621,
        0.09838664744224825,
        0.12964051307228797
    ]
}