{
    "haa_ma30": [
        0.0365805187165366,
        0.050244623117510274,
        0.06909316954518117,
        0.09854529680664843,
        0.13032950649421857
    ],
    "haa_ma40": [
        0.025606448316828883,
        0.03810979200094288,
        0.04641800852075087,
        0.06742942157061695,
        0.0883977907110536
    ],
    "haa_ma60": [
        0.025605186591655102,
        0.03664620396777213,
        0.049445455111903285,
        0.06654642513812865,
        0.09050506639142561
    ]
}