{
    "30": {
        "classification": 0.5455237030982971,
        "assignment": 1.9552737474441528,
        "segmentation": 1.186786413192749,
        "total_loss": 3.687583863735199
    }
}