{
    "60": {
        "classification": 0.5074676871299744,
        "segmentation": 1.5860763788223267,
        "total_loss": 2.093544065952301
    },
    "40": {
        "classification": 0.5352637767791748,
        "segmentation": 1.387697696685791,
        "total_loss": 1.9229614734649658
    },
    "30": {
        "classification": 0.5455858707427979,
        "segmentation": 1.1865627765655518,
        "total_loss": 1.7321486473083496
    }
}