{
  "All Four True":{
    "Count":13972,
    "Total":16953,
    "Percentage":82.4160915472
  },
  "All Events":{
    "Count":13972,
    "Total":19489,
    "Percentage":71.6917235364
  }
}