{
    "haa_ma30": [
        0.020586989714248154,
        0.025586989714248165,
        0.03869330650289237,
        0.05275773476316708,
        0.06784608800787909
    ],
    "haa_ma40": [
        0.02058796310291814,
        0.02558796310291815,
        0.03812235329346833,
        0.053181920971678155,
        0.06836602334572904
    ],
    "haa_ma60": [
        0.020591025034888726,
        0.025591025034888738,
        0.03913863950682196,
        0.05475722145870229,
        0.06970044285753899
    ]
}