{
  "All Four True":{
    "Count":13994,
    "Total":16996,
    "Percentage":82.3370204754
  },
  "All Events":{
    "Count":13994,
    "Total":19535,
    "Percentage":71.635525979
  }
}