{
  "syst_jes": 0.0,
  "syst_tag": 34,
  "syst_met_px": 0.9006249904632568,
  "syst_met_py": 1.5723741054534912
}