{
    "haa_ma30": [
        0.02560186772473043,
        0.030601867724730444,
        0.0472683468688027,
        0.06520373544946091,
        0.08701422881096216
    ],
    "haa_ma40": [
        0.025596667735921983,
        0.030596667735921998,
        0.04071324900322215,
        0.060193335471843995,
        0.07756325361482233
    ],
    "haa_ma60": [
        0.025598948064956432,
        0.030598948064956447,
        0.04126997077149977,
        0.060197896129912894,
        0.08351794037841855
    ]
}