{
  "All Four True":{
    "Count":13995,
    "Total":16999,
    "Percentage":82.3283722572
  },
  "All Events":{
    "Count":13995,
    "Total":19539,
    "Percentage":71.6259788116
  }
}