{
  "All Four True":{
    "Count":14015,
    "Total":17036,
    "Percentage":82.2669640761
  },
  "All Events":{
    "Count":14015,
    "Total":19578,
    "Percentage":71.5854530596
  }
}