{
    "haa_ma30": [
        0.04216305128800477,
        0.055249373421731966,
        0.0774752002433299,
        0.10320784877549409,
        0.13828779003344996
    ],
    "haa_ma40": [
        0.02560556086622205,
        0.03706015605957674,
        0.04500735162102637,
        0.06745285430829201,
        0.09580641601952648
    ],
    "haa_ma60": [
        0.025601832368093595,
        0.03060183236809361,
        0.04725433062474409,
        0.06520366473618724,
        0.08697947796860254
    ]
}