{
  "All Four True":{
    "Count":13993,
    "Total":17002,
    "Percentage":82.302082108
  },
  "All Events":{
    "Count":13993,
    "Total":19541,
    "Percentage":71.6084130802
  }
}