{
    "haa_ma30": [
        0.03212076335924004,
        0.04440793331073164,
        0.060231849941886975,
        0.08255764634510654,
        0.11308633740330794
    ],
    "haa_ma40": [
        0.025607722342688006,
        0.03971801013936048,
        0.04851548391848244,
        0.06803799900446128,
        0.09653780263559303
    ],
    "haa_ma60": [
        0.02560465297555998,
        0.03604995644031845,
        0.048638961645360905,
        0.06522247966541965,
        0.09005198251054343
    ]
}