{
    "60": {
        "classification": 0.4621036648750305,
        "segmentation": 1.266133427619934,
        "total_loss": 1.7282370924949646
    },
    "40": {
        "classification": 0.44306063652038574,
        "segmentation": 1.1027607917785645,
        "total_loss": 1.5458214282989502
    },
    "30": {
        "classification": 0.4272592067718506,
        "segmentation": 0.836220383644104,
        "total_loss": 1.2634795904159546
    }
}