{
    "30": {
        "classification": 0.4273678660392761,
        "segmentation": 0.8359994292259216,
        "total_loss": 1.2633672952651978
    }
}