{
    "haa_ma30": [
        0.06811742850945728,
        0.09174278154115999,
        0.12761626797696443,
        0.17734019373684526,
        0.24310901336377233
    ],
    "haa_ma40": [
        0.04169541501434476,
        0.055248809680897425,
        0.07712273822513399,
        0.1025636828438578,
        0.13782627774757966
    ],
    "haa_ma60": [
        0.040614718276182335,
        0.0552475462471242,
        0.07124707398330937,
        0.10112751272619042,
        0.1366282348593258
    ]
}