{
    "30": {
        "classification": 0.5331943035125732,
        "total_loss": 0.5331943035125732
    }
}