{
    "60": {
        "classification": 0.4866143465042114,
        "total_loss": 0.4866143465042114
    },
    "40": {
        "classification": 0.4767173230648041,
        "total_loss": 0.4767173230648041
    },
    "30": {
        "classification": 0.5332885980606079,
        "total_loss": 0.5332885980606079
    }
}