{
    "haa_ma30": [
        0.020581044477510996,
        0.025581044477511007,
        0.030581044477511022,
        0.04560098435962802,
        0.06016208895502204
    ],
    "haa_ma40": [
        0.020585428969352507,
        0.02558542896935252,
        0.03755125253614604,
        0.05219163826968025,
        0.06763594557650321
    ],
    "haa_ma60": [
        0.020588347689511826,
        0.025588347689511837,
        0.038257961871851265,
        0.05335957012068,
        0.06855569331812006
    ]
}