{
  "All Four True":{
    "Count":13993,
    "Total":16993,
    "Percentage":82.3456717472
  },
  "All Events":{
    "Count":13993,
    "Total":19531,
    "Percentage":71.645077057
  }
}