{
  "All Four True":{
    "Count":14443,
    "Total":17565,
    "Percentage":82.2260176487
  },
  "All Events":{
    "Count":14443,
    "Total":20219,
    "Percentage":71.4328107226
  }
}