{
    "60": {
        "classification": 0.5172796845436096,
        "total_loss": 0.5172796845436096
    },
    "30": {
        "classification": 0.5377103090286255,
        "total_loss": 0.5377103090286255
    },
    "40": {
        "classification": 0.5054212212562561,
        "total_loss": 0.5054212212562561
    }
}