{
    "30": {
        "classification": 0.5375027656555176,
        "total_loss": 0.5375027656555176
    }
}