{
  "All Four True":{
    "Count":13990,
    "Total":16993,
    "Percentage":82.3280174189
  },
  "All Events":{
    "Count":13990,
    "Total":19533,
    "Percentage":71.6223826345
  }
}