{
  "All Four True":{
    "Count":14575,
    "Total":17712,
    "Percentage":82.2888437218
  },
  "All Events":{
    "Count":14575,
    "Total":20395,
    "Percentage":71.4635940181
  }
}