{
    "haa_ma30": [
        0.020589895632921785,
        0.025589895632921796,
        0.03877649089915494,
        0.05413082764552756,
        0.06924823901138238
    ],
    "haa_ma40": [
        0.02559682686641691,
        0.030596826866416925,
        0.0407526760743544,
        0.06019365373283385,
        0.07763357619112601
    ],
    "haa_ma60": [
        0.02059078416957732,
        0.02559078416957733,
        0.039064674289837134,
        0.05462336296051673,
        0.06961018982098777
    ]
}