{
  "All Four True":{
    "Count":14017,
    "Total":17038,
    "Percentage":82.2690456626
  },
  "All Events":{
    "Count":14017,
    "Total":19579,
    "Percentage":71.5920118494
  }
}