{
    "haa_ma40": {
        "haa_ma40/Purity/*a_forty/event_proportion": 0.15903639352804305,
        "haa_ma40/Purity/*a_forty/event_proportion-unc": 0.00034663133355516235,
        "haa_ma40/Purity/*a_forty/event_purity": 0.6937155768959187,
        "haa_ma40/Purity/*a_forty/event_purity-unc": 0.0010955592669639029,
        "haa_ma40/Purity/*a_forty/a_forty_purity": 0.7524434504385477,
        "haa_ma40/Purity/*a_forty/a_forty_purity-unc": 0.0008609773475572049,
        "haa_ma40/Purity/0a_forty/event_proportion": 0.840963606471957,
        "haa_ma40/Purity/0a_forty/event_proportion-unc": 0.0003466313335551623,
        "haa_ma40/Purity/0a_forty/event_purity": 1.0,
        "haa_ma40/Purity/0a_forty/event_purity-unc": 0.0,
        "haa_ma40/Purity/0a_forty/a_forty_purity": 0,
        "haa_ma40/Purity/0a_forty/a_forty_purity-unc": 0,
        "haa_ma40/Purity/1a_forty/event_proportion": 0.092323310364654,
        "haa_ma40/Purity/1a_forty/event_proportion-unc": 0.00027437986184125564,
        "haa_ma40/Purity/1a_forty/event_purity": 0.7757721425374151,
        "haa_ma40/Purity/1a_forty/event_purity-unc": 0.0013010295102074227,
        "haa_ma40/Purity/1a_forty/a_forty_purity": 0.7757721425374151,
        "haa_ma40/Purity/1a_forty/a_forty_purity-unc": 0.0013010295102074227,
        "haa_ma40/Purity/2a_forty/event_proportion": 0.06671308316338906,
        "haa_ma40/Purity/2a_forty/event_proportion-unc": 0.00023650702913292774,
        "haa_ma40/Purity/2a_forty/event_purity": 0.5801586339702932,
        "haa_ma40/Purity/2a_forty/event_purity-unc": 0.0018110958893273704,
        "haa_ma40/Purity/2a_forty/a_forty_purity": 0.7363013237452699,
        "haa_ma40/Purity/2a_forty/a_forty_purity-unc": 0.0011433842863427966
    },
    "haa_ma30": {
        "haa_ma30/Purity/*a_thirty/event_proportion": 0.1429258035998184,
        "haa_ma30/Purity/*a_thirty/event_proportion-unc": 0.0003355188737915341,
        "haa_ma30/Purity/*a_thirty/event_purity": 0.7685032180907495,
        "haa_ma30/Purity/*a_thirty/event_purity-unc": 0.0010695286602063275,
        "haa_ma30/Purity/*a_thirty/a_thirty_purity": 0.8204341820693165,
        "haa_ma30/Purity/*a_thirty/a_thirty_purity-unc": 0.0008181474454779314,
        "haa_ma30/Purity/0a_thirty/event_proportion": 0.8570741964001816,
        "haa_ma30/Purity/0a_thirty/event_proportion-unc": 0.0003355188737915341,
        "haa_ma30/Purity/0a_thirty/event_purity": 1.0,
        "haa_ma30/Purity/0a_thirty/event_purity-unc": 0.0,
        "haa_ma30/Purity/0a_thirty/a_thirty_purity": 0,
        "haa_ma30/Purity/0a_thirty/a_thirty_purity-unc": 0,
        "haa_ma30/Purity/1a_thirty/event_proportion": 0.08359202548140633,
        "haa_ma30/Purity/1a_thirty/event_proportion-unc": 0.0002653256751852556,
        "haa_ma30/Purity/1a_thirty/event_purity": 0.8525318264769904,
        "haa_ma30/Purity/1a_thirty/event_purity-unc": 0.0011756402616677872,
        "haa_ma30/Purity/1a_thirty/a_thirty_purity": 0.8525318264769904,
        "haa_ma30/Purity/1a_thirty/a_thirty_purity-unc": 0.0011756402616677872,
        "haa_ma30/Purity/2a_thirty/event_proportion": 0.05933377811841208,
        "haa_ma30/Purity/2a_thirty/event_proportion-unc": 0.00022647548595270417,
        "haa_ma30/Purity/2a_thirty/event_purity": 0.6501200340741888,
        "haa_ma30/Purity/2a_thirty/event_purity-unc": 0.0018769717441559997,
        "haa_ma30/Purity/2a_thirty/a_thirty_purity": 0.7978238983969643,
        "haa_ma30/Purity/2a_thirty/a_thirty_purity-unc": 0.0011176475081523538
    },
    "haa_ma60": {
        "haa_ma60/Purity/*a_sixty/event_proportion": 0.15773325447286707,
        "haa_ma60/Purity/*a_sixty/event_proportion-unc": 0.0003460946145084003,
        "haa_ma60/Purity/*a_sixty/event_purity": 0.5935626218226091,
        "haa_ma60/Purity/*a_sixty/event_purity-unc": 0.0011742940031408233,
        "haa_ma60/Purity/*a_sixty/a_sixty_purity": 0.6827516017335526,
        "haa_ma60/Purity/*a_sixty/a_sixty_purity-unc": 0.0009019172674749915,
        "haa_ma60/Purity/0a_sixty/event_proportion": 0.8422667455271329,
        "haa_ma60/Purity/0a_sixty/event_proportion-unc": 0.0003460946145084004,
        "haa_ma60/Purity/0a_sixty/event_purity": 1.0,
        "haa_ma60/Purity/0a_sixty/event_purity-unc": 0.0,
        "haa_ma60/Purity/0a_sixty/a_sixty_purity": 0,
        "haa_ma60/Purity/0a_sixty/a_sixty_purity-unc": 0,
        "haa_ma60/Purity/1a_sixty/event_proportion": 0.07539228874471209,
        "haa_ma60/Purity/1a_sixty/event_proportion-unc": 0.0002506978455371137,
        "haa_ma60/Purity/1a_sixty/event_purity": 0.6974408036354939,
        "haa_ma60/Purity/1a_sixty/event_purity-unc": 0.0015885605509424713,
        "haa_ma60/Purity/1a_sixty/a_sixty_purity": 0.6974408036354939,
        "haa_ma60/Purity/1a_sixty/a_sixty_purity-unc": 0.0015885605509424713,
        "haa_ma60/Purity/2a_sixty/event_proportion": 0.08234096572815498,
        "haa_ma60/Purity/2a_sixty/event_proportion-unc": 0.0002610099314998339,
        "haa_ma60/Purity/2a_sixty/event_purity": 0.4984506224884207,
        "haa_ma60/Purity/2a_sixty/event_purity-unc": 0.0016545059119729268,
        "haa_ma60/Purity/2a_sixty/a_sixty_purity": 0.6760268047784336,
        "haa_ma60/Purity/2a_sixty/a_sixty_purity-unc": 0.0010950196283462006
    }
}