{
    "haa_ma40": {
        "haa_ma40/Purity/*a_forty/event_proportion": 0.15903639352804305,
        "haa_ma40/Purity/*a_forty/event_proportion-unc": 0.00034663133355516235,
        "haa_ma40/Purity/*a_forty/event_purity": 0.21949442169185143,
        "haa_ma40/Purity/*a_forty/event_purity-unc": 0.0009837447957275764,
        "haa_ma40/Purity/*a_forty/a_forty_purity": 0.27018433326435426,
        "haa_ma40/Purity/*a_forty/a_forty_purity-unc": 0.0008858378932023083,
        "haa_ma40/Purity/0a_forty/event_proportion": 0.840963606471957,
        "haa_ma40/Purity/0a_forty/event_proportion-unc": 0.0003466313335551623,
        "haa_ma40/Purity/0a_forty/event_purity": 1.0,
        "haa_ma40/Purity/0a_forty/event_purity-unc": 0.0,
        "haa_ma40/Purity/0a_forty/a_forty_purity": 0,
        "haa_ma40/Purity/0a_forty/a_forty_purity-unc": 0,
        "haa_ma40/Purity/1a_forty/event_proportion": 0.092323310364654,
        "haa_ma40/Purity/1a_forty/event_proportion-unc": 0.00027437986184125564,
        "haa_ma40/Purity/1a_forty/event_purity": 0.2924897339587023,
        "haa_ma40/Purity/1a_forty/event_purity-unc": 0.0014190475896900597,
        "haa_ma40/Purity/1a_forty/a_forty_purity": 0.2924897339587023,
        "haa_ma40/Purity/1a_forty/a_forty_purity-unc": 0.0014190475896900597,
        "haa_ma40/Purity/2a_forty/event_proportion": 0.06671308316338906,
        "haa_ma40/Purity/2a_forty/event_proportion-unc": 0.00023650702913292774,
        "haa_ma40/Purity/2a_forty/event_purity": 0.11847722161623507,
        "haa_ma40/Purity/2a_forty/event_purity-unc": 0.0011859316283849906,
        "haa_ma40/Purity/2a_forty/a_forty_purity": 0.2547502659610283,
        "haa_ma40/Purity/2a_forty/a_forty_purity-unc": 0.0011306252800886937
    },
    "haa_ma60": {
        "haa_ma60/Purity/*a_sixty/event_proportion": 0.15773325447286707,
        "haa_ma60/Purity/*a_sixty/event_proportion-unc": 0.0003460946145084003,
        "haa_ma60/Purity/*a_sixty/event_purity": 0.20829737006064694,
        "haa_ma60/Purity/*a_sixty/event_purity-unc": 0.0009708892385257064,
        "haa_ma60/Purity/*a_sixty/a_sixty_purity": 0.2383860234194852,
        "haa_ma60/Purity/*a_sixty/a_sixty_purity-unc": 0.0008257402720707347,
        "haa_ma60/Purity/0a_sixty/event_proportion": 0.8422667455271329,
        "haa_ma60/Purity/0a_sixty/event_proportion-unc": 0.0003460946145084004,
        "haa_ma60/Purity/0a_sixty/event_purity": 1.0,
        "haa_ma60/Purity/0a_sixty/event_purity-unc": 0.0,
        "haa_ma60/Purity/0a_sixty/a_sixty_purity": 0,
        "haa_ma60/Purity/0a_sixty/a_sixty_purity-unc": 0,
        "haa_ma60/Purity/1a_sixty/event_proportion": 0.07539228874471209,
        "haa_ma60/Purity/1a_sixty/event_proportion-unc": 0.0002506978455371137,
        "haa_ma60/Purity/1a_sixty/event_purity": 0.3329944989237025,
        "haa_ma60/Purity/1a_sixty/event_purity-unc": 0.0016297768918400984,
        "haa_ma60/Purity/1a_sixty/a_sixty_purity": 0.3329944989237025,
        "haa_ma60/Purity/1a_sixty/a_sixty_purity-unc": 0.0016297768918400984,
        "haa_ma60/Purity/2a_sixty/event_proportion": 0.08234096572815498,
        "haa_ma60/Purity/2a_sixty/event_proportion-unc": 0.0002610099314998339,
        "haa_ma60/Purity/2a_sixty/event_purity": 0.09412331512039156,
        "haa_ma60/Purity/2a_sixty/event_purity-unc": 0.0009662367527145473,
        "haa_ma60/Purity/2a_sixty/a_sixty_purity": 0.1950737459896854,
        "haa_ma60/Purity/2a_sixty/a_sixty_purity-unc": 0.000927177458674714
    },
    "haa_ma30": {
        "haa_ma30/Purity/*a_thirty/event_proportion": 0.1429258035998184,
        "haa_ma30/Purity/*a_thirty/event_proportion-unc": 0.0003355188737915341,
        "haa_ma30/Purity/*a_thirty/event_purity": 0.26383200344634694,
        "haa_ma30/Purity/*a_thirty/event_purity-unc": 0.0011175045677325765,
        "haa_ma30/Purity/*a_thirty/a_thirty_purity": 0.32065681624048126,
        "haa_ma30/Purity/*a_thirty/a_thirty_purity-unc": 0.0009948617205271344,
        "haa_ma30/Purity/0a_thirty/event_proportion": 0.8570741964001816,
        "haa_ma30/Purity/0a_thirty/event_proportion-unc": 0.0003355188737915341,
        "haa_ma30/Purity/0a_thirty/event_purity": 1.0,
        "haa_ma30/Purity/0a_thirty/event_purity-unc": 0.0,
        "haa_ma30/Purity/0a_thirty/a_thirty_purity": 0,
        "haa_ma30/Purity/0a_thirty/a_thirty_purity-unc": 0,
        "haa_ma30/Purity/1a_thirty/event_proportion": 0.08359202548140633,
        "haa_ma30/Purity/1a_thirty/event_proportion-unc": 0.0002653256751852556,
        "haa_ma30/Purity/1a_thirty/event_purity": 0.3467272047668257,
        "haa_ma30/Purity/1a_thirty/event_purity-unc": 0.0015780154294007284,
        "haa_ma30/Purity/1a_thirty/a_thirty_purity": 0.3467272047668257,
        "haa_ma30/Purity/1a_thirty/a_thirty_purity-unc": 0.0015780154294007284,
        "haa_ma30/Purity/2a_thirty/event_proportion": 0.05933377811841208,
        "haa_ma30/Purity/2a_thirty/event_proportion-unc": 0.00022647548595270417,
        "haa_ma30/Purity/2a_thirty/event_purity": 0.14704561294819174,
        "haa_ma30/Purity/2a_thirty/event_purity-unc": 0.0013937675917304539,
        "haa_ma30/Purity/2a_thirty/a_thirty_purity": 0.3022922636103152,
        "haa_ma30/Purity/2a_thirty/a_thirty_purity-unc": 0.0012780172334648998
    }
}