{
    "haa_ma30": [
        0.020578701697192094,
        0.025578701697192105,
        0.03057870169719212,
        0.04440354169982905,
        0.06015740339438424
    ],
    "haa_ma40": [
        0.02058653331419456,
        0.02558653331419457,
        0.03835454224051683,
        0.052576266560855414,
        0.06758561500866242
    ],
    "haa_ma60": [
        0.020584481734488923,
        0.025584481734488934,
        0.03685952551373818,
        0.05191619483015332,
        0.06562478925490281
    ]
}