{
  "All Four True":{
    "Count":14014,
    "Total":17039,
    "Percentage":82.2466107166
  },
  "All Events":{
    "Count":14014,
    "Total":19581,
    "Percentage":71.5693784791
  }
}