{
  "syst_jes": 0.0,
  "syst_tag": 29,
  "syst_met_px": 2.6274192333221436,
  "syst_met_py": 0.22463952004909515
}