{
  "All Four True":{
    "Count":14484,
    "Total":17604,
    "Percentage":82.2767552829
  },
  "All Events":{
    "Count":14484,
    "Total":20265,
    "Percentage":71.4729829756
  }
}