{
    "haa_ma30": [
        0.019912265824739258,
        0.025575385803597816,
        0.03057538580359783,
        0.04327740583207784,
        0.06015077160719566
    ],
    "haa_ma40": [
        0.020582126016893503,
        0.025582126016893515,
        0.03558212601689354,
        0.04615511279313278,
        0.06554516035070884
    ],
    "haa_ma60": [
        0.020588845907696128,
        0.02558884590769614,
        0.03842543218508364,
        0.05359101160240195,
        0.06878348972532594
    ]
}