{
    "haa_ma30": [
        0.04599668821690366,
        0.06777179590094592,
        0.08963399877167266,
        0.12550003543298588,
        0.16840100494213422
    ],
    "haa_ma40": [
        0.03509177947100705,
        0.046919093387945594,
        0.060235287888980124,
        0.08580793111294344,
        0.11447057577796019
    ],
    "haa_ma60": [
        0.031899363353418114,
        0.04401310088052807,
        0.060230878995491864,
        0.08226136091232601,
        0.11191922114508358
    ]
}