{
    "30": {
        "classification": 0.58765709400177,
        "total_loss": 0.58765709400177
    }
}