{
    "60": {
        "classification": 0.6143696904182434,
        "total_loss": 0.6143696904182434
    },
    "40": {
        "classification": 0.5759890079498291,
        "total_loss": 0.5759890079498291
    },
    "30": {
        "classification": 0.587771475315094,
        "total_loss": 0.587771475315094
    }
}