{
    "haa_ma30": [
        0.020583707888098993,
        0.025583707888099005,
        0.03629954515867141,
        0.05173272710452846,
        0.06887407875762806
    ],
    "haa_ma40": [
        0.020587565202323087,
        0.0255875652023231,
        0.0391141916906158,
        0.05299668068660637,
        0.0681520302986371
    ],
    "haa_ma60": [
        0.020588866175084326,
        0.025588866175084338,
        0.03843116303379642,
        0.0535998223324169,
        0.06879180868971384
    ]
}