{
  "All Four True":{
    "Count":13943,
    "Total":16914,
    "Percentage":82.4346695046
  },
  "All Events":{
    "Count":13943,
    "Total":19434,
    "Percentage":71.7453946691
  }
}