{
    "haa_ma30": [
        0.020585068343825532,
        0.025585068343825543,
        0.03728838499792331,
        0.052080918642280545,
        0.06697166993111991
    ],
    "haa_ma40": [
        0.020589527677777462,
        0.025589527677777474,
        0.03865142138649965,
        0.05392922121513078,
        0.06908412961448207
    ],
    "haa_ma60": [
        0.020589656691676478,
        0.02558965669167649,
        0.03870396753220587,
        0.054013333914960084,
        0.06915385718287956
    ]
}