{
  "All Four True":{
    "Count":13992,
    "Total":16994,
    "Percentage":82.3349417441
  },
  "All Events":{
    "Count":13992,
    "Total":19532,
    "Percentage":71.6362891665
  }
}