{
  "All Four True":{
    "Count":14519,
    "Total":17642,
    "Percentage":82.2979254053
  },
  "All Events":{
    "Count":14519,
    "Total":20304,
    "Percentage":71.5080772262
  }
}