{
    "haa_ma30": [
        0.04284115376087586,
        0.06025462562547217,
        0.08043826290142153,
        0.1145092512509443,
        0.15472227965352003
    ],
    "haa_ma40": [
        0.03606802929944549,
        0.05024250595571912,
        0.06731761873192345,
        0.09262062442519835,
        0.12925010250430072
    ],
    "haa_ma60": [
        0.0366300189118416,
        0.048049896098608366,
        0.06593703028446193,
        0.08853862854197658,
        0.11947593242681637
    ]
}