{
    "30": {
        "classification": 0.43374037742614746,
        "assignment": 1.8702760934829712,
        "total_loss": 2.3040164709091187
    }
}