{
    "30": {
        "classification": 0.4339439272880554,
        "total_loss": 0.4339439272880554
    },
    "60": {
        "classification": 0.4560023546218872,
        "total_loss": 0.4560023546218872
    },
    "40": {
        "classification": 0.4391171336174011,
        "total_loss": 0.4391171336174011
    }
}