{
    "haa_ma60": {
        "haa_ma60/Purity/*a_sixty/event_proportion": 0.15773325447286707,
        "haa_ma60/Purity/*a_sixty/event_proportion-unc": 0.0003460946145084003,
        "haa_ma60/Purity/*a_sixty/event_purity": 0.2276232230332615,
        "haa_ma60/Purity/*a_sixty/event_purity-unc": 0.0010024659683119867,
        "haa_ma60/Purity/*a_sixty/a_sixty_purity": 0.2600066097328316,
        "haa_ma60/Purity/*a_sixty/a_sixty_purity-unc": 0.0008500446402123895,
        "haa_ma60/Purity/0a_sixty/event_proportion": 0.8422667455271329,
        "haa_ma60/Purity/0a_sixty/event_proportion-unc": 0.0003460946145084004,
        "haa_ma60/Purity/0a_sixty/event_purity": 1.0,
        "haa_ma60/Purity/0a_sixty/event_purity-unc": 0.0,
        "haa_ma60/Purity/0a_sixty/a_sixty_purity": 0,
        "haa_ma60/Purity/0a_sixty/a_sixty_purity-unc": 0,
        "haa_ma60/Purity/1a_sixty/event_proportion": 0.07539228874471209,
        "haa_ma60/Purity/1a_sixty/event_proportion-unc": 0.0002506978455371137,
        "haa_ma60/Purity/1a_sixty/event_purity": 0.32122697919158094,
        "haa_ma60/Purity/1a_sixty/event_purity-unc": 0.0016147794403223424,
        "haa_ma60/Purity/1a_sixty/a_sixty_purity": 0.32122697919158094,
        "haa_ma60/Purity/1a_sixty/a_sixty_purity-unc": 0.0016147794403223424,
        "haa_ma60/Purity/2a_sixty/event_proportion": 0.08234096572815498,
        "haa_ma60/Purity/2a_sixty/event_proportion-unc": 0.0002610099314998339,
        "haa_ma60/Purity/2a_sixty/event_purity": 0.14191860019490402,
        "haa_ma60/Purity/2a_sixty/event_purity-unc": 0.0011547402596323825,
        "haa_ma60/Purity/2a_sixty/a_sixty_purity": 0.23197958982557185,
        "haa_ma60/Purity/2a_sixty/a_sixty_purity-unc": 0.0009876354617376504
    },
    "haa_ma30": {
        "haa_ma30/Purity/*a_thirty/event_proportion": 0.1429258035998184,
        "haa_ma30/Purity/*a_thirty/event_proportion-unc": 0.0003355188737915341,
        "haa_ma30/Purity/*a_thirty/event_purity": 0.614311341439107,
        "haa_ma30/Purity/*a_thirty/event_purity-unc": 0.0012342689490035372,
        "haa_ma30/Purity/*a_thirty/a_thirty_purity": 0.6607418715809752,
        "haa_ma30/Purity/*a_thirty/a_thirty_purity-unc": 0.0010092038928394176,
        "haa_ma30/Purity/0a_thirty/event_proportion": 0.8570741964001816,
        "haa_ma30/Purity/0a_thirty/event_proportion-unc": 0.0003355188737915341,
        "haa_ma30/Purity/0a_thirty/event_purity": 1.0,
        "haa_ma30/Purity/0a_thirty/event_purity-unc": 0.0,
        "haa_ma30/Purity/0a_thirty/a_thirty_purity": 0,
        "haa_ma30/Purity/0a_thirty/a_thirty_purity-unc": 0,
        "haa_ma30/Purity/1a_thirty/event_proportion": 0.08359202548140633,
        "haa_ma30/Purity/1a_thirty/event_proportion-unc": 0.0002653256751852556,
        "haa_ma30/Purity/1a_thirty/event_purity": 0.7395835623667025,
        "haa_ma30/Purity/1a_thirty/event_purity-unc": 0.0014551166884125583,
        "haa_ma30/Purity/1a_thirty/a_thirty_purity": 0.7395835623667025,
        "haa_ma30/Purity/1a_thirty/a_thirty_purity-unc": 0.0014551166884125583,
        "haa_ma30/Purity/2a_thirty/event_proportion": 0.05933377811841208,
        "haa_ma30/Purity/2a_thirty/event_proportion-unc": 0.00022647548595270417,
        "haa_ma30/Purity/2a_thirty/event_purity": 0.43782234957020055,
        "haa_ma30/Purity/2a_thirty/event_purity-unc": 0.0019524826078702797,
        "haa_ma30/Purity/2a_thirty/a_thirty_purity": 0.605204057926121,
        "haa_ma30/Purity/2a_thirty/a_thirty_purity-unc": 0.0013602654902439297
    },
    "haa_ma40": {
        "haa_ma40/Purity/*a_forty/event_proportion": 0.15903639352804305,
        "haa_ma40/Purity/*a_forty/event_proportion-unc": 0.00034663133355516235,
        "haa_ma40/Purity/*a_forty/event_purity": 0.39663324389210564,
        "haa_ma40/Purity/*a_forty/event_purity-unc": 0.0011627007254136608,
        "haa_ma40/Purity/*a_forty/a_forty_purity": 0.43145206220849713,
        "haa_ma40/Purity/*a_forty/a_forty_purity-unc": 0.0009880237871134924,
        "haa_ma40/Purity/0a_forty/event_proportion": 0.840963606471957,
        "haa_ma40/Purity/0a_forty/event_proportion-unc": 0.0003466313335551623,
        "haa_ma40/Purity/0a_forty/event_purity": 1.0,
        "haa_ma40/Purity/0a_forty/event_purity-unc": 0.0,
        "haa_ma40/Purity/0a_forty/a_forty_purity": 0,
        "haa_ma40/Purity/0a_forty/a_forty_purity-unc": 0,
        "haa_ma40/Purity/1a_forty/event_proportion": 0.092323310364654,
        "haa_ma40/Purity/1a_forty/event_proportion-unc": 0.00027437986184125564,
        "haa_ma40/Purity/1a_forty/event_purity": 0.5189556857326353,
        "haa_ma40/Purity/1a_forty/event_purity-unc": 0.0015585938342216098,
        "haa_ma40/Purity/1a_forty/a_forty_purity": 0.5189556857326353,
        "haa_ma40/Purity/1a_forty/a_forty_purity-unc": 0.0015585938342216098,
        "haa_ma40/Purity/2a_forty/event_proportion": 0.06671308316338906,
        "haa_ma40/Purity/2a_forty/event_proportion-unc": 0.00023650702913292774,
        "haa_ma40/Purity/2a_forty/event_purity": 0.22735291345156816,
        "haa_ma40/Purity/2a_forty/event_purity-unc": 0.001538035286244877,
        "haa_ma40/Purity/2a_forty/a_forty_purity": 0.37090453682381935,
        "haa_ma40/Purity/2a_forty/a_forty_purity-unc": 0.0012534291868091867
    }
}