{
    "haa_ma30": [
        0.05526769961034781,
        0.07624575978766325,
        0.10617811332967876,
        0.1454828470761066,
        0.19643569873725822
    ],
    "haa_ma40": [
        0.047982278372571935,
        0.0602574945000906,
        0.08729803895817385,
        0.1195149890001812,
        0.16075299614700914
    ],
    "haa_ma60": [
        0.04239384048341918,
        0.06025426821125483,
        0.08024055647265364,
        0.1145085364225096,
        0.1537710377073421
    ]
}