{
    "haa_ma30": [
        0.02560293411051057,
        0.035602934110510596,
        0.047735441158482494,
        0.06625924582329115,
        0.08803491057786156
    ],
    "haa_ma40": [
        0.02559368939935763,
        0.030593689399357644,
        0.039925118901492807,
        0.05518737879871526,
        0.07559855779863936
    ],
    "haa_ma60": [
        0.025596763686766215,
        0.03059676368676623,
        0.04073804128802398,
        0.06019352737353246,
        0.07760925043027443
    ]
}