{
    "haa_ma30": [
        0.02057888349819473,
        0.025578883498194743,
        0.030578883498194757,
        0.04450246819555391,
        0.060157766996389514
    ],
    "haa_ma40": [
        0.02058360830244498,
        0.02558360830244499,
        0.03623096779231233,
        0.05171240279367798,
        0.06865838912315576
    ],
    "haa_ma60": [
        0.020585302424428204,
        0.025585302424428216,
        0.0374500487937884,
        0.052148057086975876,
        0.06743009321930042
    ]
}