{
    "haa_ma30": [
        0.020585693102786556,
        0.025585693102786567,
        0.0377527715154421,
        0.05228207155401085,
        0.06805360079386105
    ],
    "haa_ma40": [
        0.020581502707751238,
        0.02558150270775125,
        0.030581502707751264,
        0.045836200901933424,
        0.06516300541550256
    ],
    "haa_ma60": [
        0.0205859377106833,
        0.02558593771068331,
        0.03793083333905997,
        0.05236484863761891,
        0.0684262226970454
    ]
}