{
  "All Four True":{
    "Count":14035,
    "Total":17108,
    "Percentage":82.0376432079
  },
  "All Events":{
    "Count":14035,
    "Total":19666,
    "Percentage":71.3668259941
  }
}