{
    "haa_ma30": [
        0.025595015307819807,
        0.03059501530781982,
        0.040277311336530355,
        0.05519003061563962,
        0.07657557106491886
    ],
    "haa_ma40": [
        0.02058528609263662,
        0.02558528609263663,
        0.037455406708845645,
        0.052150016765825466,
        0.06743971713787231
    ],
    "haa_ma60": [
        0.020587237001634718,
        0.02558723700163473,
        0.03887398296741017,
        0.052858947905854756,
        0.06798025710185374
    ]
}