{
  "All Four True":{
    "Count":14354,
    "Total":17457,
    "Percentage":82.2248954574
  },
  "All Events":{
    "Count":14354,
    "Total":20085,
    "Percentage":71.4662683595
  }
}