{
    "30": {
        "classification": 0.4228522479534149,
        "total_loss": 0.4228522479534149
    }
}