{
    "30": {
        "classification": 0.4228852391242981,
        "total_loss": 0.4228852391242981
    }
}