{
    "40": {
        "classification": 0.44428113102912903,
        "total_loss": 0.44428113102912903
    },
    "60": {
        "classification": 0.4628784656524658,
        "total_loss": 0.4628784656524658
    },
    "30": {
        "classification": 0.44372648000717163,
        "total_loss": 0.44372648000717163
    }
}