{
    "30": {
        "classification": 0.5769683122634888,
        "total_loss": 0.5769683122634888
    }
}