{
    "40": {
        "classification": 0.5289311408996582,
        "total_loss": 0.5289311408996582
    },
    "60": {
        "classification": 0.5488171577453613,
        "total_loss": 0.5488171577453613
    },
    "30": {
        "classification": 0.5769120454788208,
        "total_loss": 0.5769120454788208
    }
}