{
    "haa_ma30": [
        0.03120389444791105,
        0.043154221950042676,
        0.06023022287106358,
        0.08206911075295008,
        0.11118582493304205
    ],
    "haa_ma40": [
        0.030609154252723692,
        0.035851508293912225,
        0.05021830850544733,
        0.06881846609000973,
        0.09461893884369676
    ],
    "haa_ma60": [
        0.02560375743899172,
        0.035603757438991745,
        0.04814293868699505,
        0.06809857271363703,
        0.08969917941011182
    ]
}