{
  "All Four True":{
    "Count":13976,
    "Total":16961,
    "Percentage":82.4008018395
  },
  "All Events":{
    "Count":13976,
    "Total":19499,
    "Percentage":71.675470537
  }
}