{
  "All Four True":{
    "Count":14525,
    "Total":17650,
    "Percentage":82.2946175637
  },
  "All Events":{
    "Count":14525,
    "Total":20312,
    "Percentage":71.5094525404
  }
}