{
  "All Four True":{
    "Count":14607,
    "Total":17750,
    "Percentage":82.2929577465
  },
  "All Events":{
    "Count":14607,
    "Total":20439,
    "Percentage":71.4663143989
  }
}