{
    "haa_ma30": [
        0.020584291013245815,
        0.025584291013245827,
        0.036725879229276295,
        0.0518686819229424,
        0.0652030388229338
    ],
    "haa_ma40": [
        0.020581927783974857,
        0.02558192778397487,
        0.0355819277839749,
        0.04605243483675628,
        0.06516538246446887
    ],
    "haa_ma60": [
        0.020585300218723207,
        0.02558530021872322,
        0.037453428280545195,
        0.052149527148712356,
        0.0674371246725349
    ]
}