{
  "All Four True":{
    "Count":14402,
    "Total":17511,
    "Percentage":82.2454457198
  },
  "All Events":{
    "Count":14402,
    "Total":20149,
    "Percentage":71.4774926795
  }
}