{
    "40": {
        "classification": 0.5446113348007202,
        "total_loss": 0.5446113348007202
    },
    "60": {
        "classification": 0.5509684085845947,
        "total_loss": 0.5509684085845947
    },
    "30": {
        "classification": 0.6263027787208557,
        "total_loss": 0.6263027787208557
    }
}