{
    "30": {
        "classification": 0.6261698007583618,
        "total_loss": 0.6261698007583618
    }
}