{
    "haa_ma40": [
        0.03608533239599297,
        0.04761795035591336,
        0.06523697450630095,
        0.08754701366259574,
        0.11947394901260183
    ],
    "haa_ma60": [
        0.025608760118550834,
        0.035863940169866985,
        0.050187889462711084,
        0.06862529870792702,
        0.093848634120403
    ]
}