{
    "30": {
        "classification": 0.5260453820228577,
        "assignment": 2.218409776687622,
        "total_loss": 2.7444551587104797
    }
}