{
    "30": {
        "classification": 0.5260030627250671,
        "total_loss": 0.5260030627250671
    },
    "60": {
        "classification": 0.5059857368469238,
        "total_loss": 0.5059857368469238
    },
    "40": {
        "classification": 0.4902324080467224,
        "total_loss": 0.4902324080467224
    }
}