{
  "All Four True":{
    "Count":13993,
    "Total":16995,
    "Percentage":82.3359811709
  },
  "All Events":{
    "Count":13993,
    "Total":19534,
    "Percentage":71.6340739224
  }
}