{
    "haa_ma40": {
        "haa_ma40/Purity/*a_forty/event_proportion": 0.15903639352804305,
        "haa_ma40/Purity/*a_forty/event_proportion-unc": 0.00034663133355516235,
        "haa_ma40/Purity/*a_forty/event_purity": 0.4914108176811185,
        "haa_ma40/Purity/*a_forty/event_purity-unc": 0.0011881974445911013,
        "haa_ma40/Purity/*a_forty/a_forty_purity": 0.5156396746310947,
        "haa_ma40/Purity/*a_forty/a_forty_purity-unc": 0.0009969537829768247,
        "haa_ma40/Purity/0a_forty/event_proportion": 0.840963606471957,
        "haa_ma40/Purity/0a_forty/event_proportion-unc": 0.0003466313335551623,
        "haa_ma40/Purity/0a_forty/event_purity": 1.0,
        "haa_ma40/Purity/0a_forty/event_purity-unc": 0.0,
        "haa_ma40/Purity/0a_forty/a_forty_purity": 0,
        "haa_ma40/Purity/0a_forty/a_forty_purity-unc": 0,
        "haa_ma40/Purity/1a_forty/event_proportion": 0.092323310364654,
        "haa_ma40/Purity/1a_forty/event_proportion-unc": 0.00027437986184125564,
        "haa_ma40/Purity/1a_forty/event_purity": 0.6398906253040889,
        "haa_ma40/Purity/1a_forty/event_purity-unc": 0.0014974259711808633,
        "haa_ma40/Purity/1a_forty/a_forty_purity": 0.6398906253040889,
        "haa_ma40/Purity/1a_forty/a_forty_purity-unc": 0.0014974259711808633,
        "haa_ma40/Purity/2a_forty/event_proportion": 0.06671308316338906,
        "haa_ma40/Purity/2a_forty/event_proportion-unc": 0.00023650702913292774,
        "haa_ma40/Purity/2a_forty/event_purity": 0.2859316715818958,
        "haa_ma40/Purity/2a_forty/event_purity-unc": 0.001658160131305691,
        "haa_ma40/Purity/2a_forty/a_forty_purity": 0.4296650911000687,
        "haa_ma40/Purity/2a_forty/a_forty_purity-unc": 0.0012845188038907171
    },
    "haa_ma30": {
        "haa_ma30/Purity/*a_thirty/event_proportion": 0.1429258035998184,
        "haa_ma30/Purity/*a_thirty/event_proportion-unc": 0.0003355188737915341,
        "haa_ma30/Purity/*a_thirty/event_purity": 0.6010531933362053,
        "haa_ma30/Purity/*a_thirty/event_purity-unc": 0.001241683910270584,
        "haa_ma30/Purity/*a_thirty/a_thirty_purity": 0.6355296875851917,
        "haa_ma30/Purity/*a_thirty/a_thirty_purity-unc": 0.0010258807304987995,
        "haa_ma30/Purity/0a_thirty/event_proportion": 0.8570741964001816,
        "haa_ma30/Purity/0a_thirty/event_proportion-unc": 0.0003355188737915341,
        "haa_ma30/Purity/0a_thirty/event_purity": 1.0,
        "haa_ma30/Purity/0a_thirty/event_purity-unc": 0.0,
        "haa_ma30/Purity/0a_thirty/a_thirty_purity": 0,
        "haa_ma30/Purity/0a_thirty/a_thirty_purity-unc": 0,
        "haa_ma30/Purity/1a_thirty/event_proportion": 0.08359202548140633,
        "haa_ma30/Purity/1a_thirty/event_proportion-unc": 0.0002653256751852556,
        "haa_ma30/Purity/1a_thirty/event_purity": 0.7418042699149096,
        "haa_ma30/Purity/1a_thirty/event_purity-unc": 0.0014510727684274682,
        "haa_ma30/Purity/1a_thirty/a_thirty_purity": 0.7418042699149096,
        "haa_ma30/Purity/1a_thirty/a_thirty_purity-unc": 0.0014510727684274682,
        "haa_ma30/Purity/2a_thirty/event_proportion": 0.05933377811841208,
        "haa_ma30/Purity/2a_thirty/event_proportion-unc": 0.00022647548595270417,
        "haa_ma30/Purity/2a_thirty/event_purity": 0.4027569116394331,
        "haa_ma30/Purity/2a_thirty/event_purity-unc": 0.0019301830147613335,
        "haa_ma30/Purity/2a_thirty/a_thirty_purity": 0.5606675443351661,
        "haa_ma30/Purity/2a_thirty/a_thirty_purity-unc": 0.0013811338731947956
    },
    "haa_ma60": {
        "haa_ma60/Purity/*a_sixty/event_proportion": 0.15773325447286707,
        "haa_ma60/Purity/*a_sixty/event_proportion-unc": 0.0003460946145084003,
        "haa_ma60/Purity/*a_sixty/event_purity": 0.34232653317861983,
        "haa_ma60/Purity/*a_sixty/event_purity-unc": 0.0011344156041012156,
        "haa_ma60/Purity/*a_sixty/a_sixty_purity": 0.38398792221546224,
        "haa_ma60/Purity/*a_sixty/a_sixty_purity-unc": 0.0009425166146283901,
        "haa_ma60/Purity/0a_sixty/event_proportion": 0.8422667455271329,
        "haa_ma60/Purity/0a_sixty/event_proportion-unc": 0.0003460946145084004,
        "haa_ma60/Purity/0a_sixty/event_purity": 1.0,
        "haa_ma60/Purity/0a_sixty/event_purity-unc": 0.0,
        "haa_ma60/Purity/0a_sixty/a_sixty_purity": 0,
        "haa_ma60/Purity/0a_sixty/a_sixty_purity-unc": 0,
        "haa_ma60/Purity/1a_sixty/event_proportion": 0.07539228874471209,
        "haa_ma60/Purity/1a_sixty/event_proportion-unc": 0.0002506978455371137,
        "haa_ma60/Purity/1a_sixty/event_purity": 0.5013513513513513,
        "haa_ma60/Purity/1a_sixty/event_purity-unc": 0.0017290730292313491,
        "haa_ma60/Purity/1a_sixty/a_sixty_purity": 0.5013513513513513,
        "haa_ma60/Purity/1a_sixty/a_sixty_purity-unc": 0.0017290730292313491,
        "haa_ma60/Purity/2a_sixty/event_proportion": 0.08234096572815498,
        "haa_ma60/Purity/2a_sixty/event_proportion-unc": 0.0002610099314998339,
        "haa_ma60/Purity/2a_sixty/event_purity": 0.19672167048079978,
        "haa_ma60/Purity/2a_sixty/event_purity-unc": 0.001315405130419383,
        "haa_ma60/Purity/2a_sixty/a_sixty_purity": 0.33025830258302585,
        "haa_ma60/Purity/2a_sixty/a_sixty_purity-unc": 0.001100438934635542
    }
}