{
    "30": {
        "classification": 0.40783730149269104,
        "assignment": 1.9288125038146973,
        "total_loss": 2.3366498053073883
    }
}