{
    "30": {
        "classification": 0.4078551232814789,
        "total_loss": 0.4078551232814789
    },
    "40": {
        "classification": 0.4176520109176636,
        "total_loss": 0.4176520109176636
    },
    "60": {
        "classification": 0.4455322325229645,
        "total_loss": 0.4455322325229645
    }
}