{
    "30": {
        "classification": 0.40773841738700867,
        "total_loss": 0.40773841738700867
    }
}