{
    "30": {
        "classification": 0.44778457283973694,
        "total_loss": 0.44778457283973694
    },
    "40": {
        "classification": 0.4377923905849457,
        "total_loss": 0.4377923905849457
    },
    "60": {
        "classification": 0.47940948605537415,
        "total_loss": 0.47940948605537415
    }
}