{
    "30": {
        "classification": 0.4475966989994049,
        "assignment": 1.8654491901397705,
        "total_loss": 2.3130458891391754
    }
}