{
  "All Four True":{
    "Count":14557,
    "Total":17685,
    "Percentage":82.3126943738
  },
  "All Events":{
    "Count":14557,
    "Total":20362,
    "Percentage":71.4910126707
  }
}