{
  "All Four True":{
    "Count":13995,
    "Total":16998,
    "Percentage":82.3332156724
  },
  "All Events":{
    "Count":13995,
    "Total":19537,
    "Percentage":71.6333111532
  }
}