{
  "syst_jes": 0.0,
  "syst_tag": 35,
  "syst_met_px": 0.45090144872665405,
  "syst_met_py": 2.6699631214141846
}