{
  "All Four True":{
    "Count":14498,
    "Total":17593,
    "Percentage":82.4077758199
  },
  "All Events":{
    "Count":14498,
    "Total":20251,
    "Percentage":71.5915263444
  }
}