{
    "haa_ma30": [
        0.04919025649089567,
        0.0670595570507658,
        0.09677561790019984,
        0.133277641585812,
        0.17883720747605458
    ],
    "haa_ma40": [
        0.03888633575440799,
        0.055251410792551296,
        0.07865979497845318,
        0.10563147807435576,
        0.14646801283462133
    ],
    "haa_ma60": [
        0.040202501341823044,
        0.055247050567188365,
        0.07088662457094241,
        0.10039990442456931,
        0.1361128808603786
    ]
}