{
    "haa_ma30": {
        "haa_ma30/Purity/*a_thirty/event_proportion": 0.1429258035998184,
        "haa_ma30/Purity/*a_thirty/event_proportion-unc": 0.0003355188737915341,
        "haa_ma30/Purity/*a_thirty/event_purity": 0.7450281944614119,
        "haa_ma30/Purity/*a_thirty/event_purity-unc": 0.0011051711425021011,
        "haa_ma30/Purity/*a_thirty/a_thirty_purity": 0.7978481725823746,
        "haa_ma30/Purity/*a_thirty/a_thirty_purity-unc": 0.0008560454724940143,
        "haa_ma30/Purity/0a_thirty/event_proportion": 0.8570741964001816,
        "haa_ma30/Purity/0a_thirty/event_proportion-unc": 0.0003355188737915341,
        "haa_ma30/Purity/0a_thirty/event_purity": 1.0,
        "haa_ma30/Purity/0a_thirty/event_purity-unc": 0.0,
        "haa_ma30/Purity/0a_thirty/a_thirty_purity": 0,
        "haa_ma30/Purity/0a_thirty/a_thirty_purity-unc": 0,
        "haa_ma30/Purity/1a_thirty/event_proportion": 0.08359202548140633,
        "haa_ma30/Purity/1a_thirty/event_proportion-unc": 0.0002653256751852556,
        "haa_ma30/Purity/1a_thirty/event_purity": 0.8317539192190145,
        "haa_ma30/Purity/1a_thirty/event_purity-unc": 0.0012403375900861442,
        "haa_ma30/Purity/1a_thirty/a_thirty_purity": 0.8317539192190145,
        "haa_ma30/Purity/1a_thirty/a_thirty_purity-unc": 0.0012403375900861442,
        "haa_ma30/Purity/2a_thirty/event_proportion": 0.05933377811841208,
        "haa_ma30/Purity/2a_thirty/event_proportion-unc": 0.00022647548595270417,
        "haa_ma30/Purity/2a_thirty/event_purity": 0.6228451947649656,
        "haa_ma30/Purity/2a_thirty/event_purity-unc": 0.0019074418372860686,
        "haa_ma30/Purity/2a_thirty/a_thirty_purity": 0.773964222101758,
        "haa_ma30/Purity/2a_thirty/a_thirty_purity-unc": 0.001163953043682305
    },
    "haa_ma40": {
        "haa_ma40/Purity/*a_forty/event_proportion": 0.15903639352804305,
        "haa_ma40/Purity/*a_forty/event_proportion-unc": 0.00034663133355516235,
        "haa_ma40/Purity/*a_forty/event_purity": 0.6620477333709928,
        "haa_ma40/Purity/*a_forty/event_purity-unc": 0.001124229641584755,
        "haa_ma40/Purity/*a_forty/a_forty_purity": 0.7206865538593782,
        "haa_ma40/Purity/*a_forty/a_forty_purity-unc": 0.0008950281873993921,
        "haa_ma40/Purity/0a_forty/event_proportion": 0.840963606471957,
        "haa_ma40/Purity/0a_forty/event_proportion-unc": 0.0003466313335551623,
        "haa_ma40/Purity/0a_forty/event_purity": 1.0,
        "haa_ma40/Purity/0a_forty/event_purity-unc": 0.0,
        "haa_ma40/Purity/0a_forty/a_forty_purity": 0,
        "haa_ma40/Purity/0a_forty/a_forty_purity-unc": 0,
        "haa_ma40/Purity/1a_forty/event_proportion": 0.092323310364654,
        "haa_ma40/Purity/1a_forty/event_proportion-unc": 0.00027437986184125564,
        "haa_ma40/Purity/1a_forty/event_purity": 0.747747309421404,
        "haa_ma40/Purity/1a_forty/event_purity-unc": 0.001354785708862492,
        "haa_ma40/Purity/1a_forty/a_forty_purity": 0.747747309421404,
        "haa_ma40/Purity/1a_forty/a_forty_purity-unc": 0.001354785708862492,
        "haa_ma40/Purity/2a_forty/event_proportion": 0.06671308316338906,
        "haa_ma40/Purity/2a_forty/event_proportion-unc": 0.00023650702913292774,
        "haa_ma40/Purity/2a_forty/event_purity": 0.5434492788752878,
        "haa_ma40/Purity/2a_forty/event_purity-unc": 0.0018278875578179327,
        "haa_ma40/Purity/2a_forty/a_forty_purity": 0.7019620517378365,
        "haa_ma40/Purity/2a_forty/a_forty_purity-unc": 0.0011868697300501502
    }
}