{
    "haa_ma30": [
        0.0205882486846476,
        0.02558824868464761,
        0.03821840184123742,
        0.05330641321705146,
        0.06850039313832129
    ],
    "haa_ma40": [
        0.02058166859583979,
        0.025581668595839803,
        0.030581668595839818,
        0.045921810342889294,
        0.06516333719167966
    ],
    "haa_ma60": [
        0.020586891524530117,
        0.025586891524530128,
        0.03862594786643975,
        0.052720770100037125,
        0.06779522148512633
    ]
}