{
  "All Four True":{
    "Count":14413,
    "Total":17516,
    "Percentage":82.2847682119
  },
  "All Events":{
    "Count":14413,
    "Total":20163,
    "Percentage":71.4824182909
  }
}