{
  "All Four True":{
    "Count":14022,
    "Total":17049,
    "Percentage":82.2452929791
  },
  "All Events":{
    "Count":14022,
    "Total":19589,
    "Percentage":71.5809893307
  }
}