{
  "All Four True":{
    "Count":14015,
    "Total":17035,
    "Percentage":82.2717933666
  },
  "All Events":{
    "Count":14015,
    "Total":19577,
    "Percentage":71.5891096695
  }
}