{
    "haa_ma30": [
        0.02058700954289316,
        0.025587009542893172,
        0.03872138458385119,
        0.05277255360395289,
        0.06786622736503496
    ],
    "haa_ma40": [
        0.020583050330092844,
        0.025583050330092855,
        0.035837854518826415,
        0.051611164797255346,
        0.0674594149394708
    ],
    "haa_ma60": [
        0.020586603932454307,
        0.025586603932454318,
        0.03841424065824518,
        0.0526076349601887,
        0.06763264609221167
    ]
}