{
    "30": {
        "classification": 0.48092588782310486,
        "total_loss": 0.48092588782310486
    },
    "40": {
        "classification": 0.4792807400226593,
        "total_loss": 0.4792807400226593
    },
    "60": {
        "classification": 0.4862733781337738,
        "total_loss": 0.4862733781337738
    }
}