{
    "30": {
        "classification": 0.48093414306640625,
        "assignment": 1.798277497291565,
        "total_loss": 2.279211640357971
    }
}