{
  "All Four True":{
    "Count":14426,
    "Total":17539,
    "Percentage":82.2509835224
  },
  "All Events":{
    "Count":14426,
    "Total":20191,
    "Percentage":71.4476747066
  }
}