{
  "All Four True":{
    "Count":14476,
    "Total":17592,
    "Percentage":82.2874033652
  },
  "All Events":{
    "Count":14476,
    "Total":20250,
    "Percentage":71.4864197531
  }
}