{
  "syst_jes": 0.0,
  "syst_tag": 22,
  "syst_met_px": 0.370171457529068,
  "syst_met_py": 1.4810298681259155
}