{
  "All Four True":{
    "Count":13965,
    "Total":16944,
    "Percentage":82.4185552408
  },
  "All Events":{
    "Count":13965,
    "Total":19477,
    "Percentage":71.6999537917
  }
}