{
  "All Four True":{
    "Count":14305,
    "Total":17387,
    "Percentage":82.2741128429
  },
  "All Events":{
    "Count":14305,
    "Total":19995,
    "Percentage":71.5428857214
  }
}