{
    "haa_ma30": [
        0.03248359657283925,
        0.04267092593438032,
        0.05522622789291264,
        0.08075597466989143,
        0.10655103261777961
    ],
    "haa_ma40": [
        0.025604973583144168,
        0.03640516833286001,
        0.049111766017257544,
        0.06601331365867129,
        0.09030423083491651
    ],
    "haa_ma60": [
        0.025602592671372326,
        0.03060259267137234,
        0.047572148365457055,
        0.06550148014111841,
        0.0876947358036416
    ]
}