{
    "haa_ma30": {
        "haa_ma30/Purity/*a_thirty/event_proportion": 0.1429258035998184,
        "haa_ma30/Purity/*a_thirty/event_proportion-unc": 0.0003355188737915341,
        "haa_ma30/Purity/*a_thirty/event_purity": 0.7529174998553306,
        "haa_ma30/Purity/*a_thirty/event_purity-unc": 0.001093683831792354,
        "haa_ma30/Purity/*a_thirty/a_thirty_purity": 0.8066762990022355,
        "haa_ma30/Purity/*a_thirty/a_thirty_purity-unc": 0.0008417634616564218,
        "haa_ma30/Purity/0a_thirty/event_proportion": 0.8570741964001816,
        "haa_ma30/Purity/0a_thirty/event_proportion-unc": 0.0003355188737915341,
        "haa_ma30/Purity/0a_thirty/event_purity": 1.0,
        "haa_ma30/Purity/0a_thirty/event_purity-unc": 0.0,
        "haa_ma30/Purity/0a_thirty/a_thirty_purity": 0,
        "haa_ma30/Purity/0a_thirty/a_thirty_purity-unc": 0,
        "haa_ma30/Purity/1a_thirty/event_proportion": 0.08359202548140633,
        "haa_ma30/Purity/1a_thirty/event_proportion-unc": 0.0002653256751852556,
        "haa_ma30/Purity/1a_thirty/event_purity": 0.8394824212308436,
        "haa_ma30/Purity/1a_thirty/event_purity-unc": 0.0012171303808236327,
        "haa_ma30/Purity/1a_thirty/a_thirty_purity": 0.8394824212308436,
        "haa_ma30/Purity/1a_thirty/a_thirty_purity-unc": 0.0012171303808236327,
        "haa_ma30/Purity/2a_thirty/event_proportion": 0.05933377811841208,
        "haa_ma30/Purity/2a_thirty/event_proportion-unc": 0.00022647548595270417,
        "haa_ma30/Purity/2a_thirty/event_purity": 0.6309610470068923,
        "haa_ma30/Purity/2a_thirty/event_purity-unc": 0.0018990605027908965,
        "haa_ma30/Purity/2a_thirty/a_thirty_purity": 0.7835669480368621,
        "haa_ma30/Purity/2a_thirty/a_thirty_purity-unc": 0.0011460043616455182
    },
    "haa_ma40": {
        "haa_ma40/Purity/*a_forty/event_proportion": 0.15903639352804305,
        "haa_ma40/Purity/*a_forty/event_proportion-unc": 0.00034663133355516235,
        "haa_ma40/Purity/*a_forty/event_purity": 0.668419714729558,
        "haa_ma40/Purity/*a_forty/event_purity-unc": 0.0011189267955462293,
        "haa_ma40/Purity/*a_forty/a_forty_purity": 0.7280009869311218,
        "haa_ma40/Purity/*a_forty/a_forty_purity-unc": 0.0008877020643350621,
        "haa_ma40/Purity/0a_forty/event_proportion": 0.840963606471957,
        "haa_ma40/Purity/0a_forty/event_proportion-unc": 0.0003466313335551623,
        "haa_ma40/Purity/0a_forty/event_purity": 1.0,
        "haa_ma40/Purity/0a_forty/event_purity-unc": 0.0,
        "haa_ma40/Purity/0a_forty/a_forty_purity": 0,
        "haa_ma40/Purity/0a_forty/a_forty_purity-unc": 0,
        "haa_ma40/Purity/1a_forty/event_proportion": 0.092323310364654,
        "haa_ma40/Purity/1a_forty/event_proportion-unc": 0.00027437986184125564,
        "haa_ma40/Purity/1a_forty/event_purity": 0.7523597298717475,
        "haa_ma40/Purity/1a_forty/event_purity-unc": 0.0013464761932056048,
        "haa_ma40/Purity/1a_forty/a_forty_purity": 0.7523597298717475,
        "haa_ma40/Purity/1a_forty/a_forty_purity-unc": 0.0013464761932056048,
        "haa_ma40/Purity/2a_forty/event_proportion": 0.06671308316338906,
        "haa_ma40/Purity/2a_forty/event_proportion-unc": 0.00023650702913292774,
        "haa_ma40/Purity/2a_forty/event_purity": 0.5522562921666061,
        "haa_ma40/Purity/2a_forty/event_purity-unc": 0.0018247800901687052,
        "haa_ma40/Purity/2a_forty/a_forty_purity": 0.7111461237021776,
        "haa_ma40/Purity/2a_forty/a_forty_purity-unc": 0.0011760586416436534
    },
    "haa_ma60": {
        "haa_ma60/Purity/*a_sixty/event_proportion": 0.15773325447286707,
        "haa_ma60/Purity/*a_sixty/event_proportion-unc": 0.0003460946145084003,
        "haa_ma60/Purity/*a_sixty/event_purity": 0.5771290733765083,
        "haa_ma60/Purity/*a_sixty/event_purity-unc": 0.0011811012804098537,
        "haa_ma60/Purity/*a_sixty/a_sixty_purity": 0.6636434650022157,
        "haa_ma60/Purity/*a_sixty/a_sixty_purity-unc": 0.0009155940565989784,
        "haa_ma60/Purity/0a_sixty/event_proportion": 0.8422667455271329,
        "haa_ma60/Purity/0a_sixty/event_proportion-unc": 0.0003460946145084004,
        "haa_ma60/Purity/0a_sixty/event_purity": 1.0,
        "haa_ma60/Purity/0a_sixty/event_purity-unc": 0.0,
        "haa_ma60/Purity/0a_sixty/a_sixty_purity": 0,
        "haa_ma60/Purity/0a_sixty/a_sixty_purity-unc": 0,
        "haa_ma60/Purity/1a_sixty/event_proportion": 0.07539228874471209,
        "haa_ma60/Purity/1a_sixty/event_proportion-unc": 0.0002506978455371137,
        "haa_ma60/Purity/1a_sixty/event_purity": 0.6875867017459938,
        "haa_ma60/Purity/1a_sixty/event_purity-unc": 0.00160277813302353,
        "haa_ma60/Purity/1a_sixty/a_sixty_purity": 0.6875867017459938,
        "haa_ma60/Purity/1a_sixty/a_sixty_purity-unc": 0.00160277813302353,
        "haa_ma60/Purity/2a_sixty/event_proportion": 0.08234096572815498,
        "haa_ma60/Purity/2a_sixty/event_proportion-unc": 0.0002610099314998339,
        "haa_ma60/Purity/2a_sixty/event_purity": 0.4759928608188159,
        "haa_ma60/Purity/2a_sixty/event_purity-unc": 0.001652605621045033,
        "haa_ma60/Purity/2a_sixty/a_sixty_purity": 0.652682120293013,
        "haa_ma60/Purity/2a_sixty/a_sixty_purity-unc": 0.0011140375632982132
    }
}