{
  "syst_jes": 0.0,
  "syst_tag": 38,
  "syst_met_px": 0.9222685098648071,
  "syst_met_py": 1.2112823724746704
}