{
  "All Four True":{
    "Count":14506,
    "Total":17630,
    "Percentage":82.2802041974
  },
  "All Events":{
    "Count":14506,
    "Total":20290,
    "Percentage":71.4933464761
  }
}