{
    "haa_ma30": [
        0.020581817176249875,
        0.025581817176249886,
        0.0305818171762499,
        0.04601044279976796,
        0.06516363435249983
    ],
    "haa_ma40": [
        0.020587757872041493,
        0.025587757872041504,
        0.03804052810784135,
        0.05307936996965779,
        0.0682497921311617
    ],
    "haa_ma60": [
        0.020589290270535333,
        0.025589290270535345,
        0.03857307118847913,
        0.05381036733958726,
        0.06898246911879138
    ]
}