{
    "haa_ma30": [
        0.025594665957347083,
        0.030594665957347097,
        0.040188429654041104,
        0.05518933191469417,
        0.07618093153185432
    ],
    "haa_ma40": [
        0.020591043304114088,
        0.0255910433041141,
        0.03914077824556096,
        0.05476207434022991,
        0.06970373082672313
    ],
    "haa_ma60": [
        0.020590706017939973,
        0.025590706017939984,
        0.03904149258597986,
        0.05458240767107965,
        0.06958196346309553
    ]
}