{
    "haa_ma30": [
        0.0745390389021528,
        0.10422709707227217,
        0.14354640048794798,
        0.19934864004012628,
        0.26288184965600975
    ],
    "haa_ma40": [
        0.055267479092702236,
        0.07610726033386583,
        0.10558884489244268,
        0.14485447304568566,
        0.19571832021398478
    ]
}