{
    "30": {
        "classification": 0.4984877407550812,
        "total_loss": 0.4984877407550812
    }
}