{
    "40": {
        "classification": 0.470338374376297,
        "total_loss": 0.470338374376297
    },
    "30": {
        "classification": 0.4983222186565399,
        "total_loss": 0.4983222186565399
    },
    "60": {
        "classification": 0.49717262387275696,
        "total_loss": 0.49717262387275696
    }
}