{
  "All Four True":{
    "Count":14434,
    "Total":17545,
    "Percentage":82.2684525506
  },
  "All Events":{
    "Count":14434,
    "Total":20197,
    "Percentage":71.4660593157
  }
}