{
  "syst_jes": 0.0,
  "syst_tag": 2,
  "syst_met_px": 0.9295247793197632,
  "syst_met_py": 0.24714502692222595
}