{
  "All Four True":{
    "Count":13994,
    "Total":16997,
    "Percentage":82.3321762664
  },
  "All Events":{
    "Count":13994,
    "Total":19536,
    "Percentage":71.6318591319
  }
}