{
    "haa_ma30": [
        0.025599623160665334,
        0.03059962316066535,
        0.041432864737369485,
        0.060199246321330696,
        0.08476373897638403
    ],
    "haa_ma40": [
        0.025598897935123915,
        0.03059889793512393,
        0.04125645091811139,
        0.06019779587024786,
        0.08349612390719413
    ],
    "haa_ma60": [
        0.025598186674471446,
        0.03059818667447146,
        0.04109183820336872,
        0.06019637334894292,
        0.08322496796700751
    ]
}