{
  "All Four True":{
    "Count":14474,
    "Total":17591,
    "Percentage":82.2807117276
  },
  "All Events":{
    "Count":14474,
    "Total":20249,
    "Percentage":71.48007309
  }
}