{
  "All Four True":{
    "Count":13995,
    "Total":17000,
    "Percentage":82.3235294118
  },
  "All Events":{
    "Count":13995,
    "Total":19539,
    "Percentage":71.6259788116
  }
}