{
  "syst_jes": 0.0,
  "syst_tag": 45,
  "syst_met_px": 1.6394649744033813,
  "syst_met_py": 3.3096251487731934
}