{
    "haa_ma30": [
        0.025600512660521144,
        0.03060051266052116,
        0.046640076342568025,
        0.060201025321042316,
        0.0855013803907529
    ],
    "haa_ma40": [
        0.025601287256585482,
        0.030601287256585497,
        0.04681904668832592,
        0.060202574513170994,
        0.08140790452296105
    ],
    "haa_ma60": [
        0.02559831505325631,
        0.030598315053256324,
        0.041120268401630425,
        0.06019663010651265,
        0.08327255121581906
    ]
}