{
  "All Four True":{
    "Count":14520,
    "Total":17647,
    "Percentage":82.2802742676
  },
  "All Events":{
    "Count":14520,
    "Total":20308,
    "Percentage":71.4989166831
  }
}