{
  "All Four True":{
    "Count":14488,
    "Total":17607,
    "Percentage":82.2854546487
  },
  "All Events":{
    "Count":14488,
    "Total":20268,
    "Percentage":71.4821393329
  }
}