{
  "All Four True":{
    "Count":14490,
    "Total":17592,
    "Percentage":82.3669849932
  },
  "All Events":{
    "Count":14490,
    "Total":20250,
    "Percentage":71.5555555556
  }
}