{
  "syst_jes": 0.0,
  "syst_tag": 25,
  "syst_met_px": 1.713324785232544,
  "syst_met_py": 2.4409713745117188
}