{
    "30": {
        "classification": 0.4071978032588959,
        "segmentation": 0.8097174167633057,
        "total_loss": 1.2169152200222015
    }
}