{
    "30": {
        "classification": 0.4070201814174652,
        "segmentation": 0.8094885945320129,
        "total_loss": 1.2165087759494781
    }
}