{
    "haa_ma30": [
        0.019931425220148537,
        0.02557548500815835,
        0.030575485008158366,
        0.04329846876234335,
        0.06015097001631673
    ],
    "haa_ma40": [
        0.020582667566458393,
        0.025582667566458404,
        0.035582667566458434,
        0.04644742436309779,
        0.06665991258303218
    ],
    "haa_ma60": [
        0.0205868421739014,
        0.025586842173901413,
        0.038580803352270585,
        0.05269554191111575,
        0.06775994675319301
    ]
}