{
  "All Four True":{
    "Count":14468,
    "Total":17586,
    "Percentage":82.26998749
  },
  "All Events":{
    "Count":14468,
    "Total":20244,
    "Percentage":71.4680893104
  }
}