{
    "haa_ma30": [
        0.03605828084543014,
        0.04759839530726095,
        0.06523692945303167,
        0.0875030875469892,
        0.11947385890606328
    ],
    "haa_ma40": [
        0.0325217051375174,
        0.038826731861857415,
        0.05522514542316482,
        0.07523691227403899,
        0.10550399357624594
    ],
    "haa_ma60": [
        0.02560772591010655,
        0.039782614501678276,
        0.04859546403910979,
        0.06806671601237,
        0.09162050858884056
    ]
}