{
    "haa_ma30": [
        0.028689290938009582,
        0.0391393652572409,
        0.05522538993558997,
        0.07545579027015967,
        0.10568619060472946
    ],
    "haa_ma40": [
        0.0256054159169217,
        0.03689707854946633,
        0.04978647085653171,
        0.06709359300326556,
        0.09073005846413477
    ],
    "haa_ma60": [
        0.025603307044460025,
        0.035603307044460054,
        0.04791312609002222,
        0.06706838260150114,
        0.08474419913159599
    ]
}