{
  "syst_jes": 0.0,
  "syst_tag": 41,
  "syst_met_px": 1.0926777124404907,
  "syst_met_py": 1.5175886154174805
}