{
  "syst_jes": 0.0,
  "syst_tag": 40,
  "syst_met_px": 2.3591701984405518,
  "syst_met_py": 0.5123250484466553
}