{
  "All Four True":{
    "Count":13994,
    "Total":17003,
    "Percentage":82.3031229783
  },
  "All Events":{
    "Count":13994,
    "Total":19542,
    "Percentage":71.6098659298
  }
}