{
  "All Four True":{
    "Count":14484,
    "Total":17595,
    "Percentage":82.3188405797
  },
  "All Events":{
    "Count":14484,
    "Total":20254,
    "Percentage":71.5118001382
  }
}