{
    "30": {
        "classification": 0.5413451790809631,
        "assignment": 2.182506561279297,
        "total_loss": 2.72385174036026
    }
}