{
    "30": {
        "classification": 0.541053295135498,
        "total_loss": 0.541053295135498
    },
    "40": {
        "classification": 0.5423899292945862,
        "total_loss": 0.5423899292945862
    },
    "60": {
        "classification": 0.5305680632591248,
        "total_loss": 0.5305680632591248
    }
}