{
  "All Four True":{
    "Count":13977,
    "Total":16965,
    "Percentage":82.3872679045
  },
  "All Events":{
    "Count":13977,
    "Total":19503,
    "Percentage":71.6658975542
  }
}