{
    "haa_ma30": [
        0.020589359328068515,
        0.025589359328068526,
        0.03860102129823588,
        0.05385382156685488,
        0.06902017187838247
    ],
    "haa_ma40": [
        0.02058931794784987,
        0.025589317947849882,
        0.03858629083569294,
        0.053829703029482215,
        0.0689992456587201
    ],
    "haa_ma60": [
        0.025592822903680736,
        0.03059282290368075,
        0.03967365146964032,
        0.055185645807361475,
        0.07532420361070905
    ]
}