{
  "All Four True":{
    "Count":14445,
    "Total":17559,
    "Percentage":82.2655048693
  },
  "All Events":{
    "Count":14445,
    "Total":20212,
    "Percentage":71.4674450821
  }
}