{
  "All Four True":{
    "Count":14469,
    "Total":17591,
    "Percentage":82.2522881019
  },
  "All Events":{
    "Count":14469,
    "Total":20249,
    "Percentage":71.4553805126
  }
}