{
  "syst_jes": 0.0,
  "syst_tag": 3,
  "syst_met_px": 0.6958478093147278,
  "syst_met_py": 0.3608700931072235
}