{
    "haa_ma30": [
        0.02560278402420749,
        0.035602784024207516,
        0.04766569231627808,
        0.0659419918643389,
        0.08789567703181114
    ],
    "haa_ma40": [
        0.025604464417826784,
        0.03586423526726673,
        0.04853909668807147,
        0.06980834925884691,
        0.08994550416314957
    ],
    "haa_ma60": [
        0.025598949599900382,
        0.030598949599900397,
        0.041272892881145044,
        0.06019789919980079,
        0.08352334151316282
    ]
}