{
  "All Four True":{
    "Count":13926,
    "Total":16892,
    "Percentage":82.4413923751
  },
  "All Events":{
    "Count":13926,
    "Total":19408,
    "Percentage":71.753915911
  }
}