{
    "haa_ma30": [
        0.020584672838396215,
        0.025584672838396227,
        0.036989279728157645,
        0.05196343322338167,
        0.06602923389562503
    ],
    "haa_ma40": [
        0.02057958174749578,
        0.02557958174749579,
        0.030579581747495806,
        0.044849189636700225,
        0.06015916349499161
    ],
    "haa_ma60": [
        0.020590343881137216,
        0.025590343881137227,
        0.038926302047121636,
        0.05437985270252831,
        0.06943743584802863
    ]
}