{
  "syst_jes": 0.0,
  "syst_tag": 42,
  "syst_met_px": 2.1110658645629883,
  "syst_met_py": 1.1051833629608154
}