{
    "haa_ma30": [
        0.02058197092863818,
        0.02558197092863819,
        0.03558197092863822,
        0.04607620051250297,
        0.06525423228683994
    ],
    "haa_ma40": [
        0.020581279686222732,
        0.025581279686222744,
        0.03058127968622276,
        0.045715651447620936,
        0.06516255937244554
    ],
    "haa_ma60": [
        0.020584108407952276,
        0.025584108407952288,
        0.036590674177210764,
        0.051823456418450785,
        0.06978179973306112
    ]
}