{
    "30": {
        "classification": 0.5328161716461182,
        "segmentation": 1.149398922920227,
        "total_loss": 1.6822150945663452
    }
}