{
  "All Four True":{
    "Count":14488,
    "Total":17591,
    "Percentage":82.3602978796
  },
  "All Events":{
    "Count":14488,
    "Total":20249,
    "Percentage":71.5492123068
  }
}