{
  "All Four True":{
    "Count":14582,
    "Total":17723,
    "Percentage":82.2772668284
  },
  "All Events":{
    "Count":14582,
    "Total":20412,
    "Percentage":71.4383695865
  }
}