{
    "30": {
        "classification": 0.4319274127483368,
        "assignment": 1.8612555265426636,
        "segmentation": 0.8568331003189087,
        "total_loss": 3.150016039609909
    }
}