{
    "60": {
        "classification": 0.48835882544517517,
        "total_loss": 0.48835882544517517
    },
    "30": {
        "classification": 0.4830953776836395,
        "total_loss": 0.4830953776836395
    },
    "40": {
        "classification": 0.4712325930595398,
        "total_loss": 0.4712325930595398
    }
}