{
    "30": {
        "classification": 0.48309987783432007,
        "total_loss": 0.48309987783432007
    }
}