{
    "haa_ma30": [
        0.020592429457074273,
        0.0305924294570743,
        0.03955283344473421,
        0.05518485891414857,
        0.07518818147219392
    ],
    "haa_ma40": [
        0.025597220264951637,
        0.030597220264951652,
        0.04084918882814256,
        0.060194440529903304,
        0.0778060359019884
    ],
    "haa_ma60": [
        0.02559497153270692,
        0.030594971532706936,
        0.04027482033648624,
        0.055189943065413846,
        0.07656802700956221
    ]
}