{
    "40": {
        "classification": 0.5532085299491882,
        "segmentation": 1.7220126390457153,
        "total_loss": 2.2752211689949036
    },
    "30": {
        "classification": 0.6173823475837708,
        "segmentation": 1.5576143264770508,
        "total_loss": 2.1749966740608215
    },
    "60": {
        "classification": 0.5777152180671692,
        "segmentation": 1.9918912649154663,
        "total_loss": 2.5696064829826355
    }
}