{
    "30": {
        "classification": 0.6174046397209167,
        "segmentation": 1.5575050115585327,
        "total_loss": 2.1749096512794495
    }
}