{
  "All Four True":{
    "Count":14022,
    "Total":17060,
    "Percentage":82.1922626026
  },
  "All Events":{
    "Count":14022,
    "Total":19604,
    "Percentage":71.526219139
  }
}