{
  "All Four True":{
    "Count":13993,
    "Total":16996,
    "Percentage":82.3311367381
  },
  "All Events":{
    "Count":13993,
    "Total":19535,
    "Percentage":71.6304069619
  }
}