{
    "30": {
        "classification": 0.407875120639801,
        "total_loss": 0.407875120639801
    }
}