{
    "60": {
        "classification": 0.4337667226791382,
        "total_loss": 0.4337667226791382
    },
    "30": {
        "classification": 0.4076153337955475,
        "total_loss": 0.4076153337955475
    },
    "40": {
        "classification": 0.4165491759777069,
        "total_loss": 0.4165491759777069
    }
}