{
    "40": {
        "classification": 0.46583446860313416,
        "segmentation": 1.2672439813613892,
        "total_loss": 1.7330784499645233
    },
    "60": {
        "classification": 0.5045135617256165,
        "segmentation": 1.4853291511535645,
        "total_loss": 1.989842712879181
    },
    "30": {
        "classification": 0.4667978286743164,
        "segmentation": 0.9954125881195068,
        "total_loss": 1.4622104167938232
    }
}