{
    "30": {
        "classification": 0.4669564664363861,
        "assignment": 2.0081872940063477,
        "segmentation": 0.9958356022834778,
        "total_loss": 3.4709793627262115
    }
}