{
    "haa_ma60": {
        "haa_ma60/Purity/*a_sixty/event_proportion": 0.15773325447286707,
        "haa_ma60/Purity/*a_sixty/event_proportion-unc": 0.0003460946145084003,
        "haa_ma60/Purity/*a_sixty/event_purity": 0.31591281931099136,
        "haa_ma60/Purity/*a_sixty/event_purity-unc": 0.0011114402002289324,
        "haa_ma60/Purity/*a_sixty/a_sixty_purity": 0.352768201176232,
        "haa_ma60/Purity/*a_sixty/a_sixty_purity-unc": 0.000925998444639686,
        "haa_ma60/Purity/0a_sixty/event_proportion": 0.8422667455271329,
        "haa_ma60/Purity/0a_sixty/event_proportion-unc": 0.0003460946145084004,
        "haa_ma60/Purity/0a_sixty/event_purity": 1.0,
        "haa_ma60/Purity/0a_sixty/event_purity-unc": 0.0,
        "haa_ma60/Purity/0a_sixty/a_sixty_purity": 0,
        "haa_ma60/Purity/0a_sixty/a_sixty_purity-unc": 0,
        "haa_ma60/Purity/1a_sixty/event_proportion": 0.07539228874471209,
        "haa_ma60/Purity/1a_sixty/event_proportion-unc": 0.0002506978455371137,
        "haa_ma60/Purity/1a_sixty/event_purity": 0.48556565414972497,
        "haa_ma60/Purity/1a_sixty/event_purity-unc": 0.001728358685641224,
        "haa_ma60/Purity/1a_sixty/a_sixty_purity": 0.48556565414972497,
        "haa_ma60/Purity/1a_sixty/a_sixty_purity-unc": 0.001728358685641224,
        "haa_ma60/Purity/2a_sixty/event_proportion": 0.08234096572815498,
        "haa_ma60/Purity/2a_sixty/event_proportion-unc": 0.0002610099314998339,
        "haa_ma60/Purity/2a_sixty/event_purity": 0.16057682832021197,
        "haa_ma60/Purity/2a_sixty/event_purity-unc": 0.0012148770238716796,
        "haa_ma60/Purity/2a_sixty/a_sixty_purity": 0.2919728010336483,
        "haa_ma60/Purity/2a_sixty/a_sixty_purity-unc": 0.0010638528838313338
    },
    "haa_ma40": {
        "haa_ma40/Purity/*a_forty/event_proportion": 0.15903639352804305,
        "haa_ma40/Purity/*a_forty/event_proportion-unc": 0.00034663133355516235,
        "haa_ma40/Purity/*a_forty/event_purity": 0.47325518994492305,
        "haa_ma40/Purity/*a_forty/event_purity-unc": 0.0011866715317665384,
        "haa_ma40/Purity/*a_forty/a_forty_purity": 0.5000875503414464,
        "haa_ma40/Purity/*a_forty/a_forty_purity-unc": 0.0009974418344969953,
        "haa_ma40/Purity/0a_forty/event_proportion": 0.840963606471957,
        "haa_ma40/Purity/0a_forty/event_proportion-unc": 0.0003466313335551623,
        "haa_ma40/Purity/0a_forty/event_purity": 1.0,
        "haa_ma40/Purity/0a_forty/event_purity-unc": 0.0,
        "haa_ma40/Purity/0a_forty/a_forty_purity": 0,
        "haa_ma40/Purity/0a_forty/a_forty_purity-unc": 0,
        "haa_ma40/Purity/1a_forty/event_proportion": 0.092323310364654,
        "haa_ma40/Purity/1a_forty/event_proportion-unc": 0.00027437986184125564,
        "haa_ma40/Purity/1a_forty/event_purity": 0.6134811124301812,
        "haa_ma40/Purity/1a_forty/event_purity-unc": 0.0015190120965502085,
        "haa_ma40/Purity/1a_forty/a_forty_purity": 0.6134811124301812,
        "haa_ma40/Purity/1a_forty/a_forty_purity-unc": 0.0015190120965502085,
        "haa_ma40/Purity/2a_forty/event_proportion": 0.06671308316338906,
        "haa_ma40/Purity/2a_forty/event_proportion-unc": 0.00023650702913292774,
        "haa_ma40/Purity/2a_forty/event_purity": 0.27919848099220296,
        "haa_ma40/Purity/2a_forty/event_purity-unc": 0.0016462273925276526,
        "haa_ma40/Purity/2a_forty/a_forty_purity": 0.4216256615359754,
        "haa_ma40/Purity/2a_forty/a_forty_purity-unc": 0.0012813815885876813
    },
    "haa_ma30": {
        "haa_ma30/Purity/*a_thirty/event_proportion": 0.1429258035998184,
        "haa_ma30/Purity/*a_thirty/event_proportion-unc": 0.0003355188737915341,
        "haa_ma30/Purity/*a_thirty/event_purity": 0.6239173905495509,
        "haa_ma30/Purity/*a_thirty/event_purity-unc": 0.00122829383997657,
        "haa_ma30/Purity/*a_thirty/a_thirty_purity": 0.6538311251658397,
        "haa_ma30/Purity/*a_thirty/a_thirty_purity-unc": 0.001014085738935475,
        "haa_ma30/Purity/0a_thirty/event_proportion": 0.8570741964001816,
        "haa_ma30/Purity/0a_thirty/event_proportion-unc": 0.0003355188737915341,
        "haa_ma30/Purity/0a_thirty/event_purity": 1.0,
        "haa_ma30/Purity/0a_thirty/event_purity-unc": 0.0,
        "haa_ma30/Purity/0a_thirty/a_thirty_purity": 0,
        "haa_ma30/Purity/0a_thirty/a_thirty_purity-unc": 0,
        "haa_ma30/Purity/1a_thirty/event_proportion": 0.08359202548140633,
        "haa_ma30/Purity/1a_thirty/event_proportion-unc": 0.0002653256751852556,
        "haa_ma30/Purity/1a_thirty/event_purity": 0.7647479167124733,
        "haa_ma30/Purity/1a_thirty/event_purity-unc": 0.0014063580063505873,
        "haa_ma30/Purity/1a_thirty/a_thirty_purity": 0.7647479167124733,
        "haa_ma30/Purity/1a_thirty/a_thirty_purity-unc": 0.0014063580063505873,
        "haa_ma30/Purity/2a_thirty/event_proportion": 0.05933377811841208,
        "haa_ma30/Purity/2a_thirty/event_proportion-unc": 0.00022647548595270417,
        "haa_ma30/Purity/2a_thirty/event_purity": 0.4255091767985751,
        "haa_ma30/Purity/2a_thirty/event_purity-unc": 0.001945796579381382,
        "haa_ma30/Purity/2a_thirty/a_thirty_purity": 0.5756989080771315,
        "haa_ma30/Purity/2a_thirty/a_thirty_purity-unc": 0.001375375240972603
    }
}