{
    "haa_ma30": [
        0.03877584818421222,
        0.05525116484149191,
        0.07858824715649998,
        0.10547308487562958,
        0.1461508189933133
    ],
    "haa_ma40": [
        0.02890705912492373,
        0.040601332733148615,
        0.05522814804216163,
        0.08141921104640863,
        0.10879685108523603
    ],
    "haa_ma60": [
        0.025607415404618094,
        0.039359079932605665,
        0.048065559126074395,
        0.06787466955888488,
        0.09085418580783086
    ]
}