{
  "All Four True":{
    "Count":14464,
    "Total":17592,
    "Percentage":82.2191905412
  },
  "All Events":{
    "Count":14464,
    "Total":20250,
    "Percentage":71.4271604938
  }
}