{
  "syst_jes": 0.0,
  "syst_tag": 4,
  "syst_met_px": 0.4882698953151703,
  "syst_met_py": 1.9816974401474
}