{
  "All Four True":{
    "Count":13990,
    "Total":16988,
    "Percentage":82.3522486461
  },
  "All Events":{
    "Count":13990,
    "Total":19528,
    "Percentage":71.640721016
  }
}