{
  "All Four True":{
    "Count":14381,
    "Total":17477,
    "Percentage":82.2852892373
  },
  "All Events":{
    "Count":14381,
    "Total":20115,
    "Percentage":71.4939100174
  }
}