{
  "All Four True":{
    "Count":14015,
    "Total":17056,
    "Percentage":82.1704971857
  },
  "All Events":{
    "Count":14015,
    "Total":19601,
    "Percentage":71.5014540074
  }
}