{
  "All Four True":{
    "Count":13990,
    "Total":16992,
    "Percentage":82.3328625235
  },
  "All Events":{
    "Count":13990,
    "Total":19531,
    "Percentage":71.6297168604
  }
}