{
  "All Four True":{
    "Count":14031,
    "Total":17073,
    "Percentage":82.1823932525
  },
  "All Events":{
    "Count":14031,
    "Total":19622,
    "Percentage":71.506472327
  }
}