{
  "All Four True":{
    "Count":14540,
    "Total":17672,
    "Percentage":82.2770484382
  },
  "All Events":{
    "Count":14540,
    "Total":20346,
    "Percentage":71.4636783643
  }
}