{
  "All Four True":{
    "Count":13983,
    "Total":16978,
    "Percentage":82.35952409
  },
  "All Events":{
    "Count":13983,
    "Total":19515,
    "Percentage":71.6525749424
  }
}