{
  "All Four True":{
    "Count":13992,
    "Total":16993,
    "Percentage":82.3397869711
  },
  "All Events":{
    "Count":13992,
    "Total":19531,
    "Percentage":71.6399569914
  }
}