{
  "All Four True":{
    "Count":14483,
    "Total":17592,
    "Percentage":82.3271941792
  },
  "All Events":{
    "Count":14483,
    "Total":20251,
    "Percentage":71.5174559281
  }
}