{
  "syst_jes": 0.0,
  "syst_tag": 43,
  "syst_met_px": 2.5378856658935547,
  "syst_met_py": 1.3957828283309937
}