{
    "30": {
        "classification": 0.423813134431839,
        "assignment": 1.8901703357696533,
        "segmentation": 0.8504666090011597,
        "total_loss": 3.164450079202652
    }
}