{
    "60": {
        "classification": 0.47621917724609375,
        "segmentation": 1.3029158115386963,
        "total_loss": 1.77913498878479
    },
    "30": {
        "classification": 0.4236835837364197,
        "segmentation": 0.8500295877456665,
        "total_loss": 1.2737131714820862
    },
    "40": {
        "classification": 0.42928996682167053,
        "segmentation": 1.0884242057800293,
        "total_loss": 1.5177141726016998
    }
}