{
    "haa_ma30": [
        0.020588143556130752,
        0.025588143556130764,
        0.038188207463571,
        0.05326733776656188,
        0.06845898206019801
    ],
    "haa_ma40": [
        0.02559683348492666,
        0.030596833484926676,
        0.04075016443602809,
        0.06019366696985335,
        0.07762905608891436
    ],
    "haa_ma60": [
        0.02559364474703875,
        0.030593644747038764,
        0.0399037929155271,
        0.0551872894940775,
        0.07557513574386993
    ]
}