{
    "30": {
        "classification": 0.4817466139793396,
        "assignment": 2.310481309890747,
        "total_loss": 2.7922279238700867
    }
}