{
    "30": {
        "classification": 0.4817478060722351,
        "total_loss": 0.4817478060722351
    },
    "40": {
        "classification": 0.4687051773071289,
        "total_loss": 0.4687051773071289
    },
    "60": {
        "classification": 0.4804750382900238,
        "total_loss": 0.4804750382900238
    }
}