{
  "syst_jes": 0.0,
  "syst_tag": 6,
  "syst_met_px": 0.38536641001701355,
  "syst_met_py": 0.38657519221305847
}