{
    "haa_ma30": {
        "haa_ma30/Purity/*a_thirty/event_proportion": 0.1429258035998184,
        "haa_ma30/Purity/*a_thirty/event_proportion-unc": 0.0003355188737915341,
        "haa_ma30/Purity/*a_thirty/event_purity": 0.7709786725134543,
        "haa_ma30/Purity/*a_thirty/event_purity-unc": 0.0010655068561604075,
        "haa_ma30/Purity/*a_thirty/a_thirty_purity": 0.8227559384257492,
        "haa_ma30/Purity/*a_thirty/a_thirty_purity-unc": 0.0008139903026877418,
        "haa_ma30/Purity/0a_thirty/event_proportion": 0.8570741964001816,
        "haa_ma30/Purity/0a_thirty/event_proportion-unc": 0.0003355188737915341,
        "haa_ma30/Purity/0a_thirty/event_purity": 1.0,
        "haa_ma30/Purity/0a_thirty/event_purity-unc": 0.0,
        "haa_ma30/Purity/0a_thirty/a_thirty_purity": 0,
        "haa_ma30/Purity/0a_thirty/a_thirty_purity-unc": 0,
        "haa_ma30/Purity/1a_thirty/event_proportion": 0.08359202548140633,
        "haa_ma30/Purity/1a_thirty/event_proportion-unc": 0.0002653256751852556,
        "haa_ma30/Purity/1a_thirty/event_purity": 0.8555660605527583,
        "haa_ma30/Purity/1a_thirty/event_purity-unc": 0.0011655513243341686,
        "haa_ma30/Purity/1a_thirty/a_thirty_purity": 0.8555660605527583,
        "haa_ma30/Purity/1a_thirty/a_thirty_purity-unc": 0.0011655513243341686,
        "haa_ma30/Purity/2a_thirty/event_proportion": 0.05933377811841208,
        "haa_ma30/Purity/2a_thirty/event_proportion-unc": 0.00022647548595270417,
        "haa_ma30/Purity/2a_thirty/event_purity": 0.6518082552466506,
        "haa_ma30/Purity/2a_thirty/event_purity-unc": 0.0018748675211267608,
        "haa_ma30/Purity/2a_thirty/a_thirty_purity": 0.7996437698443429,
        "haa_ma30/Purity/2a_thirty/a_thirty_purity-unc": 0.0011138741601494195
    },
    "haa_ma40": {
        "haa_ma40/Purity/*a_forty/event_proportion": 0.15903639352804305,
        "haa_ma40/Purity/*a_forty/event_proportion-unc": 0.00034663133355516235,
        "haa_ma40/Purity/*a_forty/event_purity": 0.6950035305747776,
        "haa_ma40/Purity/*a_forty/event_purity-unc": 0.0010942677749790305,
        "haa_ma40/Purity/*a_forty/a_forty_purity": 0.7532353830725395,
        "haa_ma40/Purity/*a_forty/a_forty_purity-unc": 0.0008600513495189296,
        "haa_ma40/Purity/0a_forty/event_proportion": 0.840963606471957,
        "haa_ma40/Purity/0a_forty/event_proportion-unc": 0.0003466313335551623,
        "haa_ma40/Purity/0a_forty/event_purity": 1.0,
        "haa_ma40/Purity/0a_forty/event_purity-unc": 0.0,
        "haa_ma40/Purity/0a_forty/a_forty_purity": 0,
        "haa_ma40/Purity/0a_forty/a_forty_purity-unc": 0,
        "haa_ma40/Purity/1a_forty/event_proportion": 0.092323310364654,
        "haa_ma40/Purity/1a_forty/event_proportion-unc": 0.00027437986184125564,
        "haa_ma40/Purity/1a_forty/event_purity": 0.7767257653309461,
        "haa_ma40/Purity/1a_forty/event_purity-unc": 0.001299057678268523,
        "haa_ma40/Purity/1a_forty/a_forty_purity": 0.7767257653309461,
        "haa_ma40/Purity/1a_forty/a_forty_purity-unc": 0.001299057678268523,
        "haa_ma40/Purity/2a_forty/event_proportion": 0.06671308316338906,
        "haa_ma40/Purity/2a_forty/event_proportion-unc": 0.00023650702913292774,
        "haa_ma40/Purity/2a_forty/event_purity": 0.5819092635236133,
        "haa_ma40/Purity/2a_forty/event_purity-unc": 0.0018100407805379496,
        "haa_ma40/Purity/2a_forty/a_forty_purity": 0.7369813759948289,
        "haa_ma40/Purity/2a_forty/a_forty_purity-unc": 0.0011424362135235887
    },
    "haa_ma60": {
        "haa_ma60/Purity/*a_sixty/event_proportion": 0.15773325447286707,
        "haa_ma60/Purity/*a_sixty/event_proportion-unc": 0.0003460946145084003,
        "haa_ma60/Purity/*a_sixty/event_purity": 0.6024967561604372,
        "haa_ma60/Purity/*a_sixty/event_purity-unc": 0.00117002312442229,
        "haa_ma60/Purity/*a_sixty/a_sixty_purity": 0.6924558912999391,
        "haa_ma60/Purity/*a_sixty/a_sixty_purity-unc": 0.0008943044301573804,
        "haa_ma60/Purity/0a_sixty/event_proportion": 0.8422667455271329,
        "haa_ma60/Purity/0a_sixty/event_proportion-unc": 0.0003460946145084004,
        "haa_ma60/Purity/0a_sixty/event_purity": 1.0,
        "haa_ma60/Purity/0a_sixty/event_purity-unc": 0.0,
        "haa_ma60/Purity/0a_sixty/a_sixty_purity": 0,
        "haa_ma60/Purity/0a_sixty/a_sixty_purity-unc": 0,
        "haa_ma60/Purity/1a_sixty/event_proportion": 0.07539228874471209,
        "haa_ma60/Purity/1a_sixty/event_proportion-unc": 0.0002506978455371137,
        "haa_ma60/Purity/1a_sixty/event_purity": 0.7122458741927769,
        "haa_ma60/Purity/1a_sixty/event_purity-unc": 0.0015655634337075764,
        "haa_ma60/Purity/1a_sixty/a_sixty_purity": 0.7122458741927769,
        "haa_ma60/Purity/1a_sixty/a_sixty_purity-unc": 0.0015655634337075764,
        "haa_ma60/Purity/2a_sixty/event_proportion": 0.08234096572815498,
        "haa_ma60/Purity/2a_sixty/event_proportion-unc": 0.0002610099314998339,
        "haa_ma60/Purity/2a_sixty/event_purity": 0.5020092634160763,
        "haa_ma60/Purity/2a_sixty/event_purity-unc": 0.0016545004964865467,
        "haa_ma60/Purity/2a_sixty/a_sixty_purity": 0.6833959289147787,
        "haa_ma60/Purity/2a_sixty/a_sixty_purity-unc": 0.001088378232785248
    }
}