{
  "All Four True":{
    "Count":14348,
    "Total":17433,
    "Percentage":82.3036769345
  },
  "All Events":{
    "Count":14348,
    "Total":20056,
    "Percentage":71.5396888712
  }
}