{
  "All Four True":{
    "Count":14529,
    "Total":17650,
    "Percentage":82.3172804533
  },
  "All Events":{
    "Count":14529,
    "Total":20311,
    "Percentage":71.5326670277
  }
}