{
    "haa_ma30": [
        0.02058129665531021,
        0.025581296655310223,
        0.030581296655310237,
        0.045737839056912505,
        0.0651625933106205
    ],
    "haa_ma40": [
        0.020587232927152303,
        0.025587232927152315,
        0.03888430647413249,
        0.05286435831896258,
        0.0679872451276056
    ],
    "haa_ma60": [
        0.020587089071865572,
        0.025587089071865583,
        0.038779970517975985,
        0.052806232356908706,
        0.06791126446761413
    ]
}