{
  "All Four True":{
    "Count":13971,
    "Total":16953,
    "Percentage":82.4101928862
  },
  "All Events":{
    "Count":13971,
    "Total":19489,
    "Percentage":71.6865924368
  }
}