{
  "All Four True":{
    "Count":13993,
    "Total":16994,
    "Percentage":82.3408261739
  },
  "All Events":{
    "Count":13993,
    "Total":19533,
    "Percentage":71.6377412584
  }
}