{
    "40": {
        "classification": 0.46012580394744873,
        "segmentation": 1.1528009176254272,
        "total_loss": 1.612926721572876
    },
    "30": {
        "classification": 0.4660118818283081,
        "segmentation": 0.9464348554611206,
        "total_loss": 1.4124467372894287
    },
    "60": {
        "classification": 0.5061545372009277,
        "segmentation": 1.4242092370986938,
        "total_loss": 1.9303637742996216
    }
}