{
    "30": {
        "classification": 0.46614566445350647,
        "segmentation": 0.9466237425804138,
        "total_loss": 1.4127694070339203
    }
}