{
    "30": {
        "classification": 0.6221749186515808,
        "total_loss": 0.6221749186515808
    }
}