{
    "60": {
        "classification": 0.6245886087417603,
        "total_loss": 0.6245886087417603
    },
    "30": {
        "classification": 0.6222162842750549,
        "total_loss": 0.6222162842750549
    },
    "40": {
        "classification": 0.6755023002624512,
        "total_loss": 0.6755023002624512
    }
}