{
    "30": {
        "classification": 0.48319557309150696,
        "assignment": 2.084918975830078,
        "segmentation": 1.117418646812439,
        "total_loss": 3.685533195734024
    }
}