{
    "60": {
        "classification": 0.4974258542060852,
        "segmentation": 2.0242135524749756,
        "total_loss": 2.521639406681061
    },
    "40": {
        "classification": 0.5101685523986816,
        "segmentation": 1.8846386671066284,
        "total_loss": 2.39480721950531
    }
}