{
    "30": {
        "classification": 0.5217406153678894,
        "segmentation": 1.3810312747955322,
        "total_loss": 1.9027718901634216
    },
    "40": {
        "classification": 0.497517853975296,
        "segmentation": 1.5531325340270996,
        "total_loss": 2.0506503880023956
    },
    "60": {
        "classification": 0.5050700902938843,
        "segmentation": 1.6719733476638794,
        "total_loss": 2.1770434379577637
    }
}