{
    "30": {
        "classification": 0.5216637253761292,
        "assignment": 2.6462502479553223,
        "segmentation": 1.3810768127441406,
        "total_loss": 4.548990786075592
    }
}