{
    "haa_ma30": {
        "haa_ma30/Purity/*a_thirty/event_proportion": 0.1429258035998184,
        "haa_ma30/Purity/*a_thirty/event_proportion-unc": 0.0003355188737915341,
        "haa_ma30/Purity/*a_thirty/event_purity": 0.7733126723977187,
        "haa_ma30/Purity/*a_thirty/event_purity-unc": 0.0010616669245250346,
        "haa_ma30/Purity/*a_thirty/a_thirty_purity": 0.8249913672464242,
        "haa_ma30/Purity/*a_thirty/a_thirty_purity-unc": 0.0008099389963193807,
        "haa_ma30/Purity/0a_thirty/event_proportion": 0.8570741964001816,
        "haa_ma30/Purity/0a_thirty/event_proportion-unc": 0.0003355188737915341,
        "haa_ma30/Purity/0a_thirty/event_purity": 1.0,
        "haa_ma30/Purity/0a_thirty/event_purity-unc": 0.0,
        "haa_ma30/Purity/0a_thirty/a_thirty_purity": 0,
        "haa_ma30/Purity/0a_thirty/a_thirty_purity-unc": 0,
        "haa_ma30/Purity/1a_thirty/event_proportion": 0.08359202548140633,
        "haa_ma30/Purity/1a_thirty/event_proportion-unc": 0.0002653256751852556,
        "haa_ma30/Purity/1a_thirty/event_purity": 0.8573580176337372,
        "haa_ma30/Purity/1a_thirty/event_purity-unc": 0.001159510776487912,
        "haa_ma30/Purity/1a_thirty/a_thirty_purity": 0.8573580176337372,
        "haa_ma30/Purity/1a_thirty/a_thirty_purity-unc": 0.001159510776487912,
        "haa_ma30/Purity/2a_thirty/event_proportion": 0.05933377811841208,
        "haa_ma30/Purity/2a_thirty/event_proportion-unc": 0.00022647548595270417,
        "haa_ma30/Purity/2a_thirty/event_purity": 0.6549059087741036,
        "haa_ma30/Purity/2a_thirty/event_purity-unc": 0.0018709390445277485,
        "haa_ma30/Purity/2a_thirty/a_thirty_purity": 0.802191589870673,
        "haa_ma30/Purity/2a_thirty/a_thirty_purity-unc": 0.0011085310262927506
    },
    "haa_ma60": {
        "haa_ma60/Purity/*a_sixty/event_proportion": 0.15773325447286707,
        "haa_ma60/Purity/*a_sixty/event_proportion-unc": 0.0003460946145084003,
        "haa_ma60/Purity/*a_sixty/event_purity": 0.6066351523604292,
        "haa_ma60/Purity/*a_sixty/event_purity-unc": 0.0011679071309840595,
        "haa_ma60/Purity/*a_sixty/a_sixty_purity": 0.696406708878824,
        "haa_ma60/Purity/*a_sixty/a_sixty_purity-unc": 0.0008910727795225883,
        "haa_ma60/Purity/0a_sixty/event_proportion": 0.8422667455271329,
        "haa_ma60/Purity/0a_sixty/event_proportion-unc": 0.0003460946145084004,
        "haa_ma60/Purity/0a_sixty/event_purity": 1.0,
        "haa_ma60/Purity/0a_sixty/event_purity-unc": 0.0,
        "haa_ma60/Purity/0a_sixty/a_sixty_purity": 0,
        "haa_ma60/Purity/0a_sixty/a_sixty_purity-unc": 0,
        "haa_ma60/Purity/1a_sixty/event_proportion": 0.07539228874471209,
        "haa_ma60/Purity/1a_sixty/event_proportion-unc": 0.0002506978455371137,
        "haa_ma60/Purity/1a_sixty/event_purity": 0.7149844534800287,
        "haa_ma60/Purity/1a_sixty/event_purity-unc": 0.0015610883855960332,
        "haa_ma60/Purity/1a_sixty/a_sixty_purity": 0.7149844534800287,
        "haa_ma60/Purity/1a_sixty/a_sixty_purity-unc": 0.0015610883855960332,
        "haa_ma60/Purity/2a_sixty/event_proportion": 0.08234096572815498,
        "haa_ma60/Purity/2a_sixty/event_proportion-unc": 0.0002610099314998339,
        "haa_ma60/Purity/2a_sixty/event_purity": 0.5074293472905056,
        "haa_ma60/Purity/2a_sixty/event_purity-unc": 0.001654331203014609,
        "haa_ma60/Purity/2a_sixty/a_sixty_purity": 0.6879017158124103,
        "haa_ma60/Purity/2a_sixty/a_sixty_purity-unc": 0.0010841622796845065
    },
    "haa_ma40": {
        "haa_ma40/Purity/*a_forty/event_proportion": 0.15903639352804305,
        "haa_ma40/Purity/*a_forty/event_proportion-unc": 0.00034663133355516235,
        "haa_ma40/Purity/*a_forty/event_purity": 0.7036237819517017,
        "haa_ma40/Purity/*a_forty/event_purity-unc": 0.001085362042631531,
        "haa_ma40/Purity/*a_forty/a_forty_purity": 0.7623167412171089,
        "haa_ma40/Purity/*a_forty/a_forty_purity-unc": 0.0008491503775099941,
        "haa_ma40/Purity/0a_forty/event_proportion": 0.840963606471957,
        "haa_ma40/Purity/0a_forty/event_proportion-unc": 0.0003466313335551623,
        "haa_ma40/Purity/0a_forty/event_purity": 1.0,
        "haa_ma40/Purity/0a_forty/event_purity-unc": 0.0,
        "haa_ma40/Purity/0a_forty/a_forty_purity": 0,
        "haa_ma40/Purity/0a_forty/a_forty_purity-unc": 0,
        "haa_ma40/Purity/1a_forty/event_proportion": 0.092323310364654,
        "haa_ma40/Purity/1a_forty/event_proportion-unc": 0.00027437986184125564,
        "haa_ma40/Purity/1a_forty/event_purity": 0.7847731740069673,
        "haa_ma40/Purity/1a_forty/event_purity-unc": 0.0012820222091402228,
        "haa_ma40/Purity/1a_forty/a_forty_purity": 0.7847731740069673,
        "haa_ma40/Purity/1a_forty/a_forty_purity-unc": 0.0012820222091402228,
        "haa_ma40/Purity/2a_forty/event_proportion": 0.06671308316338906,
        "haa_ma40/Purity/2a_forty/event_proportion-unc": 0.00023650702913292774,
        "haa_ma40/Purity/2a_forty/event_purity": 0.5913222639680039,
        "haa_ma40/Purity/2a_forty/event_purity-unc": 0.001803964789846131,
        "haa_ma40/Purity/2a_forty/a_forty_purity": 0.746778168302832,
        "haa_ma40/Purity/2a_forty/a_forty_purity-unc": 0.0011283837765310117
    }
}