{
    "haa_ma30": [
        0.029362015199977387,
        0.04341553292193516,
        0.0602288955040955,
        0.08165751328303117,
        0.10966433040653698
    ],
    "haa_ma40": [
        0.03060975494470438,
        0.0363396659585293,
        0.05021950988940871,
        0.06954869255563453,
        0.09579794737878435
    ],
    "haa_ma60": [
        0.0256068310808715,
        0.03860373608605226,
        0.04708608724078728,
        0.06791366255257412,
        0.08940759680683562
    ]
}