{
    "30": {
        "classification": 0.4598624110221863,
        "assignment": 2.1137125492095947,
        "total_loss": 2.573574960231781
    }
}