{
    "30": {
        "classification": 0.45983436703681946,
        "total_loss": 0.45983436703681946
    },
    "60": {
        "classification": 0.5047366619110107,
        "total_loss": 0.5047366619110107
    },
    "40": {
        "classification": 0.4509773552417755,
        "total_loss": 0.4509773552417755
    }
}