{
    "haa_ma30": [
        0.04246460317376666,
        0.06025427608727889,
        0.0802710646234048,
        0.11450855217455772,
        0.15391376612792135
    ],
    "haa_ma40": [
        0.03215078671543474,
        0.04446252586136919,
        0.060231992677208634,
        0.08259623673569014,
        0.11323383385016
    ],
    "haa_ma60": [
        0.033702757794346866,
        0.04612677386781773,
        0.06023298805302576,
        0.0841414513326838,
        0.11446597610605147
    ]
}