{
    "haa_ma40": {
        "haa_ma40/Purity/*a_forty/event_proportion": 0.15903639352804305,
        "haa_ma40/Purity/*a_forty/event_proportion-unc": 0.00034663133355516235,
        "haa_ma40/Purity/*a_forty/event_purity": 0.7017822341477192,
        "haa_ma40/Purity/*a_forty/event_purity-unc": 0.001087303133112176,
        "haa_ma40/Purity/*a_forty/a_forty_purity": 0.7605140000955095,
        "haa_ma40/Purity/*a_forty/a_forty_purity-unc": 0.0008513561024448617,
        "haa_ma40/Purity/0a_forty/event_proportion": 0.840963606471957,
        "haa_ma40/Purity/0a_forty/event_proportion-unc": 0.0003466313335551623,
        "haa_ma40/Purity/0a_forty/event_purity": 1.0,
        "haa_ma40/Purity/0a_forty/event_purity-unc": 0.0,
        "haa_ma40/Purity/0a_forty/a_forty_purity": 0,
        "haa_ma40/Purity/0a_forty/a_forty_purity-unc": 0,
        "haa_ma40/Purity/1a_forty/event_proportion": 0.092323310364654,
        "haa_ma40/Purity/1a_forty/event_proportion-unc": 0.00027437986184125564,
        "haa_ma40/Purity/1a_forty/event_purity": 0.7847342506276395,
        "haa_ma40/Purity/1a_forty/event_purity-unc": 0.0012821063332891065,
        "haa_ma40/Purity/1a_forty/a_forty_purity": 0.7847342506276395,
        "haa_ma40/Purity/1a_forty/a_forty_purity-unc": 0.0012821063332891065,
        "haa_ma40/Purity/2a_forty/event_proportion": 0.06671308316338906,
        "haa_ma40/Purity/2a_forty/event_proportion-unc": 0.00023650702913292774,
        "haa_ma40/Purity/2a_forty/event_purity": 0.5869860892282417,
        "haa_ma40/Purity/2a_forty/event_purity-unc": 0.0018068483190691856,
        "haa_ma40/Purity/2a_forty/a_forty_purity": 0.7437549657280599,
        "haa_ma40/Purity/2a_forty/a_forty_purity-unc": 0.0011327996915077054
    },
    "haa_ma30": {
        "haa_ma30/Purity/*a_thirty/event_proportion": 0.1429258035998184,
        "haa_ma30/Purity/*a_thirty/event_proportion-unc": 0.0003355188737915341,
        "haa_ma30/Purity/*a_thirty/event_purity": 0.7722774823664058,
        "haa_ma30/Purity/*a_thirty/event_purity-unc": 0.0010633758107257878,
        "haa_ma30/Purity/*a_thirty/a_thirty_purity": 0.8244325100412555,
        "haa_ma30/Purity/*a_thirty/a_thirty_purity-unc": 0.0008109563451161499,
        "haa_ma30/Purity/0a_thirty/event_proportion": 0.8570741964001816,
        "haa_ma30/Purity/0a_thirty/event_proportion-unc": 0.0003355188737915341,
        "haa_ma30/Purity/0a_thirty/event_purity": 1.0,
        "haa_ma30/Purity/0a_thirty/event_purity-unc": 0.0,
        "haa_ma30/Purity/0a_thirty/a_thirty_purity": 0,
        "haa_ma30/Purity/0a_thirty/a_thirty_purity-unc": 0,
        "haa_ma30/Purity/1a_thirty/event_proportion": 0.08359202548140633,
        "haa_ma30/Purity/1a_thirty/event_proportion-unc": 0.0002653256751852556,
        "haa_ma30/Purity/1a_thirty/event_purity": 0.8560827598337768,
        "haa_ma30/Purity/1a_thirty/event_purity-unc": 0.001163815900211503,
        "haa_ma30/Purity/1a_thirty/a_thirty_purity": 0.8560827598337768,
        "haa_ma30/Purity/1a_thirty/a_thirty_purity-unc": 0.001163815900211503,
        "haa_ma30/Purity/2a_thirty/event_proportion": 0.05933377811841208,
        "haa_ma30/Purity/2a_thirty/event_proportion-unc": 0.00022647548595270417,
        "haa_ma30/Purity/2a_thirty/event_purity": 0.6542089367304267,
        "haa_ma30/Purity/2a_thirty/event_purity-unc": 0.001871830593016719,
        "haa_ma30/Purity/2a_thirty/a_thirty_purity": 0.8021373809339425,
        "haa_ma30/Purity/2a_thirty/a_thirty_purity-unc": 0.0011086454502306777
    },
    "haa_ma60": {
        "haa_ma60/Purity/*a_sixty/event_proportion": 0.15773325447286707,
        "haa_ma60/Purity/*a_sixty/event_proportion-unc": 0.0003460946145084003,
        "haa_ma60/Purity/*a_sixty/event_purity": 0.6011877883015999,
        "haa_ma60/Purity/*a_sixty/event_purity-unc": 0.0011706742058384988,
        "haa_ma60/Purity/*a_sixty/a_sixty_purity": 0.6895866663662242,
        "haa_ma60/Purity/*a_sixty/a_sixty_purity-unc": 0.0008966030884609351,
        "haa_ma60/Purity/0a_sixty/event_proportion": 0.8422667455271329,
        "haa_ma60/Purity/0a_sixty/event_proportion-unc": 0.0003460946145084004,
        "haa_ma60/Purity/0a_sixty/event_purity": 1.0,
        "haa_ma60/Purity/0a_sixty/event_purity-unc": 0.0,
        "haa_ma60/Purity/0a_sixty/a_sixty_purity": 0,
        "haa_ma60/Purity/0a_sixty/a_sixty_purity-unc": 0,
        "haa_ma60/Purity/1a_sixty/event_proportion": 0.07539228874471209,
        "haa_ma60/Purity/1a_sixty/event_proportion-unc": 0.0002506978455371137,
        "haa_ma60/Purity/1a_sixty/event_purity": 0.7089332695527386,
        "haa_ma60/Purity/1a_sixty/event_purity-unc": 0.0015708831491809956,
        "haa_ma60/Purity/1a_sixty/a_sixty_purity": 0.7089332695527386,
        "haa_ma60/Purity/1a_sixty/a_sixty_purity-unc": 0.0015708831491809956,
        "haa_ma60/Purity/2a_sixty/event_proportion": 0.08234096572815498,
        "haa_ma60/Purity/2a_sixty/event_proportion-unc": 0.0002610099314998339,
        "haa_ma60/Purity/2a_sixty/event_purity": 0.50253484730693,
        "haa_ma60/Purity/2a_sixty/event_purity-unc": 0.0016544925934152733,
        "haa_ma60/Purity/2a_sixty/a_sixty_purity": 0.6807296856351353,
        "haa_ma60/Purity/2a_sixty/a_sixty_purity-unc": 0.0010908173103697438
    }
}