{
    "30": {
        "classification": 0.4240119457244873,
        "segmentation": 0.8354396820068359,
        "total_loss": 1.2594516277313232
    }
}