{
  "All Four True":{
    "Count":14482,
    "Total":17592,
    "Percentage":82.3215097772
  },
  "All Events":{
    "Count":14482,
    "Total":20250,
    "Percentage":71.5160493827
  }
}