{
  "All Four True":{
    "Count":13996,
    "Total":17000,
    "Percentage":82.3294117647
  },
  "All Events":{
    "Count":13996,
    "Total":19539,
    "Percentage":71.6310967808
  }
}