{
    "haa_ma30": [
        0.020584320653350103,
        0.025584320653350114,
        0.036758470188989964,
        0.051879887077977485,
        0.06530470644580826
    ],
    "haa_ma40": [
        0.020521874796500632,
        0.02557828578245885,
        0.030578285782458865,
        0.04419466698224045,
        0.06015657156491773
    ],
    "haa_ma60": [
        0.020587137346766662,
        0.025587137346766674,
        0.03880523433526737,
        0.052819679107198286,
        0.06792907750416927
    ]
}