{
    "haa_ma30": [
        0.036135612446100134,
        0.0502427818173743,
        0.06772101834819377,
        0.09315001819712827,
        0.12996644387732129
    ],
    "haa_ma40": [
        0.03525457152234835,
        0.04870846623881873,
        0.06779321751717207,
        0.089978304296702,
        0.12447878328596451
    ],
    "haa_ma60": [
        0.0313433184925593,
        0.04327228723171254,
        0.0552259031442225,
        0.075665026005364,
        0.1062535602559209
    ]
}