{
    "haa_ma30": [
        0.038743913734412314,
        0.05525124009309319,
        0.0785679504052368,
        0.1054299390452536,
        0.14606606450886114
    ],
    "haa_ma40": [
        0.035217294401831106,
        0.04700137020745837,
        0.06023540829091511,
        0.08602561290069893,
        0.11447081658183017
    ],
    "haa_ma60": [
        0.03016445218666952,
        0.04537189816106737,
        0.06022940111893516,
        0.08182547256575538,
        0.11027226715979917
    ]
}