{
  "All Four True":{
    "Count":14428,
    "Total":17537,
    "Percentage":82.2717682614
  },
  "All Events":{
    "Count":14428,
    "Total":20188,
    "Percentage":71.4681989301
  }
}