{
  "All Four True":{
    "Count":14535,
    "Total":17659,
    "Percentage":82.3093040376
  },
  "All Events":{
    "Count":14535,
    "Total":20322,
    "Percentage":71.5234720992
  }
}