{
    "40": {
        "classification": 0.41722193360328674,
        "total_loss": 0.41722193360328674
    },
    "60": {
        "classification": 0.4549884498119354,
        "total_loss": 0.4549884498119354
    },
    "30": {
        "classification": 0.41280028223991394,
        "total_loss": 0.41280028223991394
    }
}