{
    "30": {
        "classification": 0.4128567576408386,
        "assignment": 1.7590383291244507,
        "total_loss": 2.1718950867652893
    }
}