{
  "All Four True":{
    "Count":14597,
    "Total":17734,
    "Percentage":82.3108153829
  },
  "All Events":{
    "Count":14597,
    "Total":20423,
    "Percentage":71.4733388826
  }
}