{
    "haa_ma30": [
        0.04861305706794587,
        0.0657973333757428,
        0.09076866628503638,
        0.12451868854643247,
        0.16569624979258532
    ],
    "haa_ma40": [
        0.031158710003802985,
        0.04302510756176747,
        0.060230179283105784,
        0.08205761328015967,
        0.11114021139759049
    ],
    "haa_ma60": [
        0.030610755614653592,
        0.03717211876640432,
        0.05522151122930716,
        0.07129469361720038,
        0.09754963524632765
    ]
}