{
  "All Four True":{
    "Count":14478,
    "Total":17592,
    "Percentage":82.2987721692
  },
  "All Events":{
    "Count":14478,
    "Total":20251,
    "Percentage":71.4927657893
  }
}