{
    "haa_ma30": [
        0.020073654887755865,
        0.025576146354662377,
        0.03057614635466239,
        0.04345107921089258,
        0.06015229270932478
    ],
    "haa_ma40": [
        0.020580415664891494,
        0.025580415664891505,
        0.03058041566489152,
        0.04527209308663822,
        0.06016083132978304
    ],
    "haa_ma60": [
        0.02058334565001847,
        0.02558334565001848,
        0.03605081636761585,
        0.051664236613233244,
        0.06811090924371957
    ]
}