{
  "All Four True":{
    "Count":14463,
    "Total":17576,
    "Percentage":82.2883477469
  },
  "All Events":{
    "Count":14463,
    "Total":20230,
    "Percentage":71.4928324271
  }
}