{
    "60": {
        "classification": 0.8817666172981262,
        "segmentation": 3.4383468627929688,
        "total_loss": 4.320113480091095
    },
    "30": {
        "classification": 1.1050758361816406,
        "segmentation": 3.3398983478546143,
        "total_loss": 4.444974184036255
    },
    "40": {
        "classification": 0.5836622714996338,
        "segmentation": 1.763353943824768,
        "total_loss": 2.347016215324402
    }
}