{
    "30": {
        "classification": 1.1051501035690308,
        "segmentation": 3.3399922847747803,
        "total_loss": 4.445142388343811
    }
}