{
    "40": {
        "classification": 0.42616769671440125,
        "total_loss": 0.42616769671440125
    },
    "30": {
        "classification": 0.4085308611392975,
        "total_loss": 0.4085308611392975
    },
    "60": {
        "classification": 0.4513843357563019,
        "total_loss": 0.4513843357563019
    }
}