{
    "30": {
        "classification": 0.40868884325027466,
        "total_loss": 0.40868884325027466
    }
}