{
    "30": {
        "classification": 0.4085373282432556,
        "total_loss": 0.4085373282432556
    }
}