{
    "haa_ma30": [
        0.15795275060091685,
        0.2088644665953,
        0.2940967959042173,
        0.40966140605075946,
        0.5449543465340676
    ],
    "haa_ma40": [
        0.05985396602345765,
        0.08418011968375158,
        0.1145450061089307,
        0.157406917801847,
        0.21253830290237444
    ],
    "haa_ma60": [
        0.05526813734624701,
        0.07650623542242603,
        0.10228938884492608,
        0.14653498675444154,
        0.19783859625521624
    ]
}