{
    "30": {
        "classification": 0.5532500743865967,
        "assignment": 2.6820034980773926,
        "total_loss": 3.2352535724639893
    }
}