{
    "30": {
        "classification": 0.5533523559570312,
        "total_loss": 0.5533523559570312
    },
    "40": {
        "classification": 0.536008358001709,
        "total_loss": 0.536008358001709
    },
    "60": {
        "classification": 0.5187734961509705,
        "total_loss": 0.5187734961509705
    }
}