{
  "syst_jes": 0.0,
  "syst_tag": 49,
  "syst_met_px": 0.5301005244255066,
  "syst_met_py": 0.31433311104774475
}