{
  "All Four True":{
    "Count":13929,
    "Total":16896,
    "Percentage":82.4396306818
  },
  "All Events":{
    "Count":13929,
    "Total":19412,
    "Percentage":71.7545847929
  }
}