{
    "30": {
        "classification": 0.4326418340206146,
        "total_loss": 0.4326418340206146
    }
}