{
    "30": {
        "classification": 0.43280652165412903,
        "total_loss": 0.43280652165412903
    },
    "40": {
        "classification": 0.4428828954696655,
        "total_loss": 0.4428828954696655
    },
    "60": {
        "classification": 0.47010982036590576,
        "total_loss": 0.47010982036590576
    }
}