{
  "All Four True":{
    "Count":14474,
    "Total":17593,
    "Percentage":82.2713579264
  },
  "All Events":{
    "Count":14474,
    "Total":20251,
    "Percentage":71.4730136783
  }
}