{
  "syst_jes": 0.0,
  "syst_tag": 33,
  "syst_met_px": 1.7289443016052246,
  "syst_met_py": 0.46359488368034363
}