{
    "haa_ma30": [
        0.06794742259456248,
        0.088436412425053,
        0.12454985378591474,
        0.16821757303085494,
        0.22523545986220717
    ],
    "haa_ma40": [
        0.192732604957084,
        0.2582153711823421,
        0.3596293963352427,
        0.4980147465869179,
        0.6674553388972576
    ],
    "haa_ma60": [
        0.15321154285713023,
        0.20206320656951854,
        0.2825099614906717,
        0.39099542143557486,
        0.5265327763065029
    ]
}