{
  "All Four True":{
    "Count":13970,
    "Total":16949,
    "Percentage":82.4237418137
  },
  "All Events":{
    "Count":13970,
    "Total":19478,
    "Percentage":71.7219427046
  }
}