{
    "haa_ma30": [
        0.07644073735003593,
        0.10699109916802366,
        0.1445206017889821,
        0.2022201271043585,
        0.2726380589780676
    ],
    "haa_ma40": [
        0.040735277501865175,
        0.055247729105896475,
        0.07134945352312945,
        0.1012830227004621,
        0.1367715911339094
    ],
    "haa_ma60": [
        0.035847473491053994,
        0.04987064292317216,
        0.06602448327703582,
        0.09580978112390028,
        0.12707765592859047
    ]
}