{
    "haa_ma30": [
        0.06684786368352064,
        0.08790408589967406,
        0.11954927242885623,
        0.1662321151104724,
        0.22272936366392382
    ],
    "haa_ma40": [
        0.050263995604377124,
        0.06927258021786724,
        0.09799527648295016,
        0.13158802101308803,
        0.18080857013744536
    ],
    "haa_ma60": [
        0.05526644270992447,
        0.07031117119028112,
        0.10231492073151088,
        0.14141012116002938,
        0.1846909989658901
    ]
}