{
    "30": {
        "classification": 0.5694580078125,
        "segmentation": 1.3091626167297363,
        "total_loss": 1.8786206245422363
    }
}