{
    "haa_ma30": [
        0.025593539777833702,
        0.030593539777833717,
        0.03987837709107464,
        0.05518707955566741,
        0.07554824605050335
    ],
    "haa_ma40": [
        0.02058977990602853,
        0.02558977990602854,
        0.038742238747050635,
        0.054074800101247995,
        0.06920364904554892
    ],
    "haa_ma60": [
        0.020589414143792634,
        0.025589414143792646,
        0.0386128664059221,
        0.05387216760051569,
        0.06903593299390055
    ]
}