{
  "syst_jes": 0.0,
  "syst_tag": 27,
  "syst_met_px": 0.9765104651451111,
  "syst_met_py": 0.11422291398048401
}