{
    "haa_ma30": [
        0.032087467714244616,
        0.044346937656816895,
        0.06023166384171402,
        0.08251315052451849,
        0.11290877541488184
    ],
    "haa_ma40": [
        0.03060962595127273,
        0.03622654241489781,
        0.050219251902545406,
        0.06932015763070852,
        0.0955358712582082
    ],
    "haa_ma60": [
        0.025604130942665664,
        0.03560413094266569,
        0.04835625463359752,
        0.06902954133224852,
        0.08978830228246584
    ]
}