{
    "haa_ma30": {
        "haa_ma30/Purity/*a_thirty/event_proportion": 0.1429258035998184,
        "haa_ma30/Purity/*a_thirty/event_proportion-unc": 0.0003355188737915341,
        "haa_ma30/Purity/*a_thirty/event_purity": 0.582323326496364,
        "haa_ma30/Purity/*a_thirty/event_purity-unc": 0.0012505449503368152,
        "haa_ma30/Purity/*a_thirty/a_thirty_purity": 0.6363520709521473,
        "haa_ma30/Purity/*a_thirty/a_thirty_purity-unc": 0.0010253854763687365,
        "haa_ma30/Purity/0a_thirty/event_proportion": 0.8570741964001816,
        "haa_ma30/Purity/0a_thirty/event_proportion-unc": 0.0003355188737915341,
        "haa_ma30/Purity/0a_thirty/event_purity": 1.0,
        "haa_ma30/Purity/0a_thirty/event_purity-unc": 0.0,
        "haa_ma30/Purity/0a_thirty/a_thirty_purity": 0,
        "haa_ma30/Purity/0a_thirty/a_thirty_purity-unc": 0,
        "haa_ma30/Purity/1a_thirty/event_proportion": 0.08359202548140633,
        "haa_ma30/Purity/1a_thirty/event_proportion-unc": 0.0002653256751852556,
        "haa_ma30/Purity/1a_thirty/event_purity": 0.6957410786922011,
        "haa_ma30/Purity/1a_thirty/event_purity-unc": 0.0015255114910699577,
        "haa_ma30/Purity/1a_thirty/a_thirty_purity": 0.6957410786922011,
        "haa_ma30/Purity/1a_thirty/a_thirty_purity-unc": 0.0015255114910699577,
        "haa_ma30/Purity/2a_thirty/event_proportion": 0.05933377811841208,
        "haa_ma30/Purity/2a_thirty/event_proportion-unc": 0.00022647548595270417,
        "haa_ma30/Purity/2a_thirty/event_purity": 0.4225354294122202,
        "haa_ma30/Purity/2a_thirty/event_purity-unc": 0.0019439973089261792,
        "haa_ma30/Purity/2a_thirty/a_thirty_purity": 0.5945171532564083,
        "haa_ma30/Purity/2a_thirty/a_thirty_purity-unc": 0.0013663276675568343
    },
    "haa_ma40": {
        "haa_ma40/Purity/*a_forty/event_proportion": 0.15903639352804305,
        "haa_ma40/Purity/*a_forty/event_proportion-unc": 0.00034663133355516235,
        "haa_ma40/Purity/*a_forty/event_purity": 0.3561361389634232,
        "haa_ma40/Purity/*a_forty/event_purity-unc": 0.00113811919039954,
        "haa_ma40/Purity/*a_forty/a_forty_purity": 0.3997946546536986,
        "haa_ma40/Purity/*a_forty/a_forty_purity-unc": 0.0009772057251621494,
        "haa_ma40/Purity/0a_forty/event_proportion": 0.840963606471957,
        "haa_ma40/Purity/0a_forty/event_proportion-unc": 0.0003466313335551623,
        "haa_ma40/Purity/0a_forty/event_purity": 1.0,
        "haa_ma40/Purity/0a_forty/event_purity-unc": 0.0,
        "haa_ma40/Purity/0a_forty/a_forty_purity": 0,
        "haa_ma40/Purity/0a_forty/a_forty_purity-unc": 0,
        "haa_ma40/Purity/1a_forty/event_proportion": 0.092323310364654,
        "haa_ma40/Purity/1a_forty/event_proportion-unc": 0.00027437986184125564,
        "haa_ma40/Purity/1a_forty/event_purity": 0.4467041628554191,
        "haa_ma40/Purity/1a_forty/event_purity-unc": 0.0015508292189042895,
        "haa_ma40/Purity/1a_forty/a_forty_purity": 0.4467041628554191,
        "haa_ma40/Purity/1a_forty/a_forty_purity-unc": 0.0015508292189042895,
        "haa_ma40/Purity/2a_forty/event_proportion": 0.06671308316338906,
        "haa_ma40/Purity/2a_forty/event_proportion-unc": 0.00023650702913292774,
        "haa_ma40/Purity/2a_forty/event_purity": 0.2308003070334909,
        "haa_ma40/Purity/2a_forty/event_purity-unc": 0.0015461911884169682,
        "haa_ma40/Purity/2a_forty/a_forty_purity": 0.36733594581128215,
        "haa_ma40/Purity/2a_forty/a_forty_purity-unc": 0.0012509177302147453
    },
    "haa_ma60": {
        "haa_ma60/Purity/*a_sixty/event_proportion": 0.15773325447286707,
        "haa_ma60/Purity/*a_sixty/event_proportion-unc": 0.0003460946145084003,
        "haa_ma60/Purity/*a_sixty/event_purity": 0.2578266560729821,
        "haa_ma60/Purity/*a_sixty/event_purity-unc": 0.0010458353910069232,
        "haa_ma60/Purity/*a_sixty/a_sixty_purity": 0.28119906562413155,
        "haa_ma60/Purity/*a_sixty/a_sixty_purity-unc": 0.0008712581867219687,
        "haa_ma60/Purity/0a_sixty/event_proportion": 0.8422667455271329,
        "haa_ma60/Purity/0a_sixty/event_proportion-unc": 0.0003460946145084004,
        "haa_ma60/Purity/0a_sixty/event_purity": 1.0,
        "haa_ma60/Purity/0a_sixty/event_purity-unc": 0.0,
        "haa_ma60/Purity/0a_sixty/a_sixty_purity": 0,
        "haa_ma60/Purity/0a_sixty/a_sixty_purity-unc": 0,
        "haa_ma60/Purity/1a_sixty/event_proportion": 0.07539228874471209,
        "haa_ma60/Purity/1a_sixty/event_proportion-unc": 0.0002506978455371137,
        "haa_ma60/Purity/1a_sixty/event_purity": 0.36478115283425017,
        "haa_ma60/Purity/1a_sixty/event_purity-unc": 0.001664649488993116,
        "haa_ma60/Purity/1a_sixty/a_sixty_purity": 0.36478115283425017,
        "haa_ma60/Purity/1a_sixty/a_sixty_purity-unc": 0.001664649488993116,
        "haa_ma60/Purity/2a_sixty/event_proportion": 0.08234096572815498,
        "haa_ma60/Purity/2a_sixty/event_proportion-unc": 0.0002610099314998339,
        "haa_ma60/Purity/2a_sixty/event_purity": 0.15989794912785923,
        "haa_ma60/Purity/2a_sixty/event_purity-unc": 0.0012127963278522414,
        "haa_ma60/Purity/2a_sixty/a_sixty_purity": 0.2429347290505546,
        "haa_ma60/Purity/2a_sixty/a_sixty_purity-unc": 0.0010034526184238188
    }
}