{
  "All Four True":{
    "Count":14445,
    "Total":17568,
    "Percentage":82.2233606557
  },
  "All Events":{
    "Count":14445,
    "Total":20222,
    "Percentage":71.4321036495
  }
}