{
  "All Four True":{
    "Count":14483,
    "Total":17594,
    "Percentage":82.3178356258
  },
  "All Events":{
    "Count":14483,
    "Total":20253,
    "Percentage":71.5103935219
  }
}