{
  "All Four True":{
    "Count":14450,
    "Total":17568,
    "Percentage":82.2518214936
  },
  "All Events":{
    "Count":14450,
    "Total":20222,
    "Percentage":71.4568291959
  }
}