{
    "30": {
        "classification": 0.8322961926460266,
        "segmentation": 3.2178995609283447,
        "total_loss": 4.050195753574371
    },
    "40": {
        "classification": 0.5893005728721619,
        "segmentation": 1.8330847024917603,
        "total_loss": 2.422385275363922
    },
    "60": {
        "classification": 0.6089188456535339,
        "segmentation": 2.0762252807617188,
        "total_loss": 2.6851441264152527
    }
}