{
    "30": {
        "classification": 0.8321031928062439,
        "assignment": 4.174038410186768,
        "segmentation": 3.2177999019622803,
        "total_loss": 8.223941504955292
    }
}