{
    "30": {
        "classification": 0.399000883102417,
        "assignment": 1.8771809339523315,
        "segmentation": 0.8231610655784607,
        "total_loss": 3.0993428826332092
    }
}