{
    "30": {
        "classification": 0.613480269908905,
        "assignment": 2.7659664154052734,
        "total_loss": 3.3794466853141785
    }
}