{
    "40": {
        "classification": 0.5931788086891174,
        "total_loss": 0.5931788086891174
    },
    "60": {
        "classification": 0.6077449917793274,
        "total_loss": 0.6077449917793274
    },
    "30": {
        "classification": 0.6135682463645935,
        "total_loss": 0.6135682463645935
    }
}