{
  "All Four True":{
    "Count":14037,
    "Total":17088,
    "Percentage":82.1453651685
  },
  "All Events":{
    "Count":14037,
    "Total":19639,
    "Percentage":71.4751260247
  }
}