{
  "syst_jes": 0.0,
  "syst_tag": 21,
  "syst_met_px": 0.7070918679237366,
  "syst_met_py": 0.5819036364555359
}