{
    "30": {
        "classification": 0.5289207100868225,
        "assignment": 2.6281864643096924,
        "total_loss": 3.157107174396515
    }
}