{
    "60": {
        "classification": 0.49547991156578064,
        "total_loss": 0.49547991156578064
    },
    "40": {
        "classification": 0.49623316526412964,
        "total_loss": 0.49623316526412964
    },
    "30": {
        "classification": 0.5288000702857971,
        "total_loss": 0.5288000702857971
    }
}