{
    "haa_ma30": [
        0.02058232876470766,
        0.02558232876470767,
        0.035582328764707696,
        0.046267591683142706,
        0.06596936802177521
    ],
    "haa_ma40": [
        0.02058015853072625,
        0.02558015853072626,
        0.030580158530726275,
        0.04514474511219735,
        0.06016031706145255
    ],
    "haa_ma60": [
        0.020587131613166377,
        0.025587131613166388,
        0.03878856356170132,
        0.052809701625498966,
        0.06791593084507638
    ]
}