{
    "haa_ma30": {
        "haa_ma30/Purity/*a_thirty/event_proportion": 0.1429258035998184,
        "haa_ma30/Purity/*a_thirty/event_proportion-unc": 0.0003355188737915341,
        "haa_ma30/Purity/*a_thirty/event_purity": 0.7751387218939477,
        "haa_ma30/Purity/*a_thirty/event_purity-unc": 0.0010586299004672055,
        "haa_ma30/Purity/*a_thirty/a_thirty_purity": 0.8260272976755175,
        "haa_ma30/Purity/*a_thirty/a_thirty_purity-unc": 0.0008080451466071333,
        "haa_ma30/Purity/0a_thirty/event_proportion": 0.8570741964001816,
        "haa_ma30/Purity/0a_thirty/event_proportion-unc": 0.0003355188737915341,
        "haa_ma30/Purity/0a_thirty/event_purity": 1.0,
        "haa_ma30/Purity/0a_thirty/event_purity-unc": 0.0,
        "haa_ma30/Purity/0a_thirty/a_thirty_purity": 0,
        "haa_ma30/Purity/0a_thirty/a_thirty_purity-unc": 0,
        "haa_ma30/Purity/1a_thirty/event_proportion": 0.08359202548140633,
        "haa_ma30/Purity/1a_thirty/event_proportion-unc": 0.0002653256751852556,
        "haa_ma30/Purity/1a_thirty/event_purity": 0.857533915261318,
        "haa_ma30/Purity/1a_thirty/event_purity-unc": 0.0011589145005633605,
        "haa_ma30/Purity/1a_thirty/a_thirty_purity": 0.857533915261318,
        "haa_ma30/Purity/1a_thirty/a_thirty_purity-unc": 0.0011589145005633605,
        "haa_ma30/Purity/2a_thirty/event_proportion": 0.05933377811841208,
        "haa_ma30/Purity/2a_thirty/event_proportion-unc": 0.00022647548595270417,
        "haa_ma30/Purity/2a_thirty/event_purity": 0.6590567645008906,
        "haa_ma30/Purity/2a_thirty/event_purity-unc": 0.0018655370231730512,
        "haa_ma30/Purity/2a_thirty/a_thirty_purity": 0.8038333462402231,
        "haa_ma30/Purity/2a_thirty/a_thirty_purity-unc": 0.0011050502462405251
    }
}