{
    "haa_ma30": {
        "haa_ma30/Purity/*a_thirty/event_proportion": 0.1429258035998184,
        "haa_ma30/Purity/*a_thirty/event_proportion-unc": 0.0003355188737915341,
        "haa_ma30/Purity/*a_thirty/event_purity": 0.7730683418313219,
        "haa_ma30/Purity/*a_thirty/event_purity-unc": 0.0010620710969355624,
        "haa_ma30/Purity/*a_thirty/a_thirty_purity": 0.8244734020318776,
        "haa_ma30/Purity/*a_thirty/a_thirty_purity-unc": 0.0008108820075804088,
        "haa_ma30/Purity/0a_thirty/event_proportion": 0.8570741964001816,
        "haa_ma30/Purity/0a_thirty/event_proportion-unc": 0.0003355188737915341,
        "haa_ma30/Purity/0a_thirty/event_purity": 1.0,
        "haa_ma30/Purity/0a_thirty/event_purity-unc": 0.0,
        "haa_ma30/Purity/0a_thirty/a_thirty_purity": 0,
        "haa_ma30/Purity/0a_thirty/a_thirty_purity-unc": 0,
        "haa_ma30/Purity/1a_thirty/event_proportion": 0.08359202548140633,
        "haa_ma30/Purity/1a_thirty/event_proportion-unc": 0.0002653256751852556,
        "haa_ma30/Purity/1a_thirty/event_purity": 0.8565005166992811,
        "haa_ma30/Purity/1a_thirty/event_purity-unc": 0.0011624090511303457,
        "haa_ma30/Purity/1a_thirty/a_thirty_purity": 0.8565005166992811,
        "haa_ma30/Purity/1a_thirty/a_thirty_purity-unc": 0.0011624090511303457,
        "haa_ma30/Purity/2a_thirty/event_proportion": 0.05933377811841208,
        "haa_ma30/Purity/2a_thirty/event_proportion-unc": 0.00022647548595270417,
        "haa_ma30/Purity/2a_thirty/event_purity": 0.6555254394795942,
        "haa_ma30/Purity/2a_thirty/event_purity-unc": 0.00187014282277264,
        "haa_ma30/Purity/2a_thirty/a_thirty_purity": 0.8019128010532022,
        "haa_ma30/Purity/2a_thirty/a_thirty_purity-unc": 0.0011091191479226997
    },
    "haa_ma60": {
        "haa_ma60/Purity/*a_sixty/event_proportion": 0.15773325447286707,
        "haa_ma60/Purity/*a_sixty/event_proportion-unc": 0.0003460946145084003,
        "haa_ma60/Purity/*a_sixty/event_purity": 0.6076811834441288,
        "haa_ma60/Purity/*a_sixty/event_purity-unc": 0.0011673584030158488,
        "haa_ma60/Purity/*a_sixty/a_sixty_purity": 0.6972554586628811,
        "haa_ma60/Purity/*a_sixty/a_sixty_purity-unc": 0.000890368405865745,
        "haa_ma60/Purity/0a_sixty/event_proportion": 0.8422667455271329,
        "haa_ma60/Purity/0a_sixty/event_proportion-unc": 0.0003460946145084004,
        "haa_ma60/Purity/0a_sixty/event_purity": 1.0,
        "haa_ma60/Purity/0a_sixty/event_purity-unc": 0.0,
        "haa_ma60/Purity/0a_sixty/a_sixty_purity": 0,
        "haa_ma60/Purity/0a_sixty/a_sixty_purity-unc": 0,
        "haa_ma60/Purity/1a_sixty/event_proportion": 0.07539228874471209,
        "haa_ma60/Purity/1a_sixty/event_proportion-unc": 0.0002506978455371137,
        "haa_ma60/Purity/1a_sixty/event_purity": 0.7137287730208084,
        "haa_ma60/Purity/1a_sixty/event_purity-unc": 0.0015631489767604476,
        "haa_ma60/Purity/1a_sixty/a_sixty_purity": 0.7137287730208084,
        "haa_ma60/Purity/1a_sixty/a_sixty_purity-unc": 0.0015631489767604476,
        "haa_ma60/Purity/2a_sixty/event_proportion": 0.08234096572815498,
        "haa_ma60/Purity/2a_sixty/event_proportion-unc": 0.0002610099314998339,
        "haa_ma60/Purity/2a_sixty/event_purity": 0.510582850635628,
        "haa_ma60/Purity/2a_sixty/event_purity-unc": 0.001654143213756458,
        "haa_ma60/Purity/2a_sixty/a_sixty_purity": 0.6897138852694165,
        "haa_ma60/Purity/2a_sixty/a_sixty_purity-unc": 0.0010824330935824769
    },
    "haa_ma40": {
        "haa_ma40/Purity/*a_forty/event_proportion": 0.15903639352804305,
        "haa_ma40/Purity/*a_forty/event_proportion-unc": 0.00034663133355516235,
        "haa_ma40/Purity/*a_forty/event_purity": 0.7040926422821635,
        "haa_ma40/Purity/*a_forty/event_purity-unc": 0.0010848644636469694,
        "haa_ma40/Purity/*a_forty/a_forty_purity": 0.7631803059486477,
        "haa_ma40/Purity/*a_forty/a_forty_purity-unc": 0.0008480863375882135,
        "haa_ma40/Purity/0a_forty/event_proportion": 0.840963606471957,
        "haa_ma40/Purity/0a_forty/event_proportion-unc": 0.0003466313335551623,
        "haa_ma40/Purity/0a_forty/event_purity": 1.0,
        "haa_ma40/Purity/0a_forty/event_purity-unc": 0.0,
        "haa_ma40/Purity/0a_forty/a_forty_purity": 0,
        "haa_ma40/Purity/0a_forty/a_forty_purity-unc": 0,
        "haa_ma40/Purity/1a_forty/event_proportion": 0.092323310364654,
        "haa_ma40/Purity/1a_forty/event_proportion-unc": 0.00027437986184125564,
        "haa_ma40/Purity/1a_forty/event_purity": 0.7831091995407041,
        "haa_ma40/Purity/1a_forty/event_purity-unc": 0.0012856033705860729,
        "haa_ma40/Purity/1a_forty/a_forty_purity": 0.7831091995407041,
        "haa_ma40/Purity/1a_forty/a_forty_purity-unc": 0.0012856033705860729,
        "haa_ma40/Purity/2a_forty/event_proportion": 0.06671308316338906,
        "haa_ma40/Purity/2a_forty/event_proportion-unc": 0.00023650702913292774,
        "haa_ma40/Purity/2a_forty/event_purity": 0.5947427247875678,
        "haa_ma40/Purity/2a_forty/event_purity-unc": 0.0018015877943942738,
        "haa_ma40/Purity/2a_forty/a_forty_purity": 0.7493906462516328,
        "haa_ma40/Purity/2a_forty/a_forty_purity-unc": 0.0011245097522543568
    }
}