{
  "All Four True":{
    "Count":13999,
    "Total":17017,
    "Percentage":82.2647940295
  },
  "All Events":{
    "Count":13999,
    "Total":19556,
    "Percentage":71.5841685416
  }
}