{
    "haa_ma30": [
        0.03443606950450228,
        0.046519254859087956,
        0.060234182644087704,
        0.08468198211140951,
        0.11446836528817536
    ],
    "haa_ma40": [
        0.025606104389768642,
        0.03769474951634108,
        0.045841761844433726,
        0.06881180774330496,
        0.08749650884243565
    ],
    "haa_ma60": [
        0.025601339415891457,
        0.030601339415891472,
        0.046824334500549084,
        0.060202678831782944,
        0.08143459604963814
    ]
}