{
    "30": {
        "classification": 0.3993307948112488,
        "segmentation": 0.8008180260658264,
        "total_loss": 1.2001488208770752
    }
}