{
    "40": {
        "classification": 0.4346279799938202,
        "segmentation": 1.0831952095031738,
        "total_loss": 1.517823189496994
    },
    "30": {
        "classification": 0.39918604493141174,
        "segmentation": 0.8005816340446472,
        "total_loss": 1.199767678976059
    },
    "60": {
        "classification": 0.4601176679134369,
        "segmentation": 1.2543325424194336,
        "total_loss": 1.7144502103328705
    }
}